{"type":"FeatureCollection","features":[{"type":"Feature","id":3,"geometry":{"type":"Polygon","coordinates":[[[41.971283550493133,34.356509964745584],[41.971288246095668,34.356510463623479],[41.971292767497914,34.356511631062041],[41.971296974297438,34.356513430810708],[41.971300740722633,34.35651581003836],[41.971303952247553,34.356518695809967],[41.971306510094863,34.356521999484244],[41.971308337910564,34.356525621058353],[41.971309378601667,34.356529451948987],[41.971309601905986,34.356533373907041],[41.971290040559182,34.356938502956048],[41.971289536329742,34.356942013523707],[41.971288377185189,34.356945414707432],[41.971286589519913,34.356948622937558],[41.971284219498372,34.356951560473931],[41.971281323249592,34.356954154742617],[41.971277974564408,34.356956340853252],[41.971274254162971,34.356958065465257],[41.971270255092868,34.356959285755359],[41.971266074168547,34.356959973231071],[41.971261815070186,34.356960109148552],[41.970773312037714,34.356943885265821],[41.970768616412322,34.356943386369267],[41.970764096078177,34.356942218885834],[41.970759888180545,34.35694041914585],[41.970756121749467,34.356938039901863],[41.970752910256948,34.356935155016494],[41.970750352384933,34.356931850429717],[41.970748525668434,34.356928228820301],[41.970747483910259,34.356924397950415],[41.970747260629672,34.356920475990236],[41.97076682460191,34.356515346891065],[41.970767426134813,34.356511451769421],[41.970768832786632,34.356507702949145],[41.97077100400849,34.356504214089632],[41.970773872870467,34.356501090477103],[41.97077735142777,34.356498427091424],[41.970781334969175,34.356496305798721],[41.97078570291216,34.356494789921378],[41.970790321038415,34.356493925986413],[41.970795050086103,34.356493740812681],[41.971283550493133,34.356509964745584]]]},"properties":{"OBJECTID":3,"Name":"خضراء","اسم_المؤسس":" ","Shape_Length":195.68900062030721,"Shape_Area":2494.5393021227328,"رقم_القطعة":null}},{"type":"Feature","id":4,"geometry":{"type":"Polygon","coordinates":[[[41.973346106106369,34.356578445910522],[41.973350339111519,34.356578864012057],[41.973354439182089,34.356579826182404],[41.973358308744665,34.356581308653162],[41.973361850834301,34.356583274120176],[41.973364978995441,34.356585675108498],[41.973367615078189,34.356588453124488],[41.973369694636261,34.356591537623288],[41.97337116724529,34.35659485501489],[41.973371995194078,34.356598322386333],[41.973372159169031,34.356601854574578],[41.973352607798937,34.357006983432591],[41.973352103624272,34.35701049310363],[41.973350943477968,34.357013894328986],[41.973349155924296,34.357017103485852],[41.973346785976133,34.35702004105854],[41.973343889760692,34.357022634472273],[41.973340541130838,34.357024820636767],[41.973336821891365,34.357026546183725],[41.97333282176718,34.357027766566326],[41.973328640861709,34.357028454111912],[41.973324381768677,34.357028590101301],[41.972835879617726,34.357012373578989],[41.97283164770959,34.357011956334908],[41.972827546536251,34.357010994174232],[41.972823676961411,34.357009511687309],[41.972820134864456,34.357007546205089],[41.972817007787164,34.357005145176586],[41.972814371707599,34.357002367148596],[41.972812291040107,34.356999281765788],[41.97281081956212,34.356995965241083],[41.97280999054508,34.356992497891426],[41.972809826591678,34.356988965701419],[41.972829381673186,34.35658383676671],[41.972829884750865,34.356580326222385],[41.972831044913967,34.356576925000965],[41.972832831425769,34.356573716777937],[41.972835202467223,34.356570779188381],[41.972838098652922,34.356568184885901],[41.972841447279592,34.356565998735306],[41.972845167628506,34.356564274078067],[41.972849166653475,34.356563053738519],[41.972853347541253,34.356562366210305],[41.972857606612713,34.356562230238524],[41.973346106106369,34.356578445910522]]]},"properties":{"OBJECTID":4,"Name":"خضراء","اسم_المؤسس":" ","Shape_Length":195.69183878400742,"Shape_Area":2494.5534645410808,"رقم_القطعة":"9395"}},{"type":"Feature","id":5,"geometry":{"type":"Polygon","coordinates":[[[41.975408663532093,34.356646892058102],[41.975412895459613,34.356647310113885],[41.975416996637897,34.356648272187194],[41.975420866203294,34.356649753689943],[41.975424408371495,34.356651719995099],[41.975427535504295,34.356654120953813],[41.975430171622314,34.356656898020994],[41.975432251287167,34.356659983381235],[41.975433723977119,34.356663300743648],[41.975434552010839,34.356666768096616],[41.975434717126717,34.356670299350483],[41.975415174679299,34.357075428944015],[41.975414670591221,34.357078938619075],[41.975413511615109,34.357082339833255],[41.975411724141225,34.357085549016233],[41.975409354266439,34.357088486625237],[41.975406458116154,34.357091080084636],[41.97540310845568,34.357093266329393],[41.975399389228542,34.357094991036448],[41.975395390254057,34.357096212359366],[41.975391209335598,34.357096899074193],[41.975386950279734,34.357097036036109],[41.974898446871045,34.35708082782768],[41.974894214922756,34.357080409755127],[41.974890113759507,34.35707944856572],[41.97488624523595,34.357077966119782],[41.974882703092284,34.357076000700033],[41.974879574839562,34.35707359885334],[41.974876938724719,34.357070821774151],[41.974874859068237,34.357067736404119],[41.974873386423376,34.357064419935],[41.97487255840737,34.35706095257742],[41.974872394367146,34.357057420394753],[41.974891938354084,34.356652290777184],[41.974892442462959,34.35664878110309],[41.97489360254184,34.356645379866414],[41.974895388973884,34.35664217161731],[41.974897759941953,34.356639233991402],[41.974900654976516,34.356636639669674],[41.974904003547849,34.356634453465233],[41.974907723852603,34.356632728747257],[41.974911723899794,34.35663150741459],[41.974915904800554,34.356630820717122],[41.974920162780734,34.356630684699866],[41.975408663532093,34.356646892058102]]]},"properties":{"OBJECTID":5,"Name":"خضراء","اسم_المؤسس":" ","Shape_Length":195.69179214179636,"Shape_Area":2494.5533514142289,"رقم_القطعة":"9394"}},{"type":"Feature","id":6,"geometry":{"type":"Polygon","coordinates":[[[41.977443876649822,34.357282483460367],[41.977448108614368,34.357282901443426],[41.977452208756368,34.357283863471942],[41.977456079500705,34.357285345780895],[41.977459620622128,34.357287311148809],[41.977462748920111,34.35728971202451],[41.977465385155462,34.357292489943603],[41.977467464878018,34.357295574363597],[41.977468937659488,34.357298891696409],[41.977469765784377,34.357302359030562],[41.977469929934756,34.357305891203893],[41.977450398461798,34.357711019655227],[41.97744989445755,34.357714529334125],[41.977448734472489,34.357717930589907],[41.977446948152874,34.357721139772579],[41.977444577250012,34.357724077444452],[41.977441682231756,34.357726670923284],[41.977438333690358,34.357728857195752],[41.977434613428436,34.357730582890945],[41.977430613341198,34.357731803406217],[41.977426432445299,34.35773249109203],[41.977422173334134,34.357732627225758],[41.976933667564118,34.357716428242774],[41.976928971876596,34.357715929587165],[41.976924450345813,34.357714762364814],[41.97692024337838,34.357712962819633],[41.976916476751008,34.357710583776701],[41.9769132649959,34.357707698165505],[41.976910706897478,34.357704394622523],[41.976908878817213,34.357700773146753],[41.976907836769961,34.357696942344944],[41.976907613197959,34.357693020411553],[41.976927148382458,34.357287891883217],[41.976927652375636,34.357284381304638],[41.976928811291536,34.357280980079224],[41.976930598741269,34.357277771777554],[41.976932969651443,34.357274834115216],[41.976935864639934,34.357272239747623],[41.976939213178163,34.357270053489046],[41.97694293346359,34.357268328709978],[41.976946932451618,34.357267108237814],[41.976951113329825,34.35726642056936],[41.976955372419418,34.357266284453253],[41.977443876649822,34.357282483460367]]]},"properties":{"OBJECTID":6,"Name":"خضراء","اسم_المؤسس":" ","Shape_Length":195.69089613313341,"Shape_Area":2494.5511528664715,"رقم_القطعة":"9391"}},{"type":"Feature","id":7,"geometry":{"type":"Polygon","coordinates":[[[41.968972489643207,34.357965895681126],[41.968989750333677,34.357968220531802],[41.969006337814292,34.357972812509665],[41.969021821772486,34.357979551358362],[41.969077817887303,34.358008915231785],[41.968842382634861,34.358317700646836],[41.968855200210314,34.358052102163704],[41.968857302860236,34.358037705395979],[41.968862164259235,34.358023775289496],[41.968869656901781,34.358010671892103],[41.968879587360867,34.357998735218196],[41.968891698078721,34.357988274388426],[41.968905675800357,34.357979560214062],[41.968921157867101,34.357972818734346],[41.968937743939726,34.357968224622319],[41.968955003473127,34.357965897397818],[41.968972489643207,34.357965895681126]]]},"properties":{"OBJECTID":7,"Name":"خضراء","اسم_المؤسس":" ","Shape_Length":97.070680604214999,"Shape_Area":405.90550471338531,"رقم_القطعة":null}},{"type":"Feature","id":8,"geometry":{"type":"Polygon","coordinates":[[[41.98139399615151,34.357777936090926],[41.981398515595266,34.357779104098014],[41.981402723768184,34.357780904357966],[41.981838932437796,34.358009587414223],[41.981559122343825,34.358376675820459],[41.981099952039308,34.358135956313774],[41.981365252075328,34.357787908494785],[41.981368120564859,34.357784784652353],[41.981371599963381,34.357782122755054],[41.981375584355511,34.357780001101695],[41.981379952175537,34.357778485753016],[41.981384570263948,34.357777622320427],[41.981389299361112,34.357777437634773],[41.98139399615151,34.357777936090926]]]},"properties":{"OBJECTID":8,"Name":"خضراء","اسم_المؤسس":" ","Shape_Length":195.32199510219027,"Shape_Area":2408.6341774728762,"رقم_القطعة":"5733"}},{"type":"Feature","id":9,"geometry":{"type":"Polygon","coordinates":[[[41.969383181358062,34.358811560837637],[41.969387380739491,34.358812162873818],[41.969391415409831,34.358813302535495],[41.969395185462965,34.35881495160077],[41.96980841437442,34.359031640218454],[41.969812179793209,34.359034019513835],[41.969815390286762,34.359036905347573],[41.969817948193842,34.359040209951495],[41.969819774955873,34.359043832474065],[41.969820814502164,34.359047662503677],[41.969821037752801,34.359051584466329],[41.969820435080422,34.35905547961152],[41.969819027233633,34.359059227549672],[41.969816854827002,34.359062716422869],[41.96955556749684,34.359405411377921],[41.969552697410442,34.359408534994458],[41.969549217580422,34.359411197478202],[41.969545232754463,34.359413317864416],[41.969540864606252,34.359414832805228],[41.969536246273542,34.359415695801012],[41.969531517023661,34.359415880034035],[41.969526821262797,34.359415381096738],[41.969522300775068,34.359414212673165],[41.969518093827212,34.359412411969117],[41.969104863643409,34.359195722439736],[41.969101098235406,34.359193343121959],[41.969097886672579,34.359190457294922],[41.969095329873653,34.359187152648389],[41.969093503138446,34.359183530113604],[41.969092462536693,34.359179700102601],[41.969092240373364,34.359175777209956],[41.969092842026015,34.359171882993607],[41.969094250961518,34.359168134135111],[41.969096422315538,34.359164645299472],[41.96935771203583,34.358821952130349],[41.96936026530625,34.358819121952955],[41.969363321679786,34.358816657246145],[41.969366805095177,34.358814620250122],[41.969370629240338,34.358813059932913],[41.969374700937564,34.358812015514005],[41.969378918898535,34.358811511987355],[41.969383181358062,34.358811560837637]]]},"properties":{"OBJECTID":9,"Name":"خضراء","اسم_المؤسس":" ","Shape_Length":195.68901016582927,"Shape_Area":2494.5404443428965,"رقم_القطعة":null}},{"type":"Feature","id":10,"geometry":{"type":"Polygon","coordinates":[[[41.973080540637895,34.358724901843985],[41.973084741117795,34.358725503725552],[41.973088775824785,34.358726643262756],[41.973092545937817,34.358728292210394],[41.97350578296097,34.35894496695164],[41.973509194693868,34.358947085211824],[41.97351216677837,34.358949618887209],[41.973514623170438,34.358952507630384],[41.973516504787966,34.358955678963369],[41.973517764335504,34.358959055614697],[41.973518372756565,34.358962553559635],[41.973518312940485,34.358966088483093],[41.973517587165226,34.358969571091535],[41.973516213103679,34.358972917125556],[41.973514224782193,34.35897604373087],[41.973252952285506,34.359318745823494],[41.97325039913845,34.359321576075992],[41.973247343923191,34.35932403994785],[41.973243860590067,34.359326077050568],[41.973240036503377,34.359327637486345],[41.973235964871279,34.359328682933395],[41.973231745831775,34.359329186619703],[41.973227484408064,34.35932913697814],[41.973223284983007,34.359328535076756],[41.973219250245023,34.359327395545691],[41.97321548013386,34.359325747504258],[41.972802241806164,34.359109070950836],[41.972798829028534,34.359106953597383],[41.972795858012475,34.359104418976862],[41.97279340163918,34.35910153021824],[41.972791520044417,34.359098358872942],[41.972790259436977,34.359094982239178],[41.972789652130579,34.359091484262741],[41.972789711977029,34.359087949338104],[41.972790437783424,34.359084466732419],[41.972791811875979,34.359081120705021],[41.972793799141428,34.359077994136378],[41.973055072910832,34.358735292955295],[41.973057626048451,34.358732462707238],[41.973060682335422,34.358729998814354],[41.97306416456378,34.358727961744144],[41.973067989713698,34.358726401288585],[41.97307206135153,34.358725356749069],[41.973076279244545,34.358724852195536],[41.973080540637895,34.358724901843985]]]},"properties":{"OBJECTID":10,"Name":"خضراء","اسم_المؤسس":" ","Shape_Length":195.69182678488818,"Shape_Area":2494.5558126012234,"رقم_القطعة":"9379"}},{"type":"Feature","id":11,"geometry":{"type":"Polygon","coordinates":[[[41.97618637275923,34.359503075223593],[41.976190893325814,34.359504243395534],[41.976195100403984,34.359506043862126],[41.976608347553643,34.359722708397157],[41.976611760445373,34.35972482563772],[41.976614732678833,34.35972736013165],[41.976617189165722,34.359730247904771],[41.976619070948217,34.359733420083224],[41.976620330632038,34.359736796695088],[41.976620939189146,34.359740294617175],[41.976620879473742,34.359743828634365],[41.976620153856075,34.359747312155108],[41.976618779910325,34.359750658217884],[41.976616791691903,34.359753784868275],[41.976355530173393,34.360096493023661],[41.976352977082243,34.36009932243585],[41.97634992196916,34.36010178728236],[41.976346438687138,34.360103824471061],[41.976342614631122,34.360105385002612],[41.976338541890641,34.360106429678702],[41.976334323957047,34.360106934347336],[41.976330062500224,34.36010688481614],[41.976325863021742,34.360106283024642],[41.976321828211304,34.360105143600286],[41.976318057978631,34.360103494759144],[41.975904808469934,34.35988682933904],[41.975901041766839,34.359884450269121],[41.97589783104182,34.359881564608209],[41.975895273963189,34.359878260119309],[41.97589344695713,34.359874638603237],[41.975892406007048,34.359870807766512],[41.975892183554812,34.359866885803868],[41.975892784892331,34.359862991570594],[41.975894193527793,34.359859242649243],[41.975896364606008,34.359855753706896],[41.976157627397562,34.359513046462986],[41.976160496175837,34.359509923631016],[41.976163975785987,34.359507260969721],[41.976167960400971,34.359505139475544],[41.976172328416332,34.359503624303812],[41.976176946666641,34.359502761060526],[41.976181676973326,34.359502576544365],[41.97618637275923,34.359503075223593]]]},"properties":{"OBJECTID":11,"Name":"خضراء","اسم_المؤسس":" ","Shape_Length":195.68996406323367,"Shape_Area":2494.5433198827241,"رقم_القطعة":"9388"}},{"type":"Feature","id":12,"geometry":{"type":"Polygon","coordinates":[[[41.971127937473192,34.359726458260361],[41.9711321369088,34.359727060233467],[41.971136172697491,34.359728198906858],[41.9711399428232,34.359729847914167],[41.971255677601526,34.359790534226065],[41.971553180464404,34.359946530134685],[41.971556945971471,34.359948909371276],[41.971560156558809,34.359951795153862],[41.97156271456231,34.359955099715826],[41.971564541420456,34.359958722206883],[41.971565581059615,34.359962552216416],[41.971565804428927,34.359966475071623],[41.971565201802896,34.359970369320422],[41.971563794055037,34.359974118175572],[41.971561621702421,34.359977607076793],[41.971300338089947,34.360320304621894],[41.971297469128835,34.360323428250865],[41.971293989322156,34.360326090783076],[41.971290004502912,34.360328211225855],[41.971285636344554,34.360329726229693],[41.971281017985199,34.360330589293],[41.971276288724724,34.360330774496639],[41.971271592875226,34.360330274729037],[41.971267072349747,34.360329107274623],[41.971262865289958,34.360327305734558],[41.970849626376165,34.360110622602392],[41.970845860879891,34.36010824334339],[41.970842650309272,34.36010535754113],[41.970840092327926,34.360102052962944],[41.970838265496603,34.360098430459665],[41.970837224801976,34.360094600468749],[41.970837002583593,34.360090678484774],[41.970837604158078,34.360086784264226],[41.970839013026485,34.360083035389316],[41.970841184326474,34.360079546525668],[41.971058117269536,34.359795019927624],[41.971102469179705,34.359736848991602],[41.971105022414051,34.359734018779733],[41.971108077710177,34.359731554957563],[41.971111561115755,34.35972951791225],[41.971115386350739,34.359727957513797],[41.971119458033542,34.359726912135073],[41.971123676025002,34.359726408546408],[41.971127937473192,34.359726458260361]]]},"properties":{"OBJECTID":12,"Name":"خضراء","اسم_المؤسس":" ","Shape_Length":195.68895772182103,"Shape_Area":2494.5388208412887,"رقم_القطعة":"9375"}},{"type":"Feature","id":13,"geometry":{"type":"Polygon","coordinates":[[[41.985565856678292,34.359963303959475],[41.985569268700928,34.35996542096396],[41.985572241197069,34.359967955225358],[41.985574698017714,34.359970843702435],[41.985576580101984,34.35997401482426],[41.985577840143051,34.359977391324648],[41.985578449072129,34.359980889182417],[41.985578389766346,34.3599844240848],[41.985577664490762,34.359987906738716],[41.985576289820152,34.359991252910142],[41.985574303027072,34.359994379662552],[41.985309015933787,34.36034243593798],[41.984849825875585,34.36010173168706],[41.985129627278667,34.359734636259482],[41.985565856678292,34.359963303959475]]]},"properties":{"OBJECTID":13,"Name":"خضراء","اسم_المؤسس":" ","Shape_Length":195.32286568109134,"Shape_Area":2408.6368885622737,"رقم_القطعة":"5732"}},{"type":"Feature","id":14,"geometry":{"type":"Polygon","coordinates":[[[41.967122961795219,34.360777462704867],[41.966905207517797,34.361063037438555],[41.96653789019399,34.360870416837727],[41.966755645319552,34.360584842711908],[41.967122961795219,34.360777462704867]]]},"properties":{"OBJECTID":14,"Name":"خضراء","اسم_المؤسس":" ","Shape_Length":155.00000961814595,"Shape_Area":1500.0002422794134,"رقم_القطعة":null}},{"type":"Feature","id":15,"geometry":{"type":"Polygon","coordinates":[[[41.972872731501617,34.360641327744894],[41.972876932077405,34.360641929628535],[41.972880966876069,34.360643069167651],[41.972884737074345,34.36064471811698],[41.973297982327551,34.360861393065527],[41.973301747954736,34.360863773143947],[41.973304959721865,34.360866658848963],[41.973307516703947,34.360869962494732],[41.973309343658208,34.360873584954277],[41.973310384508096,34.360877415817953],[41.973310607932447,34.360881337764475],[41.973310005384576,34.360885232017502],[41.973308597703841,34.360888980889001],[41.973306425405234,34.360892469818253],[41.973045146660915,34.361235171728211],[41.973042277707279,34.361238294495379],[41.97303879683794,34.361240957102432],[41.973034813143244,34.361243078476022],[41.973030444974768,34.361244593542885],[41.973025826588753,34.361245456673707],[41.973021097254069,34.361245641046708],[41.973016400293552,34.361245142276466],[41.973011880752736,34.36124397396356],[41.973007673644624,34.361242173388767],[41.972594426000775,34.361025496654364],[41.97259101314647,34.361023379299482],[41.972588042064146,34.361020844677782],[41.972585585636665,34.361017955918321],[41.972583704001117,34.361014784572497],[41.972582443367287,34.361011407938584],[41.972581834963549,34.361007909988722],[41.972581894813999,34.361004375064624],[41.97258262172565,34.36100089243341],[41.972583994766204,34.360997546433595],[41.972585983165587,34.360994419840004],[41.9728472631827,34.360651718841687],[41.972849816380986,34.360648888595328],[41.972852872739892,34.360646424704377],[41.972856355049636,34.360644387636228],[41.972860179202435,34.360642827209269],[41.972864250934428,34.360641782671976],[41.97286847001056,34.360641278094285],[41.972872731501617,34.360641327744894]]]},"properties":{"OBJECTID":15,"Name":"خضراء","اسم_المؤسس":" ","Shape_Length":195.68993435721268,"Shape_Area":2494.545111075764,"رقم_القطعة":"9385"}},{"type":"Feature","id":16,"geometry":{"type":"Polygon","coordinates":[[[41.975079972928995,34.360949637072551],[41.975084172444404,34.360950238905069],[41.975088207250742,34.360951377468297],[41.975091977501464,34.360953026346472],[41.975505230574669,34.36116969431886],[41.975508997327864,34.361172073398137],[41.975512208092965,34.361174959066865],[41.975514765200487,34.361178263561897],[41.975516592255111,34.36118188598298],[41.975517633177226,34.361185715921614],[41.975517855620183,34.361189637884934],[41.975517254292185,34.361193533017655],[41.975515845621707,34.361197281936008],[41.975513674496739,34.361200770873545],[41.975252404217073,34.361543476168613],[41.975249851078615,34.361546306462017],[41.975246794763805,34.361548770410664],[41.975243312513221,34.361550808446218],[41.97523948728427,34.361552368973847],[41.975235415544539,34.361553413590904],[41.975231196411563,34.361553917351294],[41.975226935965054,34.361553867759021],[41.975222735364333,34.361553266860106],[41.975218700495127,34.361552127402405],[41.975214930214442,34.361550478529807],[41.974801676954229,34.361333809619424],[41.974797910211819,34.361331430517737],[41.974794699463438,34.361328544829334],[41.974792142378085,34.361325240318074],[41.974790315350276,34.361321617884784],[41.974789274458701,34.361317787938368],[41.974789050962819,34.36131386599844],[41.974789653411314,34.361309970841162],[41.974791061062156,34.361306222856498],[41.974793233306507,34.361302733903713],[41.975054504827348,34.360960028619623],[41.97505705795637,34.360957198330638],[41.975060113170898,34.360954734413788],[41.975063596520577,34.360952697258526],[41.975067420640748,34.360951136763958],[41.97507149232252,34.360950091253187],[41.975075711426818,34.360949587499796],[41.975079972928995,34.360949637072551]]]},"properties":{"OBJECTID":16,"Name":"خضراء","اسم_المؤسس":" ","Shape_Length":195.68988880440745,"Shape_Area":2494.5418738952808,"رقم_القطعة":"9387"}},{"type":"Feature","id":17,"geometry":{"type":"Polygon","coordinates":[[[41.969725686046921,34.361579283767682],[41.96950793909415,34.361864862755333],[41.96923244445572,34.36172040366457],[41.969450190958717,34.361434825159186],[41.969725686046921,34.361579283767682]]]},"properties":{"OBJECTID":17,"Name":"خضراء","اسم_المؤسس":" ","Shape_Length":135.00000516512247,"Shape_Area":1125.0001206361394,"رقم_القطعة":"7651"}},{"type":"Feature","id":18,"geometry":{"type":"Polygon","coordinates":[[[41.980326555310732,34.361118577157981],[41.98033070233636,34.361119506391908],[41.980334621410933,34.361120965791294],[41.98033821345323,34.361122919912162],[41.980341388645506,34.361125318662502],[41.980344068796981,34.361128102653055],[41.980480993787587,34.361296037713963],[41.980484214020038,34.361300842081555],[41.980486379627834,34.361306037214575],[41.980487424177134,34.361311466086931],[41.980487315667318,34.361316961819476],[41.980486058031879,34.361322359361417],[41.98048368995677,34.361327492815086],[41.980480282069145,34.361332208123791],[41.980475939045604,34.361336361217838],[41.98047079226545,34.361339825404549],[41.979807338577302,34.361711838557959],[41.979699733579004,34.361655427147802],[41.979949823640816,34.361327353445247],[41.98030607576802,34.361122217572976],[41.980309787167791,34.361120423498441],[41.980313792636082,34.3611191369531],[41.980317993313136,34.361118390091974],[41.980322283376339,34.361118202620268],[41.980326555310732,34.361118577157981]]]},"properties":{"OBJECTID":18,"Name":"خضراء","اسم_المؤسس":" ","Shape_Length":200.37049562788894,"Shape_Area":1934.9777146198608,"رقم_القطعة":"5725"}},{"type":"Feature","id":19,"geometry":{"type":"Polygon","coordinates":[[[41.971411246557579,34.361897506886876],[41.971175753315457,34.362206372951675],[41.970808420891288,34.362013766016219],[41.971043916137084,34.36170490058241],[41.971411246557579,34.361897506886876]]]},"properties":{"OBJECTID":19,"Name":"خضراء","اسم_المؤسس":" ","Shape_Length":161.11496437722994,"Shape_Area":1622.299299524605,"رقم_القطعة":"7650"}},{"type":"Feature","id":20,"geometry":{"type":"Polygon","coordinates":[[[41.965918040342295,34.362357639124909],[41.965700279204455,34.362643212046642],[41.965332957187663,34.362450588082027],[41.965550719173628,34.362165015768248],[41.965918040342295,34.362357639124909]]]},"properties":{"OBJECTID":20,"Name":"خضراء","اسم_المؤسس":" ","Shape_Length":154.99989782878185,"Shape_Area":1499.9980064910196,"رقم_القطعة":null}},{"type":"Feature","id":21,"geometry":{"type":"Polygon","coordinates":[[[41.98072450219388,34.361804494638896],[41.980411003882189,34.362215754278004],[41.980365084308644,34.362191682098775],[41.979825368004228,34.361908743048573],[41.980355901487719,34.361611261961521],[41.980678583859181,34.361780422542573],[41.98072450219388,34.361804494638896]]]},"properties":{"OBJECTID":21,"Name":"خضراء","اسم_المؤسس":" ","Shape_Length":216.84953771313928,"Shape_Area":2805.4302244355608,"رقم_القطعة":null}},{"type":"Feature","id":22,"geometry":{"type":"Polygon","coordinates":[[[41.984964228519388,34.362481569779192],[41.984958518227991,34.362489059998502],[41.984545237579006,34.362272426526751],[41.98481205603089,34.361922373833991],[41.984964228519388,34.362481569779192]]]},"properties":{"OBJECTID":22,"Name":"خضراء","اسم_المؤسس":" ","Shape_Length":155.57022145147249,"Shape_Area":1056.2793431505036,"رقم_القطعة":null}},{"type":"Feature","id":23,"geometry":{"type":"Polygon","coordinates":[[[41.983349383081382,34.362711483132756],[41.983059114888754,34.363092284319372],[41.981998366219223,34.362536237038519],[41.981994954169657,34.362534119935852],[41.981991981678142,34.362531585587448],[41.981989524925531,34.362528697937464],[41.981987642907896,34.36252552675743],[41.981986382962283,34.362522150215703],[41.981985774122975,34.362518651433803],[41.981985833605656,34.36251511742708],[41.981986559013649,34.362511633886186],[41.981987932777855,34.362508287773196],[41.981989920847177,34.362505161043636],[41.982265678193386,34.362143402006282],[41.983349383081382,34.362711483132756]]]},"properties":{"OBJECTID":23,"Name":"خضراء","اسم_المؤسس":" ","Shape_Length":334.92300406183705,"Shape_Area":5898.6412092579949,"رقم_القطعة":"5719"}},{"type":"Feature","id":24,"geometry":{"type":"Polygon","coordinates":[[[41.970188641362391,34.363501006233534],[41.969970892645662,34.363786586119438],[41.969603556612789,34.363593975794132],[41.969821305091905,34.363308396542479],[41.970188641362391,34.363501006233534]]]},"properties":{"OBJECTID":24,"Name":"خضراء","اسم_المؤسس":" ","Shape_Length":154.99992485962346,"Shape_Area":1499.9984434505793,"رقم_القطعة":"7645"}},{"type":"Feature","id":25,"geometry":{"type":"Polygon","coordinates":[[[41.967409908168911,34.363984125075788],[41.96720666536018,34.364250662383931],[41.966655666779211,34.363961733677279],[41.966858910775514,34.363695197220245],[41.967409908168911,34.363984125075788]]]},"properties":{"OBJECTID":25,"Name":"خضراء","اسم_المؤسس":" ","Shape_Length":190.00005026694623,"Shape_Area":2100.0012202627504,"رقم_القطعة":"6788"}},{"type":"Feature","id":27,"geometry":{"type":"Polygon","coordinates":[[[41.972944267003506,34.364270404299951],[41.972712009572469,34.364575028363817],[41.972344664295761,34.364382426807843],[41.972576922663855,34.364077804292975],[41.972944267003506,34.364270404299951]]]},"properties":{"OBJECTID":27,"Name":"خضراء","اسم_المؤسس":" ","Shape_Length":159.99994716092272,"Shape_Area":1599.9989432160837,"رقم_القطعة":"7646"}},{"type":"Feature","id":28,"geometry":{"type":"Polygon","coordinates":[[[41.98164952636801,34.363794824713487],[41.98102542268559,34.364613539381367],[41.981022553936931,34.364616662324963],[41.9810190732059,34.364619325152205],[41.98101508957874,34.364621446782834],[41.9810107214048,34.364622962135918],[41.981006102908673,34.364623824672783],[41.981001373457268,34.364624010264222],[41.980996676250363,34.364623510912708],[41.980992156467622,34.364622343811448],[41.980987949002774,34.364620542629432],[41.980551705677115,34.364391859347677],[41.981190326128974,34.363554107264832],[41.98164952636801,34.363794824713487]]]},"properties":{"OBJECTID":28,"Name":"خضراء","اسم_المؤسس":" ","Shape_Length":318.92186179248017,"Shape_Area":5498.6280973021239,"رقم_القطعة":"5715"}},{"type":"Feature","id":29,"geometry":{"type":"Polygon","coordinates":[[[41.966742105675131,34.364859889589887],[41.966538858755413,34.365126425974353],[41.965987856272385,34.36483749447104],[41.966191104379682,34.364570958937747],[41.966742105675131,34.364859889589887]]]},"properties":{"OBJECTID":29,"Name":"خضراء","اسم_المؤسس":" ","Shape_Length":190.00005027132806,"Shape_Area":2100.0012203845527,"رقم_القطعة":"6786"}},{"type":"Feature","id":31,"geometry":{"type":"Polygon","coordinates":[[[41.968298531794076,34.365979829823956],[41.968080769524633,34.366265406935675],[41.967713426127418,34.366072791333529],[41.967931188159199,34.365787214856141],[41.968298531794076,34.365979829823956]]]},"properties":{"OBJECTID":31,"Name":"خضراء","اسم_المؤسس":" ","Shape_Length":155.00003664388464,"Shape_Area":1500.0006791428491,"رقم_القطعة":"7644"}},{"type":"Feature","id":32,"geometry":{"type":"Polygon","coordinates":[[[41.975161578949709,34.366659511959824],[41.975162795033405,34.366666508739826],[41.97516267551417,34.366673576772762],[41.975161224048549,34.366680542902031],[41.97515847693947,34.366687234979608],[41.975154500101027,34.36669348824951],[41.975149393530337,34.36669914884471],[41.975143281628377,34.366704076726734],[41.975136314509115,34.366708151963664],[41.975128665731795,34.366711272081034],[41.975120521790458,34.366713362232964],[41.974917748667792,34.366751250094055],[41.974909310965089,34.366752257592978],[41.974900786284792,34.366752158492602],[41.974892385583296,34.366750954872316],[41.974884315374219,34.366748676862791],[41.974876774342704,34.366745379122889],[41.974775658179489,34.366692367950634],[41.974760592315285,34.366682849742979],[41.974747747368077,34.36667130706239],[41.974737517266611,34.366658089983559],[41.97473020866385,34.366643601182098],[41.97472604579405,34.366628279591396],[41.974725153863069,34.36661259179251],[41.974727561637756,34.366597013021831],[41.974733194611169,34.366582018323442],[41.974741881904514,34.366568062550577],[41.974765106813223,34.366537600169167],[41.974443668769652,34.366369079910584],[41.974403023672437,34.366422389009387],[41.974395874209343,34.366430313986847],[41.974387316643728,34.366437213172169],[41.974377564567007,34.366442917316405],[41.974366855461696,34.366447287236909],[41.974355453927799,34.366450212837627],[41.974343641204179,34.36645162418057],[41.974331707342898,34.366451485366511],[41.974319946001721,34.366449800971331],[41.974308647736365,34.366446610800935],[41.97429809038497,34.366441994631863],[41.974288906533275,34.366437180101677],[41.974279350618296,34.366431250581208],[41.97427103071805,34.366424155242228],[41.974264150807151,34.36641606760022],[41.974258882115123,34.366407188107431],[41.974255352969415,34.366397733583213],[41.974253652053655,34.366387937134796],[41.974253818378173,34.366378041189911],[41.974255849682045,34.366368289179981],[41.974259697897722,34.366358920242071],[41.974265264679318,34.366350165721968],[41.97454048208796,34.365989190640718],[41.974560909498322,34.365966549233001],[41.974585357013972,34.365946836921133],[41.974613222167392,34.365930537983253],[41.974643819160541,34.365918054894898],[41.974676394646046,34.365909693523193],[41.974891241092038,34.365869550986247],[41.974900626119698,34.365868499714296],[41.974910087749123,34.365868814894363],[41.974919339800906,34.365870488164347],[41.974928102168811,34.365873467747598],[41.974936106473152,34.365877664625081],[41.974943110084162,34.365882949490121],[41.974948899762531,34.36588916347651],[41.97495330245642,34.365896116093033],[41.974956181371361,34.365903597037175],[41.975161578949709,34.366659511959824]]]},"properties":{"OBJECTID":32,"Name":"خضراء","اسم_المؤسس":" ","Shape_Length":303.76933450120089,"Shape_Area":4604.7521332012302,"رقم_القطعة":"5701"}},{"type":"Feature","id":34,"geometry":{"type":"Polygon","coordinates":[[[41.964203651802379,34.366630743640826],[41.964432316957215,34.366750898031569],[41.963924168521189,34.367417230663555],[41.963697155593543,34.367297941222844],[41.963695085697111,34.36729685652687],[41.963718325304825,34.367266381356636],[41.963729825180486,34.367251303519566],[41.964203651802379,34.366630743640826]]]},"properties":{"OBJECTID":34,"Name":"خضراء","اسم_المؤسس":" ","Shape_Length":224.87395271367316,"Shape_Area":2182.1150511199558,"رقم_القطعة":"6778"}},{"type":"Feature","id":36,"geometry":{"type":"Polygon","coordinates":[[[41.967093557775272,34.36756002951968],[41.966875788643534,34.367845604819252],[41.966508440583532,34.36765298675337],[41.966726209445788,34.367367411187573],[41.967093557775272,34.36756002951968]]]},"properties":{"OBJECTID":36,"Name":"خضراء","اسم_المؤسس":" ","Shape_Length":154.99995188458743,"Shape_Area":1499.9990538205011,"رقم_القطعة":"6797"}},{"type":"Feature","id":37,"geometry":{"type":"Polygon","coordinates":[[[41.972643795728729,34.36707287198594],[41.972652196442262,34.36707407576079],[41.972660266633902,34.367076353919167],[41.972667806501534,34.367079650924495],[41.97358620670942,34.367561148284587],[41.973593739662583,34.367565907459856],[41.973600161591051,34.36757167887405],[41.973605277143719,34.367578286998615],[41.973608931412997,34.367585531885339],[41.973611012234535,34.367593192715987],[41.973611458108373,34.367601036623576],[41.973610254109467,34.367608826002943],[41.973607437477391,34.367616322881894],[41.973603093686187,34.367623300734749],[41.973469542698446,34.367798460183927],[41.973463803358456,34.367804706681056],[41.973456843307723,34.367810031888276],[41.973448874225518,34.367814273815839],[41.973440137240217,34.367817304010991],[41.973430898680334,34.367819030365453],[41.973421439309057,34.367819400081373],[41.97341204569895,34.367818401683905],[41.973403004833315,34.367816066053805],[41.973394589891164,34.367812464068898],[41.972476187815921,34.367330965371401],[41.972468654942929,34.367326206122691],[41.972462234193827,34.36732043461739],[41.9724571176586,34.367313826465633],[41.972453464585733,34.367306581511968],[41.972451382791242,34.36729892068184],[41.97245093702913,34.367291076763962],[41.972452141134085,34.3672832873903],[41.97245495786234,34.367275790532844],[41.97245930173623,34.367268812716439],[41.972592854155614,34.367093654292596],[41.972597960928617,34.367087993794357],[41.972604073015759,34.367083066030695],[41.972611040298496,34.367078990930359],[41.972618689181871,34.367075870063552],[41.972626833232539,34.367073780073419],[41.972635271006567,34.36707277272906],[41.972643795728729,34.36707287198594]]]},"properties":{"OBJECTID":37,"Name":"خضراء","اسم_المؤسس":" ","Shape_Length":277.37792509851079,"Shape_Area":3608.1608663957459,"رقم_القطعة":"5698"}},{"type":"Feature","id":38,"geometry":{"type":"Polygon","coordinates":[[[41.968992119174388,34.367870785442179],[41.968846944626343,34.368061171045383],[41.968423431476964,34.367839112704196],[41.968713783411168,34.36745834223624],[41.968714221965953,34.367458571361254],[41.968907698835409,34.367560017350797],[41.969137294170103,34.367680399669183],[41.968992119174388,34.367870785442179]]]},"properties":{"OBJECTID":38,"Name":"خضراء","اسم_المؤسس":" ","Shape_Length":192.22994595764285,"Shape_Area":2305.7485492615219,"رقم_القطعة":"6799"}},{"type":"Feature","id":40,"geometry":{"type":"Polygon","coordinates":[[[41.977108070569273,34.369307489195592],[41.976461465384844,34.369428309994532],[41.976455833938026,34.369428941026641],[41.976450156069461,34.369428752019175],[41.976444604823328,34.369427748675633],[41.97643934755596,34.369425960274135],[41.97643454494537,34.369423442395842],[41.976430342110945,34.369420271732622],[41.976426867431691,34.36941654341171],[41.976424226061383,34.369412372054889],[41.976422498523611,34.369407882798761],[41.97642011003628,34.369399093759121],[41.976419095020674,34.36939286820359],[41.976419400026977,34.36938659068872],[41.976421013349544,34.369380452594733],[41.976423888335603,34.369374640744105],[41.976427936613526,34.369369330355191],[41.976433035663817,34.369364683956547],[41.97643903067258,34.369360842327936],[41.976445738812231,34.369357922593352],[41.976452956653056,34.369356012632288],[41.976516557045329,34.369344128319696],[41.976523071285321,34.369342456321746],[41.976529191066028,34.369339959234665],[41.976534764230571,34.369336699352644],[41.976539653379334,34.369332756638556],[41.976543740214481,34.369328228618201],[41.976546921036025,34.369323225982953],[41.976549118689171,34.369317872298957],[41.976550280232622,34.369312299556867],[41.976550374638812,34.369306644622334],[41.976549402505221,34.369301047196728],[41.976487299032875,34.369072516055539],[41.976484995677232,34.369066530981748],[41.976481473479637,34.369060968581877],[41.976476840624471,34.369055998388745],[41.976471237210021,34.369051770229085],[41.976464834130468,34.369048413349425],[41.976457824131892,34.369046029422684],[41.976450421748545,34.369044690746861],[41.97644285237795,34.369044438708293],[41.976435344550616,34.369045280364105],[41.976371744334813,34.369057163723085],[41.976364235419197,34.369058005401051],[41.976356666047252,34.369057753357183],[41.976349263664005,34.369056414675214],[41.976342254753639,34.369054030715276],[41.976335850592434,34.369050673855028],[41.976330247184968,34.369046445688518],[41.976325614307299,34.369041474588492],[41.976322092152955,34.369035913084033],[41.976319788810052,34.369029928006434],[41.97631877489448,34.369023702422702],[41.976319078822932,34.369017424933844],[41.976320693234001,34.36901128681442],[41.976323568216479,34.369005474966151],[41.976327615398851,34.369000164607321],[41.976332715520279,34.368995518187063],[41.976338709422819,34.368991676590731],[41.976345417537864,34.368988756862862],[41.976352635350345,34.368986846909159],[41.976988636995827,34.368868006565059],[41.977108070569273,34.369307489195592]]]},"properties":{"OBJECTID":40,"Name":"خضراء","اسم_المؤسس":" ","Shape_Length":246.08399277225556,"Shape_Area":2718.5245909587325,"رقم_القطعة":"5692"}},{"type":"Feature","id":41,"geometry":{"type":"Polygon","coordinates":[[[41.968606886404046,34.36996073978635],[41.968546859439279,34.369929266287365],[41.968401679551292,34.370119651569773],[41.968232105125296,34.370030741889892],[41.968522464785067,34.369649971555866],[41.968752065561098,34.369770354294268],[41.968606886404046,34.36996073978635]]]},"properties":{"OBJECTID":41,"Name":"خضراء","اسم_المؤسس":" ","Shape_Length":149.99998731698849,"Shape_Area":1086.5982052505503,"رقم_القطعة":null}},{"type":"Feature","id":42,"geometry":{"type":"Polygon","coordinates":[[[41.978024584552088,34.370194955951256],[41.977444879892751,34.369891072416991],[41.977917970501821,34.36980267015737],[41.978024584552088,34.370194955951256]]]},"properties":{"OBJECTID":42,"Name":"خضراء","اسم_المؤسس":" ","Shape_Length":152.3786586816662,"Shape_Area":995.94752811846399,"رقم_القطعة":null}},{"type":"Feature","id":50,"geometry":{"type":"Polygon","coordinates":[[[41.978465905185018,34.37374427560804],[41.978291712263548,34.373972748743292],[41.977529315078328,34.373573121797257],[41.977586963051557,34.373497511826585],[41.977703511486446,34.373344646916522],[41.978465905185018,34.37374427560804]]]},"properties":{"OBJECTID":50,"Name":"خضراء","اسم_المؤسس":" ","Shape_Length":226.0088520312286,"Shape_Area":2490.125210535557,"رقم_القطعة":null}},{"type":"Feature","id":116,"geometry":{"type":"Polygon","coordinates":[[[41.988138342326586,34.373216427043864],[41.987639654310513,34.373874189262267],[41.987457425162319,34.373760877691758],[41.98755377721163,34.373420506206863],[41.987443027463108,34.373031591613945],[41.987543573911701,34.372894252094575],[41.988138342326586,34.373216427043864]]]},"properties":{"OBJECTID":116,"Name":"خضراء","اسم_المؤسس":" ","Shape_Length":273.55955531047834,"Shape_Area":3675.5035170165625,"رقم_القطعة":null}},{"type":"Feature","id":118,"geometry":{"type":"Polygon","coordinates":[[[41.98266352257032,34.376451422764568],[41.98265994067966,34.376428512058077],[41.982837714211065,34.376398493085794],[41.982843565749235,34.376421945139526],[41.982875027700615,34.376440479113249],[41.982808944582018,34.376528749059119],[41.982713781447359,34.376478081306608],[41.98266352257032,34.376451422764568]]]},"properties":{"OBJECTID":118,"Name":"خضراء","اسم_المؤسس":" ","Shape_Length":52.897560617262201,"Shape_Area":157.16752631743296,"رقم_القطعة":null}},{"type":"Feature","id":119,"geometry":{"type":"Polygon","coordinates":[[[41.982835230818374,34.376318520101471],[41.982810241786986,34.37634343027851],[41.982821084445376,34.376376994066341],[41.982661015670558,34.376398572287677],[41.982668913742089,34.376327734043528],[41.982726215163254,34.376260335556076],[41.982835230818374,34.376318520101471]]]},"properties":{"OBJECTID":119,"Name":"خضراء","اسم_المؤسس":" ","Shape_Length":51.354815562231437,"Shape_Area":154.91952732521654,"رقم_القطعة":null}},{"type":"Feature","id":120,"geometry":{"type":"Polygon","coordinates":[[[41.983031871455708,34.376322261891659],[41.983041878341332,34.376379112738206],[41.983009486119109,34.376423819623156],[41.982942097958329,34.376436584950632],[41.982885463536824,34.376410770696616],[41.982864915331909,34.3763492193386],[41.982902817868485,34.376300210036952],[41.982972921520791,34.376286400479444],[41.983031871455708,34.376322261891659]]]},"properties":{"OBJECTID":120,"Name":"خضراء","اسم_المؤسس":" ","Shape_Length":51.382542162425324,"Shape_Area":198.94929223498667,"رقم_القطعة":null}},{"type":"Feature","id":121,"geometry":{"type":"Polygon","coordinates":[[[41.982909520811866,34.376262638811973],[41.982873013311163,34.376272837164151],[41.982853452328918,34.376295661620588],[41.982742980480445,34.376240771139614],[41.982786550054577,34.376183022564582],[41.982882262906365,34.376164295927978],[41.982909520811866,34.376262638811973]]]},"properties":{"OBJECTID":121,"Name":"خضراء","اسم_المؤسس":" ","Shape_Length":46.313810038343135,"Shape_Area":135.76493852544959,"رقم_القطعة":null}},{"type":"Feature","id":122,"geometry":{"type":"Polygon","coordinates":[[[41.983014078840768,34.376258559320377],[41.982983796321491,34.376244493645473],[41.98294076034572,34.376250091039779],[41.982921325980257,34.376157491162346],[41.983019555460963,34.37614326676654],[41.983078665300134,34.376174691219539],[41.983014078840768,34.376258559320377]]]},"properties":{"OBJECTID":122,"Name":"خضراء","اسم_المؤسس":" ","Shape_Length":44.316818923214811,"Shape_Area":122.99208849468457,"رقم_القطعة":null}},{"type":"Feature","id":123,"geometry":{"type":"Polygon","coordinates":[[[41.983164388346161,34.3762174169971],[41.983179855356163,34.376227134318768],[41.983180182586402,34.376230932907177],[41.98318647087229,34.376303878650688],[41.983075807908698,34.376328895998192],[41.983067440697376,34.376300941590003],[41.983034721513441,34.376280156917453],[41.983102619378428,34.376178611975639],[41.983164388346161,34.3762174169971]]]},"properties":{"OBJECTID":123,"Name":"خضراء","اسم_المؤسس":" ","Shape_Length":47.888342908432307,"Shape_Area":144.55836423837445,"رقم_القطعة":null}},{"type":"Feature","id":124,"geometry":{"type":"Polygon","coordinates":[[[41.982872686852055,34.376580267973004],[41.982824158148624,34.376552432442743],[41.982906607540862,34.376455686775678],[41.982943538685007,34.376471027089075],[41.982969148040901,34.376466109916834],[41.982982649849305,34.376537475329087],[41.98295604565218,34.376570115602604],[41.982898073820444,34.376544267281261],[41.982872686852055,34.376580267973004]]]},"properties":{"OBJECTID":124,"Name":"خضراء","اسم_المؤسس":" ","Shape_Length":47.873817374628459,"Shape_Area":115.88897595930958,"رقم_القطعة":null}},{"type":"Feature","id":125,"geometry":{"type":"Polygon","coordinates":[[[41.983230460907762,34.376420188074398],[41.983254037480478,34.376621864134016],[41.983206097229541,34.37668949418174],[41.982979879796162,34.376577362732199],[41.983009518614786,34.376534807941717],[41.982994917388432,34.37645675579779],[41.983039251847778,34.376452301215529],[41.983080106737546,34.376395594973133],[41.983073514709758,34.376355475358608],[41.983188269598358,34.376328340868746],[41.983222287221281,34.376350268331421],[41.983223133396748,34.376357508386711],[41.983230460907762,34.376420188074398]]]},"properties":{"OBJECTID":125,"Name":"خضراء","اسم_المؤسس":" ","Shape_Length":108.34692407805258,"Shape_Area":656.4882770914287,"رقم_القطعة":null}},{"type":"Feature","id":126,"geometry":{"type":"Polygon","coordinates":[[[41.984861410539061,34.373690750536234],[41.984876218493163,34.373764552754707],[41.984833146647837,34.373836889686068],[41.984729443899923,34.373852936463216],[41.984649834964365,34.373817056380467],[41.98462722480992,34.373730387929207],[41.984676251799222,34.373662945382904],[41.98477537506664,34.373644683950999],[41.984861410539061,34.373690750536234]]]},"properties":{"OBJECTID":126,"Name":"خضراء","اسم_المؤسس":" ","Shape_Length":72.655023254959175,"Shape_Area":397.21059160551113,"رقم_القطعة":null}},{"type":"Feature","id":127,"geometry":{"type":"Polygon","coordinates":[[[41.985109603765409,34.373468926999301],[41.985155369633475,34.373655062739168],[41.984903226956625,34.373698181220668],[41.984894839384189,34.373665588881686],[41.98478162445074,34.37362057515837],[41.984745943432415,34.373623271421636],[41.984604923779777,34.373108774619233],[41.984670980010982,34.373096238363772],[41.984728542635985,34.373338429568207],[41.984848681396954,34.373402991354602],[41.98487475803784,34.373512703919147],[41.985109603765409,34.373468926999301]]]},"properties":{"OBJECTID":127,"Name":"خضراء","اسم_المؤسس":" ","Shape_Length":203.25682523767446,"Shape_Area":1084.6645646859934,"رقم_القطعة":null}},{"type":"Feature","id":128,"geometry":{"type":"Polygon","coordinates":[[[41.984702326689693,34.373629524463276],[41.984651407686869,34.373641805748953],[41.984603535092589,34.373728138488843],[41.984634830198601,34.373835109702114],[41.984664806094187,34.373851580169884],[41.984617808593882,34.3739113663447],[41.984544820608399,34.373867384241215],[41.984565817014783,34.373835719719487],[41.984461167108996,34.373484993824007],[41.984544195656454,34.373374837453191],[41.984486537770124,34.373132245552192],[41.984566301360267,34.373117107801541],[41.984702326689693,34.373629524463276]]]},"properties":{"OBJECTID":128,"Name":"خضراء","اسم_المؤسس":" ","Shape_Length":198.91031241099159,"Shape_Area":931.33781670539702,"رقم_القطعة":null}},{"type":"Feature","id":129,"geometry":{"type":"Polygon","coordinates":[[[41.986011196927102,34.373216523165738],[41.9861319030963,34.37328461227267],[41.986356706607886,34.373236877743331],[41.986391720037595,34.373342274858771],[41.986344894658536,34.373349053933026],[41.986289035742196,34.373413836297949],[41.986266600934464,34.373467295775512],[41.985899889138622,34.373533426957913],[41.985812267625917,34.373488351711401],[41.985741886166807,34.373211364972107],[41.985986063263852,34.373152405395139],[41.986001472203633,34.37321115038597],[41.986011196927102,34.373216523165738]]]},"properties":{"OBJECTID":129,"Name":"خضراء","اسم_المؤسس":" ","Shape_Length":173.01484579008508,"Shape_Area":1552.1138625359004,"رقم_القطعة":null}},{"type":"Feature","id":130,"geometry":{"type":"Polygon","coordinates":[[[41.986497274091036,34.373397894245841],[41.986511289633164,34.373464438663618],[41.986462907671822,34.373515413084007],[41.986374488006319,34.373524261753886],[41.986319384956346,34.373486962207281],[41.986311796069032,34.373424719988016],[41.986353466598118,34.373372927920691],[41.986445033505611,34.373361882336539],[41.986497274091036,34.373397894245841]]]},"properties":{"OBJECTID":130,"Name":"خضراء","اسم_المؤسس":" ","Shape_Length":58.059912333286704,"Shape_Area":253.68848673656484,"رقم_القطعة":null}},{"type":"Feature","id":131,"geometry":{"type":"Polygon","coordinates":[[[41.986849511371929,34.373418793386456],[41.986916757196511,34.373661115509819],[41.986829563093899,34.373740751351193],[41.986514261876877,34.373574637586124],[41.986510607675498,34.373527192947805],[41.986564704696903,34.373461932514147],[41.986547474042638,34.373394914978476],[41.986481675644768,34.373338538308737],[41.986420995080515,34.373338522201138],[41.986385772822025,34.373230705456535],[41.98654127743086,34.373197685400271],[41.986578322706414,34.373231410203815],[41.986699977758086,34.373210436282328],[41.986787502400581,34.373195346392187],[41.986849511371929,34.373418793386456]]]},"properties":{"OBJECTID":131,"Name":"خضراء","اسم_المؤسس":" ","Shape_Length":187.21887431364098,"Shape_Area":1681.061514475326,"رقم_القطعة":null}},{"type":"Feature","id":132,"geometry":{"type":"Polygon","coordinates":[[[41.99002942605415,34.367575618450331],[41.990031332511876,34.367584111599179],[41.990036278962876,34.367615856571852],[41.990036394734709,34.367616299928883],[41.990036947934897,34.367620210150619],[41.990036673538604,34.367624140607504],[41.990035581437589,34.367627972074288],[41.990033702255324,34.367631587522965],[41.990031094087669,34.367634878267708],[41.990027837040408,34.367637743197008],[41.990024030195237,34.367640095157654],[41.990019788447547,34.367641863736132],[41.990015240302199,34.367642994411248],[41.990010524775428,34.367643453136701],[41.990005783760196,34.367643225626516],[41.990001164262367,34.367642319102984],[41.989996803131497,34.367640760867424],[41.989992835781486,34.367638598988094],[41.989989380825271,34.367635898169191],[41.989986543365099,34.367632740571544],[41.989985506559492,34.367631218236042],[41.989973339060825,34.367595225796599],[41.989966275663143,34.367579362779658],[41.989960119997797,34.367578481194187],[41.989939172014459,34.367577476329416],[41.98991833073476,34.367579502928812],[41.989902246376403,34.367583243942768],[41.989899158262183,34.367583033704804],[41.989894984295354,34.367582214535638],[41.989891044839702,34.367580806433743],[41.989887459943674,34.367578853336333],[41.989884338189079,34.367576412981748],[41.98988177464706,34.36757356056512],[41.989879848481692,34.367570382487138],[41.989878616369509,34.367566974712176],[41.989878116811767,34.367563441761504],[41.9898783644799,34.367559890541777],[41.989879352355679,34.367556429391293],[41.989881049334912,34.367553161828901],[41.989883405753915,34.36755018912303],[41.989886348725008,34.367547601391855],[41.98988978858889,34.367545475642771],[41.989893621183001,34.367543878421053],[41.989897729693361,34.367542856750809],[41.989897887461019,34.367542830358758],[41.989910925765301,34.367541376730884],[41.989926538773503,34.367537494905513],[41.989941101086238,34.367531424955082],[41.989954171352743,34.367523349836283],[41.989957720149512,34.367520588646627],[41.989953247746051,34.367492789178414],[41.989945258318123,34.367461765798318],[41.989945714058379,34.367461039853829],[41.989949019253821,34.367456869439131],[41.989953146950413,34.367453238677193],[41.989957972769126,34.36745025697293],[41.989963349936851,34.367448015349602],[41.989969115642822,34.367446581786481],[41.989975093178671,34.367446000265154],[41.989981100563064,34.367446288755865],[41.989986958112233,34.367447438131052],[41.989992485213705,34.367449413145565],[41.989997514509376,34.367452153892756],[41.989998141441312,34.367452573935239],[41.989998782146088,34.367456285514926],[41.990008715210081,34.367499904255716],[41.990008683687293,34.367501402234161],[41.990009071696662,34.367504151900064],[41.990010030147765,34.367506802887895],[41.990011530156544,34.367509276581643],[41.990013524439561,34.36751149661788],[41.990015954054648,34.367513395030755],[41.990018743066578,34.367514915086581],[41.990021809407892,34.367516011018267],[41.99002303971421,34.367516310845339],[41.990030913067073,34.36751664745433],[41.990070876255075,34.367513735048043],[41.990085082723411,34.367510772757988],[41.990086672851895,34.367511164742048],[41.990091027364699,34.367512720432224],[41.990094989184314,34.367514879739538],[41.990098439633968,34.367517576158789],[41.990101271503384,34.367520729383607],[41.990103401985742,34.367524242285931],[41.990104763127022,34.367528007459235],[41.990105315051238,34.367531912303477],[41.99010504155207,34.367535837330202],[41.990103950348995,34.367539663367225],[41.990102073183472,34.367543274260598],[41.990099470291376,34.367546560370741],[41.990096217433994,34.367549420692342],[41.990092995328503,34.367551464504636],[41.990055964900819,34.367555721293435],[41.990055002552772,34.367555589784509],[41.990050294221106,34.36755536418093],[41.99004561009987,34.367555819435566],[41.990041092145688,34.367556943063583],[41.990036878224338,34.367558699244121],[41.9900330958504,34.367561036184391],[41.990029860973166,34.367563882543841],[41.990027272546172,34.367567147566902],[41.99002942605415,34.367575618450331]]]},"properties":{"OBJECTID":132,"Name":"خضراء","اسم_المؤسس":" ","Shape_Length":75.696407216723301,"Shape_Area":181.29395983486768,"رقم_القطعة":null}},{"type":"Feature","id":133,"geometry":{"type":"Polygon","coordinates":[[[41.989739743217811,34.36759525913439],[41.989843022411456,34.367576168380175],[41.989888249268581,34.367600654872007],[41.98994657121056,34.367589851774952],[41.989952868345014,34.367626352809594],[41.989969029899932,34.367649789494443],[41.989995830182096,34.367665796407614],[41.990065164821587,34.367928651692679],[41.989849971719032,34.36797353913245],[41.989739743217811,34.36759525913439]]]},"properties":{"OBJECTID":133,"Name":"خضراء","اسم_المؤسس":" ","Shape_Length":123.81632102403012,"Shape_Area":840.31918321177523,"رقم_القطعة":null}},{"type":"Feature","id":134,"geometry":{"type":"Polygon","coordinates":[[[41.989416853289185,34.367183943507399],[41.989476498199949,34.367107348327416],[41.989913178050593,34.367341407919852],[41.98993199028763,34.367429855611348],[41.989928064948323,34.367440675413697],[41.989918649322689,34.367458779271303],[41.989922074741557,34.367514699745094],[41.989882128451825,34.36752282622723],[41.989858101865032,34.367534137485464],[41.989834371603941,34.367553782951823],[41.989731768703393,34.367567894113854],[41.989656995271616,34.367311285679158],[41.989416853289185,34.367183943507399]]]},"properties":{"OBJECTID":134,"Name":"خضراء","اسم_المؤسس":" ","Shape_Length":152.11904137288326,"Shape_Area":884.15460159039776,"رقم_القطعة":null}},{"type":"Feature","id":135,"geometry":{"type":"Polygon","coordinates":[[[41.990405969409728,34.3675201104639],[41.990109781739363,34.367920327114497],[41.990041723461616,34.367662310857007],[41.990121527878216,34.367603163712779],[41.990139262304488,34.367586643890078],[41.990136217397257,34.367531309941334],[41.99031171012296,34.367503913480768],[41.990405969409728,34.3675201104639]]]},"properties":{"OBJECTID":135,"Name":"خضراء","اسم_المؤسس":" ","Shape_Length":125.17809729998299,"Shape_Area":702.08800886149152,"رقم_القطعة":null}},{"type":"Feature","id":136,"geometry":{"type":"Polygon","coordinates":[[[41.990076488716788,34.367249157226937],[41.990095638126796,34.367320487374641],[41.990355873359128,34.367279537808521],[41.990531787941983,34.367051530163174],[41.991000487084463,34.366956441145902],[41.99102985015891,34.367068366866476],[41.991059214376449,34.367180291646953],[41.991074856992029,34.367239343036658],[41.990938312259111,34.367167848467219],[41.990582549156564,34.367237777776417],[41.990374351160007,34.367496852599402],[41.990305725752926,34.367480368600702],[41.990142728631746,34.367509359646505],[41.990092352707187,34.367487874580995],[41.990028856940626,34.367497617117799],[41.990014477220122,34.367451227161958],[41.989979315053205,34.367423740889812],[41.989955351194148,34.367329938715386],[41.989828659448314,34.36726301449675],[41.989908952231715,34.367160316643698],[41.990076488716788,34.367249157226937]]]},"properties":{"OBJECTID":136,"Name":"خضراء","اسم_المؤسس":" ","Shape_Length":321.33252090964316,"Shape_Area":2479.2442689608442,"رقم_القطعة":null}},{"type":"Feature","id":137,"geometry":{"type":"Polygon","coordinates":[[[41.993800646713353,34.36669556418336],[41.993807906397429,34.366757438930293],[41.993760221669334,34.366806122079382],[41.993695795706557,34.366818042688664],[41.993628437563544,34.366786622377916],[41.993606035308808,34.366718441716102],[41.993652003420728,34.366667338956546],[41.993723410163462,34.36665636700554],[41.993800646713353,34.36669556418336]]]},"properties":{"OBJECTID":137,"Name":"خضراء","اسم_المؤسس":" ","Shape_Length":56.985753276215007,"Shape_Area":244.18689597215297,"رقم_القطعة":null}},{"type":"Feature","id":138,"geometry":{"type":"Polygon","coordinates":[[[41.993594051585873,34.366685573893953],[41.993582159300232,34.366710602711017],[41.993586234434069,34.366739852159817],[41.993566802480572,34.36676212971917],[41.993174345914468,34.366821891146444],[41.993365749130334,34.366568317551895],[41.993594051585873,34.366685573893953]]]},"properties":{"OBJECTID":138,"Name":"خضراء","اسم_المؤسس":" ","Shape_Length":103.94675366776829,"Shape_Area":557.63606456571006,"رقم_القطعة":null}},{"type":"Feature","id":139,"geometry":{"type":"Polygon","coordinates":[[[41.993640784733927,34.366645182538136],[41.993604206454194,34.366668718129873],[41.993381622852269,34.366548103865533],[41.993506286514346,34.366389366336243],[41.993802869378051,34.36653623896283],[41.993724583700633,34.366641454552784],[41.993701380585392,34.366635509139869],[41.993640784733927,34.366645182538136]]]},"properties":{"OBJECTID":139,"Name":"خضراء","اسم_المؤسس":" ","Shape_Length":103.18653205499032,"Shape_Area":648.37817086791426,"رقم_القطعة":null}},{"type":"Feature","id":140,"geometry":{"type":"Polygon","coordinates":[[[41.993954546494457,34.36662391200926],[41.993974007426871,34.36667908366514],[41.993831431313232,34.366702259613469],[41.993815040523529,34.366676163669617],[41.993774933282253,34.366649793807333],[41.99384133695348,34.366567849067884],[41.993954546494457,34.36662391200926]]]},"properties":{"OBJECTID":140,"Name":"خضراء","اسم_المؤسس":" ","Shape_Length":50.821508553413679,"Shape_Area":161.334521587372,"رقم_القطعة":null}},{"type":"Feature","id":141,"geometry":{"type":"Polygon","coordinates":[[[41.993991823902512,34.366748761957318],[41.993936436089577,34.366843285473038],[41.993824960014585,34.366781054252016],[41.993842489528468,34.366723357204336],[41.993841309304457,34.366721105585484],[41.993978701177461,34.366698654168516],[41.993991823902512,34.366748761957318]]]},"properties":{"OBJECTID":141,"Name":"خضراء","اسم_المؤسس":" ","Shape_Length":49.487264679091375,"Shape_Area":155.93286881946131,"رقم_القطعة":null}},{"type":"Feature","id":142,"geometry":{"type":"Polygon","coordinates":[[[41.993942812272351,34.36686028368954],[41.993899330526951,34.366910172809],[41.993872097847223,34.366941417307906],[41.993846711191686,34.366931513303058],[41.993791133936085,34.366909830814471],[41.993772222771845,34.366839811523107],[41.993815279886839,34.366833470798476],[41.993843081460945,34.366804557797188],[41.993942812272351,34.36686028368954]]]},"properties":{"OBJECTID":142,"Name":"خضراء","اسم_المؤسس":" ","Shape_Length":46.50645337121756,"Shape_Area":136.65302463665859,"رقم_القطعة":null}},{"type":"Feature","id":143,"geometry":{"type":"Polygon","coordinates":[[[41.993284028575367,34.367244569001898],[41.993190102809614,34.366849178106541],[41.993598284860326,34.366766624062883],[41.993610438002378,34.366808067150913],[41.993678933868885,34.366846865426119],[41.993730472723414,34.366846990074777],[41.993760270717303,34.366923798022064],[41.99370972571495,34.366970490601979],[41.993597587517868,34.366918424114374],[41.993364250731098,34.367223800614859],[41.993346369584749,34.367247202072093],[41.993284028575367,34.367244569001898]]]},"properties":{"OBJECTID":143,"Name":"خضراء","اسم_المؤسس":" ","Shape_Length":177.19777724996516,"Shape_Area":1386.6906673966637,"رقم_القطعة":null}},{"type":"Feature","id":144,"geometry":{"type":"Polygon","coordinates":[[[41.990065208481241,34.368700070360276],[41.990061762441108,34.3689688893854],[41.989502202892268,34.369070360795739],[41.98942832406906,34.368804759787295],[41.989876245646748,34.368715906548772],[41.989998850416839,34.368537697717656],[41.990065208481241,34.368700070360276]]]},"properties":{"OBJECTID":144,"Name":"خضراء","اسم_المؤسس":" ","Shape_Length":196.99048424410444,"Shape_Area":1881.4715110525399,"رقم_القطعة":null}},{"type":"Feature","id":145,"geometry":{"type":"Polygon","coordinates":[[[41.98287976461549,34.376723812112559],[41.982398038340826,34.377340880852877],[41.982150852634916,34.377209764954138],[41.982713781447359,34.376478081306608],[41.982965906841855,34.376612169176965],[41.98287976461549,34.376723812112559]]]},"properties":{"OBJECTID":145,"Name":"خضراء","اسم_المؤسس":" ","Shape_Length":247.18284406252144,"Shape_Area":2630.8147063933397,"رقم_القطعة":null}},{"type":"Feature","id":146,"geometry":{"type":"Polygon","coordinates":[[[41.983336510428714,34.377312689392525],[41.983209536073744,34.377477251594073],[41.983201364659799,34.377487841284598],[41.983135425961763,34.377573299153973],[41.983124567644772,34.37758053541922],[41.983085562131734,34.377600498260044],[41.983042704185415,34.37761398033355],[41.982997543076955,34.37762049314415],[41.98295171210664,34.37761980214308],[41.982906866815306,34.377611931841848],[41.982890429669631,34.37760711197793],[41.982505016673102,34.377402676739891],[41.982628813844904,34.377245201948867],[41.982734328684259,34.377301170689393],[41.982695440635084,34.377350638458466],[41.983070475008979,34.377549568212672],[41.983277428806865,34.377281350938759],[41.983336510428714,34.377312689392525]]]},"properties":{"OBJECTID":146,"Name":"خضراء","اسم_المؤسس":" ","Shape_Length":222.12468038449921,"Shape_Area":1065.6826272087576,"رقم_القطعة":null}},{"type":"Feature","id":147,"geometry":{"type":"Polygon","coordinates":[[[41.984664356115289,34.372898666545389],[41.984383351195291,34.372951047075141],[41.984367714741602,34.372891433049055],[41.984343099128395,34.37279758791918],[41.984116133186902,34.371932265545347],[41.984397629014239,34.371881768457349],[41.98465273390017,34.372854356637774],[41.984664356115289,34.372898666545389]]]},"properties":{"OBJECTID":147,"Name":"خضراء","اسم_المؤسس":" ","Shape_Length":284.22793584617517,"Shape_Area":3064.2129220079937,"رقم_القطعة":null}},{"type":"Feature","id":150,"geometry":{"type":"Polygon","coordinates":[[[41.987839590231872,34.371723111162922],[41.987465244525573,34.372206603677959],[41.987462065197079,34.372204871361596],[41.9874098215776,34.372171700204191],[41.987363511659332,34.372132939668958],[41.987323999198779,34.372089310504862],[41.987292018637262,34.372041626759199],[41.987268166794316,34.371990776149275],[41.987252887182322,34.371937706924172],[41.987246465981251,34.371883406329218],[41.987236044600429,34.371854324283603],[41.987238599293136,34.371799804415353],[41.987253449580756,34.371735482628516],[41.987415783143796,34.371493744687484],[41.987839590231872,34.371723111162922]]]},"properties":{"OBJECTID":150,"Name":"خضراء","اسم_المؤسس":" ","Shape_Length":200.48369469477581,"Shape_Area":2463.4167632182171,"رقم_القطعة":null}},{"type":"Feature","id":151,"geometry":{"type":"Polygon","coordinates":[[[41.97748664859273,34.368405423425763],[41.976559162293555,34.368578774740804],[41.976508481631789,34.368388615482687],[41.976088934658705,34.368428659022975],[41.976412273392519,34.368025548511497],[41.976667439517243,34.367694951540372],[41.976655238955516,34.367558801901055],[41.977235681630262,34.367447561356272],[41.97748664859273,34.368405423425763]]]},"properties":{"OBJECTID":151,"Name":"خضراء","اسم_المؤسس":" ","Shape_Length":424.04871137261921,"Shape_Area":9365.3100408088631,"رقم_القطعة":null}},{"type":"Feature","id":152,"geometry":{"type":"Polygon","coordinates":[[[41.974196271566313,34.369668774470853],[41.972739464968619,34.369934527944885],[41.972185163023028,34.369651550924395],[41.972400047114931,34.369369730615951],[41.972458114904747,34.369293574647045],[41.97271941871076,34.368950872953448],[41.972725158180587,34.36894462648533],[41.972732118401261,34.36893930221396],[41.972740088679906,34.368935059399377],[41.972748824753175,34.36893203017442],[41.972758063451636,34.368930303864701],[41.972759947966608,34.368930230110067],[41.972767522954463,34.368929934193517],[41.972776916685945,34.368930932634328],[41.972789385911803,34.368934735363787],[41.972794373781277,34.368936870300395],[41.972922951940923,34.36900427954366],[41.973575953708867,34.369346624951255],[41.973758716631131,34.369442440061938],[41.973850558463695,34.369490589155284],[41.974005003989397,34.369571556988419],[41.974196271566313,34.369668774470853]]]},"properties":{"OBJECTID":152,"Name":"خضراء","اسم_المؤسس":" ","Shape_Length":449.49076571238515,"Shape_Area":10469.846021695828,"رقم_القطعة":"5694"}},{"type":"Feature","id":153,"geometry":{"type":"Polygon","coordinates":[[[41.991589931079297,34.370131209466791],[41.991617926632003,34.370237909704727],[41.990847688032687,34.370388554415761],[41.990779964424469,34.37012107410964],[41.99154040555073,34.369974165153607],[41.991548325759446,34.369972634637207],[41.991589931079297,34.370131209466791]]]},"properties":{"OBJECTID":153,"Name":"خضراء","اسم_المؤسس":" ","Shape_Length":205.90355154976265,"Shape_Area":2198.0506317580416,"رقم_القطعة":null}},{"type":"Feature","id":163,"geometry":{"type":"Polygon","coordinates":[[[41.98648729319487,34.376455453259375],[41.986593487624553,34.376512579237634],[41.986133328271883,34.377137735331296],[41.987323793644059,34.377760754611934],[41.987250849780828,34.377832835158948],[41.985933300520536,34.377142321816827],[41.986402174557405,34.376533007338402],[41.986408363857819,34.37652496450815],[41.98648729319487,34.376455453259375]]]},"properties":{"OBJECTID":163,"Name":"خضراء","اسم_المؤسس":null,"Shape_Length":468.23500425518091,"Shape_Area":2648.6262412064589,"رقم_القطعة":null}},{"type":"Feature","id":168,"geometry":{"type":"Polygon","coordinates":[[[41.982819040833043,34.369337131197859],[41.983587753090205,34.369723530240421],[41.983712710147934,34.369571089390291],[41.983970706133285,34.369696966040166],[41.983632458284617,34.370152557142788],[41.983512405382022,34.370173611409605],[41.982987026358956,34.369899234375673],[41.982969614691648,34.369813801593629],[41.982879050329203,34.3697702200515],[41.982774836771625,34.369791841793003],[41.982559196799585,34.369674748376219],[41.982819040833043,34.369337131197859]]]},"properties":{"OBJECTID":168,"Name":"خضراء","اسم_المؤسس":null,"Shape_Length":355.86268683950033,"Shape_Area":5510.7076183931749,"رقم_القطعة":null}},{"type":"Feature","id":169,"geometry":{"type":"Polygon","coordinates":[[[41.983771975915047,34.370531586113245],[41.983613270835065,34.370449225068739],[41.983716937315933,34.370306947642156],[41.983628020025826,34.370265234741197],[41.984032316646413,34.369727025739998],[41.984185691021636,34.369801857241626],[41.98416281720236,34.369983977185413],[41.983771975915047,34.370531586113245]]]},"properties":{"OBJECTID":169,"Name":"خضراء","اسم_المؤسس":null,"Shape_Length":222.78033362222138,"Shape_Area":2043.5601524613451,"رقم_القطعة":null}},{"type":"Feature","id":170,"geometry":{"type":"Polygon","coordinates":[[[41.983372133635832,34.370325531528977],[41.983203874013647,34.370238819453739],[41.983189908450321,34.370257140196522],[41.983143612883325,34.370231261199208],[41.983251324996651,34.37008935418082],[41.983460127024451,34.370202552373577],[41.983372133635832,34.370325531528977]]]},"properties":{"OBJECTID":170,"Name":"خضراء","اسم_المؤسس":null,"Shape_Length":83.215157136085338,"Shape_Area":385.47451353107908,"رقم_القطعة":null}},{"type":"Feature","id":171,"geometry":{"type":"Polygon","coordinates":[[[41.982872290585796,34.37006611697845],[41.982971432341564,34.369942066687202],[41.983182609083698,34.370057354564082],[41.983088322206186,34.370176345162342],[41.982872290585796,34.37006611697845]]]},"properties":{"OBJECTID":171,"Name":"خضراء","اسم_المؤسس":null,"Shape_Length":78.93186335345716,"Shape_Area":376.5247260270678,"رقم_القطعة":null}},{"type":"Feature","id":172,"geometry":{"type":"Polygon","coordinates":[[[41.981993933490621,34.370409187268052],[41.9825301906071,34.369712436313257],[41.982748720601052,34.369825868144382],[41.982655198496438,34.369946203571935],[41.982494790437237,34.36986428366081],[41.982267369363512,34.370180898493935],[41.982367788583055,34.370233533484374],[41.98215430364489,34.370503659715276],[41.982074163470159,34.370456449466161],[41.982005464701317,34.370415980192767],[41.981993933490621,34.370409187268052]]]},"properties":{"OBJECTID":172,"Name":"خضراء","اسم_المؤسس":null,"Shape_Length":254.47389158679067,"Shape_Area":1309.4046550198734,"رقم_القطعة":null}},{"type":"Feature","id":173,"geometry":{"type":"MultiPolygon","coordinates":[[[[41.988303840008676,34.368497654088934],[41.988233861658493,34.368246708149037],[41.988819534043678,34.368136043948368],[41.988911512251171,34.368148483144026],[41.988992617747876,34.36817865334681],[41.98905667952932,34.368220287519456],[41.989111449597658,34.368278471137224],[41.989143494871904,34.368337226426739],[41.989069508700624,34.368359545097299],[41.988303840008676,34.368497654088934]]],[[[41.986612327389217,34.369999286071234],[41.98644181847942,34.37013988203929],[41.986082097912799,34.370194135391387],[41.986026777655354,34.3699846267209],[41.985766506564978,34.370031604814628],[41.985643236340437,34.369600150689095],[41.988559889098639,34.369078782008089],[41.988520005735538,34.368894859156967],[41.989178768578512,34.368776033159065],[41.989293621065066,34.36924733305792],[41.988687536887916,34.369356657047256],[41.988662929213504,34.369281941049458],[41.988489103968988,34.369308386800228],[41.988512381785441,34.369395849437097],[41.987892869854427,34.369510882590902],[41.987879872101345,34.369479439702886],[41.987661060776468,34.369509225204702],[41.987700947065193,34.36968935614923],[41.987382613770826,34.369451117821292],[41.986517411614564,34.369612319919128],[41.986612327389217,34.369999286071234]]]]},"properties":{"OBJECTID":173,"Name":"خضراء","اسم_المؤسس":null,"Shape_Length":1126.5176358716831,"Shape_Area":15502.480552884241,"رقم_القطعة":null}},{"type":"Feature","id":174,"geometry":{"type":"MultiPolygon","coordinates":[[[[41.9886408774274,34.365154268877326],[41.988511614938751,34.365175680006089],[41.988520852594931,34.365210896018453],[41.988558084499758,34.365367288640371],[41.988577476367603,34.365457911023881],[41.988035456277487,34.365555168789079],[41.988074438905514,34.365723101660031],[41.987402640469213,34.36584427488885],[41.987323302738631,34.365560149513634],[41.989687384527357,34.36423990937616],[41.989691037610271,34.364238158809513],[41.989697565821182,34.364235094939119],[41.989704127287709,34.364232079831837],[41.989710720923831,34.364229113514234],[41.989717346729542,34.364226195986269],[41.989724002532775,34.36422332730104],[41.989730689451605,34.364220508332615],[41.989737406367965,34.364217738206939],[41.989744153345896,34.364215018725183],[41.98975092818133,34.364212349039882],[41.989757733078349,34.364209729998507],[41.989764564746835,34.364207160780104],[41.989771424304863,34.364204642258727],[41.989778309612355,34.364202175388058],[41.989785222809402,34.364199759214429],[41.98979216063789,34.364197393817463],[41.989799124215885,34.364195080071191],[41.989806112457359,34.364192818002181],[41.989813124308284,34.364190608537591],[41.989820159704664,34.364188449876188],[41.989827217624473,34.364186343845745],[41.989834299153777,34.364184290419701],[41.989848525406629,34.364180340666046],[41.989862067963301,34.364176024535084],[41.989876454951407,34.36417249900871],[41.989890916893138,34.36416918617897],[41.989912736633038,34.364164619906546],[41.989935018390106,34.364160483114233],[41.990193101256907,34.364116559005502],[41.990610100269173,34.364044439647628],[41.990596176041109,34.364108967198263],[41.990592456614735,34.36414137477059],[41.990590931828443,34.364182097175664],[41.990526267551431,34.364183698283661],[41.989776951660566,34.364318872759981],[41.989797084019536,34.364395593622994],[41.989607133579653,34.364431109885558],[41.989630425512509,34.364519903372702],[41.989358256329609,34.364569008416616],[41.989492534660336,34.365080890149315],[41.989513169718464,34.365128088166635],[41.989484148880138,34.365156519831189],[41.989477368490398,34.365200284900098],[41.989475963377934,34.365200540088729],[41.989499970714171,34.365289731643109],[41.989514850179035,34.365356223985209],[41.989122897551482,34.365426926270615],[41.989104382679457,34.365361421415749],[41.989082339864922,34.365271799567132],[41.989042943074026,34.365118624822649],[41.989033705215107,34.365083408860229],[41.9886408774274,34.365154268877326]]],[[[41.987324917319988,34.366154366973696],[41.986627739038639,34.366280224001606],[41.986615969671867,34.36623748986824],[41.986663466654548,34.36622974613033],[41.986640875034169,34.366143613849715],[41.98651218921006,34.366167670636152],[41.98650394474047,34.366151493709111],[41.986154424261152,34.366214532363635],[41.986093038775074,34.365988288609799],[41.986091406423554,34.36598229816429],[41.986227472636081,34.365965492591847],[41.986362700679329,34.365942913447142],[41.986496845681863,34.365914601616581],[41.986629664733442,34.36588060836732],[41.98676091732483,34.365840995254466],[41.98689036578336,34.365795834009582],[41.987087130280855,34.36568842277871],[41.987181981385234,34.365638302499903],[41.987324917319988,34.366154366973696]]]]},"properties":{"OBJECTID":174,"Name":"خضراء","اسم_المؤسس":null,"Shape_Length":1243.4436942169839,"Shape_Area":17192.040990385562,"رقم_القطعة":null}},{"type":"Feature","id":176,"geometry":{"type":"Polygon","coordinates":[[[41.993696159348538,34.365694390974753],[41.993644528041699,34.365670702655144],[41.993595902931851,34.3656484054804],[41.993542040211551,34.365634095701047],[41.993486687270284,34.365624459117655],[41.993190385542086,34.364518761679321],[41.993174127895429,34.364458975666807],[41.993055335741907,34.364022145052985],[41.993534416420296,34.36406942397263],[41.995174740891002,34.364230785373643],[41.995236333243582,34.36424298309305],[41.995297444953088,34.364257397017454],[41.994974206784576,34.36449599586458],[41.994853971566677,34.36465321024518],[41.994437042876143,34.365198363005462],[41.994311646757858,34.365133055845099],[41.994365435733506,34.365062020947654],[41.994293902669085,34.36502477205368],[41.994240112565947,34.365095806948524],[41.99417507849801,34.365061942219697],[41.993696159348538,34.365694390974753]]]},"properties":{"OBJECTID":176,"Name":"خضراء","اسم_المؤسس":null,"Shape_Length":673.39810943796499,"Shape_Area":19694.942846983035,"رقم_القطعة":null}},{"type":"Feature","id":177,"geometry":{"type":"MultiPolygon","coordinates":[[[[41.996468832829393,34.364971719603012],[41.996637794391425,34.365184877212485],[41.996810420569169,34.365395078018096],[41.996817881939577,34.365403563818973],[41.996832294727668,34.365419829509918],[41.996846778810429,34.365436051988027],[41.996861335209729,34.365452229425472],[41.996875962871641,34.365468362749432],[41.996890661796172,34.365484451959873],[41.996905431951248,34.365500496156173],[41.996920273304781,34.365516494437685],[41.996935184834911,34.365532448632258],[41.996950166477482,34.365548356938589],[41.99696521931854,34.365564219330111],[41.996980342272046,34.365580035833332],[41.996995534251973,34.365595806474914],[41.997010796312274,34.365611530327563],[41.997026128485054,34.36562720829189],[41.997041528534041,34.36564283861987],[41.997056998695527,34.365658423059458],[41.997072537819271,34.365673959836052],[41.997088144819237,34.365689448976234],[41.99710382078149,34.365704890453351],[41.997119564619972,34.365720284294007],[41.997135377420754,34.365735630471541],[41.997148795243923,34.365748558330779],[41.998109870899548,34.366734670147203],[41.998114673003677,34.366740789113713],[41.998119493851192,34.366747037420225],[41.998124255003624,34.36675331873856],[41.998128954224619,34.366759631320797],[41.998133590428104,34.366765975193587],[41.998138165786187,34.366772350303656],[41.998142679180702,34.366778755777048],[41.99814712840741,34.366785190766436],[41.998148064600485,34.366786570372248],[41.9971945856527,34.36628509290977],[41.996620087315009,34.365987348476096],[41.996609147799134,34.365975424368585],[41.996916524636347,34.365566497029988],[41.995959459739211,34.365064969124226],[41.995751779197711,34.365339237303601],[41.995628635466694,34.365273082234573],[41.995706904497652,34.365172046552317],[41.996002267354669,34.36490959650272],[41.996186367286434,34.364821805175218],[41.996218924142582,34.364813347148129],[41.996252383821208,34.364809892150163],[41.996285982037492,34.364811519100243],[41.996318951342175,34.364818190835656],[41.996321286440576,34.364820180674862],[41.996328919612793,34.364827023576794],[41.996336497756026,34.36483390838891],[41.996344020902363,34.364840836011851],[41.996351487869511,34.364847803770424],[41.996358898721617,34.364854813465854],[41.996366253426615,34.364861864197529],[41.996373550834285,34.364868954190889],[41.996380791008789,34.364876085247111],[41.996387973918033,34.364883256465639],[41.996395098443898,34.36489046697249],[41.996468832829393,34.364971719603012]]],[[[41.998252565110327,34.366997241318877],[41.998254878347652,34.367004407417276],[41.998257121472633,34.367011588755446],[41.998259294485237,34.367018785333329],[41.998261397353353,34.367025996250369],[41.998263428958779,34.367033220632578],[41.998265390387573,34.367040458453339],[41.99826728052151,34.367047708838669],[41.998269100478787,34.367054972662586],[41.998270850163038,34.367062247223252],[41.998272527466341,34.367069534375162],[41.998274134496576,34.367076832263827],[41.998275669081593,34.367084140942517],[41.998277133329296,34.3670914585568],[41.998278525131752,34.36709878696113],[41.99827984551078,34.367106124327663],[41.998281095520326,34.36711346972919],[41.998282271934265,34.367120824146198],[41.998283377946585,34.367128185697617],[41.9982844113851,34.367135554436679],[41.998285373303787,34.36714292943617],[41.998286262616524,34.367150310722735],[41.998287079323291,34.36715769829636],[41.998287824478055,34.367165091229829],[41.998288498048666,34.367172488622536],[41.998289098949044,34.367179890501113],[41.998289627114936,34.367187295064383],[41.998290083696624,34.367194704086899],[41.998290467543789,34.367202115794079],[41.998290778624316,34.367209529285347],[41.998290821677593,34.367210858676842],[41.998145163537558,34.36713434791443],[41.998251098248737,34.366992837952154],[41.998252565110327,34.366997241318877]]],[[[41.998286961412816,34.367318771814638],[41.998286761230887,34.36732068766289],[41.998285914707907,34.367328072748805],[41.998284996247108,34.367335452387387],[41.998284005784278,34.367342824777452],[41.998282944437562,34.367350190792941],[41.998281810002695,34.367357549586501],[41.998280603533608,34.367364900230953],[41.998279326116361,34.367372242699645],[41.998277976632764,34.367379576118573],[41.998276555050651,34.367386899587189],[41.998275063606407,34.367394214853384],[41.998273498913328,34.367401518394679],[41.998271864293848,34.367408811932378],[41.998270158629758,34.367416094592507],[41.998268380770739,34.367423364600477],[41.99826653292105,34.36743062280366],[41.998264613994579,34.367437869228638],[41.998262623894973,34.367445101173658],[41.998260563772526,34.367452320413257],[41.998258432476916,34.367459525172876],[41.99825623218026,34.367466715399246],[41.998253960710414,34.367473891145629],[41.998251620207398,34.367481051458171],[41.998249208434792,34.367488194588908],[41.99824672871506,34.367495322259153],[41.998244177725716,34.367502432747607],[41.998241558724978,34.36750952597437],[41.998238869540678,34.367516601992691],[41.998236112280722,34.367523658948116],[41.998233285891125,34.367530697767883],[41.998230390307661,34.367537716650766],[41.998227427734584,34.367544716444094],[41.998224395935473,34.367551695399975],[41.998221296028518,34.367558654392305],[41.998218127981595,34.367565592520542],[41.998214892848651,34.367572508857407],[41.99821158951147,34.367579402528968],[41.998208220174327,34.367586274382539],[41.998204782632918,34.367593123570735],[41.998201279059387,34.367599950040372],[41.998197709389515,34.367606751990181],[41.998194072537189,34.367613529446835],[41.998190369588478,34.367620282383662],[41.998186601629456,34.367627010774044],[41.998182767541898,34.367633713744013],[41.998178868379782,34.367640390366319],[41.998174904143077,34.367647040640968],[41.998170874799669,34.367653663667348],[41.998166780381652,34.367660260346057],[41.998162622996951,34.367666828822649],[41.998158400473386,34.367673369150339],[41.998154114951006,34.367679880375285],[41.998149765375835,34.367686363424717],[41.998145353855769,34.367692816444155],[41.998140878250766,34.367699240387473],[41.998136340668772,34.367705633400199],[41.998131740023659,34.367711995508941],[41.998127983636913,34.367717097512021],[41.998014249365688,34.367863511051098],[41.997956755280107,34.367833052024217],[41.997866992106765,34.367786322588209],[41.998239663372402,34.367294151793125],[41.998286961412816,34.367318771814638]]],[[[41.997572057897166,34.368432748527333],[41.997523645484542,34.368401397860751],[41.99758071387437,34.368326510703035],[41.997492669078241,34.368280669112764],[41.997772434243799,34.367911197691576],[41.997861761372818,34.367957707128667],[41.997906821627993,34.367898576598044],[41.997963152944124,34.367929288598766],[41.997572057897166,34.368432748527333]]],[[[41.996518508954843,34.368835072265291],[41.996102188196424,34.369378312099045],[41.996030543388358,34.369341502475173],[41.996446402808225,34.368792324122701],[41.996518508954843,34.368835072265291]]],[[[41.996456110519304,34.369658837679509],[41.996116650770361,34.370027008879092],[41.996113126911311,34.370030161736913],[41.996102939713033,34.370039180930462],[41.996092694398172,34.370048155576328],[41.996082393074737,34.370057083820136],[41.996072034720825,34.370065967489658],[41.996061619304321,34.370074805684304],[41.996051147911338,34.370083598377413],[41.996040620509781,34.3700923446684],[41.996030037099644,34.370101044557231],[41.996019398767061,34.370109698017295],[41.996008704393795,34.370118304174568],[41.996008295300776,34.370118629682999],[41.995953289588108,34.370088046581017],[41.995993645766653,34.370035091978203],[41.99590247426864,34.369987623158735],[41.99618836793335,34.369610080852979],[41.996280849462721,34.369658232169023],[41.996330304493469,34.369593337387755],[41.996456110519304,34.369658837679509]]],[[[41.99579093866447,34.370105077026778],[41.995899656079537,34.370158423071423],[41.995932433745018,34.370177142280681],[41.99593233210971,34.370177218684461],[41.995921208832698,34.370185442337615],[41.995910032709183,34.370193616806851],[41.995898805911381,34.370201742038894],[41.995887526267062,34.370209818086984],[41.995876194862348,34.370217844924476],[41.995864812719169,34.370225820723562],[41.995853380987825,34.370233747258808],[41.995841897464018,34.370241623682801],[41.995830364287869,34.370249449041744],[41.995818781491472,34.370257224236198],[41.995807149042761,34.370264948365559],[41.995795466909641,34.370272620529207],[41.995783736242402,34.370280242501721],[41.995771956976881,34.370287812481891],[41.995760130199194,34.370295330443078],[41.995748255909355,34.370302796385282],[41.995736333021256,34.370310210335113],[41.995724363675023,34.370317571338695],[41.995712346816667,34.370324880323267],[41.995700284586334,34.370332136334973],[41.995688174779694,34.370339338526421],[41.995676020719294,34.370346488618971],[41.99566382016873,34.370353584864631],[41.995651574214129,34.370360627236771],[41.995639283941614,34.370367615708766],[41.995626949351198,34.370374550280637],[41.995614570442896,34.370381430952314],[41.995602148270741,34.370388256796623],[41.995589682834741,34.370395027813515],[41.995577173080889,34.370401744930213],[41.995564622203347,34.370408406265675],[41.995554779102761,34.370413569865335],[41.995789653726774,34.370101292933164],[41.99579093866447,34.370105077026778]]]]},"properties":{"OBJECTID":177,"Name":"خضراء","اسم_المؤسس":null,"Shape_Length":1540.6598829831489,"Shape_Area":12061.928556522436,"رقم_القطعة":null}},{"type":"Feature","id":179,"geometry":{"type":"Polygon","coordinates":[[[41.990457752193272,34.37124443731976],[41.989878418754543,34.371984463307321],[41.989798074558543,34.372090724757058],[41.98935449045964,34.371855388520558],[41.989436169433723,34.371749234434802],[41.989787705958364,34.371929045549869],[41.99042466779261,34.371076360384365],[41.990236620276661,34.370317781736631],[41.989853092651558,34.370392232628987],[41.989792395719562,34.370168988623355],[41.990147229900792,34.37008088765262],[41.990180972807678,34.370184492983633],[41.990315054882245,34.370162104817695],[41.990296223788263,34.37009898943829],[41.990258069239601,34.37010587251136],[41.990237243974022,34.370025899432264],[41.991057378006929,34.369877955655937],[41.991078203995286,34.369957928557916],[41.990668137555552,34.370031900740749],[41.990680994748658,34.370142303893772],[41.990326623003078,34.370206229763625],[41.990481703675293,34.370797332397146],[41.990559242834905,34.371092885433022],[41.990457752193272,34.37124443731976]]]},"properties":{"OBJECTID":179,"Name":"خضراء","اسم_المؤسس":null,"Shape_Length":840.27653940009657,"Shape_Area":5214.241938597037,"رقم_القطعة":null}},{"type":"Feature","id":180,"geometry":{"type":"Polygon","coordinates":[[[41.983489046523282,34.368466574281619],[41.983544847287547,34.368497414188226],[41.983530053435288,34.368516186036892],[41.983003192071195,34.369199797617782],[41.983384075624222,34.369406203469815],[41.983393150588391,34.36942189613162],[41.983309561543869,34.369538412072757],[41.982843608561481,34.369305210395915],[41.983489046523282,34.368466574281619]]]},"properties":{"OBJECTID":180,"Name":"خضراء","اسم_المؤسس":null,"Shape_Length":318.06267216323658,"Shape_Area":1409.1116142213014,"رقم_القطعة":null}},{"type":"Feature","id":181,"geometry":{"type":"Polygon","coordinates":[[[41.984506797563668,34.369014939686387],[41.984429998950752,34.369104531031347],[41.984027799613024,34.368906856681839],[41.984091896799207,34.368816573177739],[41.984029314063129,34.368783113727574],[41.984035870516308,34.36876879198492],[41.984268699496589,34.368466918677086],[41.984293957602794,34.368433736834888],[41.984504006743443,34.368543994115456],[41.984513635764017,34.368548587865142],[41.984320234517185,34.368819400183064],[41.984349765043305,34.368940342948179],[41.984506797563668,34.369014939686387]]]},"properties":{"OBJECTID":181,"Name":"خضراء","اسم_المؤسس":null,"Shape_Length":208.71892931000122,"Shape_Area":1687.5977281788723,"رقم_القطعة":null}},{"type":"Feature","id":183,"geometry":{"type":"Polygon","coordinates":[[[41.981060560488373,34.374654590438986],[41.980895084121499,34.374851942307636],[41.980853080323101,34.37485422731497],[41.98057754008093,34.374709826661515],[41.980744111513339,34.374491774200997],[41.981060560488373,34.374654590438986]]]},"properties":{"OBJECTID":183,"Name":"خضراء","اسم_المؤسس":null,"Shape_Length":123.46744899941538,"Shape_Area":965.20767390575645,"رقم_القطعة":null}},{"type":"Feature","id":184,"geometry":{"type":"Polygon","coordinates":[[[41.980494329037782,34.374829246740347],[41.980813000900007,34.3749983155435],[41.980670132631509,34.375183471831321],[41.980351447806271,34.375014418309647],[41.980494329037782,34.374829246740347]]]},"properties":{"OBJECTID":184,"Name":"خضراء","اسم_المؤسس":null,"Shape_Length":118.42480752900418,"Shape_Area":849.39084585075204,"رقم_القطعة":null}},{"type":"Feature","id":185,"geometry":{"type":"Polygon","coordinates":[[[41.981663963831167,34.374740501597188],[41.981805603190274,34.374815932079372],[41.981949098214585,34.374807471550312],[41.981960373332043,34.374806716224384],[41.981971628647749,34.374807724519712],[41.981982589981357,34.374810471874149],[41.981992990313984,34.374814891361929],[41.982002576292743,34.374820875324019],[41.982011114402482,34.374828277990638],[41.982018396654212,34.374836919032283],[41.982024245651736,34.37484658795254],[41.98202851891304,34.374857049215791],[41.982146348130115,34.375291538597651],[41.982096514278624,34.375363072358383],[41.981447495311663,34.375023845467609],[41.981482190787403,34.374974274802057],[41.981663963831167,34.374740501597188]]]},"properties":{"OBJECTID":185,"Name":"خضراء","اسم_المؤسس":null,"Shape_Length":205.21342546215431,"Shape_Area":2368.8120696811579,"رقم_القطعة":null}},{"type":"Feature","id":186,"geometry":{"type":"Polygon","coordinates":[[[41.980864546208963,34.376850116449418],[41.981222605500143,34.376357554577311],[41.98133369400562,34.376411431780376],[41.980971708143066,34.376906960621355],[41.980864546208963,34.376850116449418]]]},"properties":{"OBJECTID":186,"Name":"خضراء","اسم_المؤسس":null,"Shape_Length":151.67945153999068,"Shape_Area":754.20206731002816,"رقم_القطعة":null}},{"type":"Feature","id":187,"geometry":{"type":"Polygon","coordinates":[[[41.982092122493846,34.377301427420036],[41.982303877169883,34.377406416372978],[41.981889057307612,34.37794614267208],[41.981676472254001,34.377842227905148],[41.982092122493846,34.377301427420036]]]},"properties":{"OBJECTID":187,"Name":"خضراء","اسم_المؤسس":null,"Shape_Length":187.61900329214765,"Shape_Area":1613.7068943724184,"رقم_القطعة":null}},{"type":"Feature","id":188,"geometry":{"type":"Polygon","coordinates":[[[41.981418210420614,34.377799365391063],[41.981662284870971,34.377921333785579],[41.981245524834314,34.378461439775556],[41.980996530096739,34.378347968966253],[41.981418210420614,34.377799365391063]]]},"properties":{"OBJECTID":188,"Name":"خضراء","اسم_المؤسس":null,"Shape_Length":195.73528189787964,"Shape_Area":1874.6762552678329,"رقم_القطعة":null}},{"type":"Feature","id":189,"geometry":{"type":"Polygon","coordinates":[[[41.982317839510294,34.378173583735567],[41.982450442470068,34.37799960889739],[41.98275482275956,34.378161059634252],[41.982622270974943,34.378336464949271],[41.982317839510294,34.378173583735567]]]},"properties":{"OBJECTID":189,"Name":"خضراء","اسم_المؤسس":null,"Shape_Length":112.40692595311933,"Shape_Area":762.69045832852726,"رقم_القطعة":null}},{"type":"Feature","id":190,"geometry":{"type":"Polygon","coordinates":[[[41.984110227817595,34.377873177610873],[41.984268598293056,34.377667923879365],[41.984532432158993,34.377807864629133],[41.984389146292195,34.377994617249605],[41.984352495312997,34.378001095918854],[41.984110227817595,34.377873177610873]]]},"properties":{"OBJECTID":190,"Name":"خضراء","اسم_المؤسس":null,"Shape_Length":110.3101817638353,"Shape_Area":776.53491996792297,"رقم_القطعة":null}},{"type":"Feature","id":191,"geometry":{"type":"Polygon","coordinates":[[[41.983975836986517,34.378009242056045],[41.984263775565303,34.378161383122773],[41.984144576644233,34.378316493810324],[41.983856616542162,34.378163756278731],[41.983975836986517,34.378009242056045]]]},"properties":{"OBJECTID":191,"Name":"خضراء","اسم_المؤسس":null,"Shape_Length":103.64799986861476,"Shape_Area":640.88956349501348,"رقم_القطعة":null}},{"type":"Feature","id":193,"geometry":{"type":"Polygon","coordinates":[[[41.984534129350514,34.378078076110242],[41.984953261329785,34.37753476385442],[41.985090394740389,34.377606496417464],[41.984672468056694,34.378148159005164],[41.984534129350514,34.378078076110242]]]},"properties":{"OBJECTID":193,"Name":"خضراء","اسم_المؤسس":null,"Shape_Length":172.78719228753141,"Shape_Area":1066.2450823630968,"رقم_القطعة":null}},{"type":"Feature","id":194,"geometry":{"type":"Polygon","coordinates":[[[41.985116855068284,34.377516615551968],[41.984979979941293,34.377457816159549],[41.985361983924719,34.376962704911961],[41.985497873347619,34.377022785399987],[41.985116855068284,34.377516615551968]]]},"properties":{"OBJECTID":194,"Name":"خضراء","اسم_المؤسس":null,"Shape_Length":158.65580498468879,"Shape_Area":920.37454654996611,"رقم_القطعة":null}},{"type":"Feature","id":195,"geometry":{"type":"Polygon","coordinates":[[[41.98543812263047,34.376897139321471],[41.98557587652877,34.376718597086466],[41.985877958287475,34.376878821571921],[41.985946296153706,34.376907670222558],[41.985815797955148,34.377082801495931],[41.98543812263047,34.376897139321471]]]},"properties":{"OBJECTID":195,"Name":"خضراء","اسم_المؤسس":null,"Shape_Length":126.83312619571123,"Shape_Area":920.83671941325247,"رقم_القطعة":null}},{"type":"Feature","id":198,"geometry":{"type":"Polygon","coordinates":[[[41.980134811172178,34.378007674496651],[41.979943054413134,34.378257751753509],[41.980867596846018,34.378748174977048],[41.981062435107233,34.378495678482707],[41.98121501742915,34.37855774184596],[41.981014090835153,34.378818133561559],[41.98195657490583,34.379319266332296],[41.98215778502378,34.379057818796298],[41.983132617368994,34.379565126376832],[41.983282099143146,34.379374520129801],[41.983314910920825,34.379331623731659],[41.983397401860465,34.379376306594267],[41.983474739096408,34.379423516455098],[41.983717028203245,34.380258770454851],[41.98350593287276,34.380232183668205],[41.98349668334734,34.380006591355354],[41.982989039722462,34.379748204225749],[41.982838204457778,34.379940533267735],[41.980108320325044,34.378565146421685],[41.980012844185509,34.378502071839463],[41.979920469398969,34.378434536700794],[41.979831404184274,34.37836269323433],[41.980061713192931,34.378041708755184],[41.980134811172178,34.378007674496651]]]},"properties":{"OBJECTID":198,"Name":"خضراء","اسم_المؤسس":null,"Shape_Length":1106.6905516225888,"Shape_Area":12956.415730276216,"رقم_القطعة":null}},{"type":"Feature","id":200,"geometry":{"type":"Polygon","coordinates":[[[41.984865005824531,34.375270847466673],[41.984919656749895,34.375461246260244],[41.984871854049096,34.375482115753734],[41.984790205413951,34.375527535101732],[41.98472213749092,34.375574800656942],[41.984668111520207,34.375612315616422],[41.984629326447902,34.375639247594442],[41.984552033007212,34.375739427198774],[41.984165938197485,34.375539681981017],[41.983749938284838,34.376078845319221],[41.983657374766118,34.376029747284697],[41.984325110207863,34.375128921459037],[41.984218722418063,34.374684342717181],[41.984688352648249,34.374597378167586],[41.984716615417447,34.374705121029066],[41.984359678360256,34.3747696778061],[41.984508025294154,34.375335222816403],[41.984865005824531,34.375270847466673]]]},"properties":{"OBJECTID":200,"Name":"خضراء","اسم_المؤسس":null,"Shape_Length":546.93585865946648,"Shape_Area":4536.1128062023208,"رقم_القطعة":null}},{"type":"Feature","id":201,"geometry":{"type":"Polygon","coordinates":[[[41.98339294497962,34.375305568305727],[41.983143385434587,34.375173626115057],[41.983093459003456,34.374983961153987],[41.983460220092418,34.374912874827736],[41.983470302970417,34.374950637748569],[41.98339598799177,34.374963898605756],[41.983421922091061,34.3750786970174],[41.983651173309909,34.375040221533602],[41.983625672758954,34.374925762339338],[41.983553779751531,34.374936199629772],[41.98354494288504,34.374896727023973],[41.98390594836966,34.374827919713155],[41.983732587314506,34.374169372063022],[41.983842166265781,34.374148478370756],[41.98400660827815,34.37478610860002],[41.983834308468367,34.375037154444932],[41.98353440377106,34.375096702560178],[41.98339294497962,34.375305568305727]]]},"properties":{"OBJECTID":201,"Name":"خضراء","اسم_المؤسس":null,"Shape_Length":431.95182591509342,"Shape_Area":2407.2677995973431,"رقم_القطعة":null}},{"type":"Feature","id":202,"geometry":{"type":"Polygon","coordinates":[[[41.986752101311943,34.371478909362942],[41.98675018905557,34.371456140088355],[41.987052443860065,34.371401427913341],[41.987156377663382,34.37139577744928],[41.987207945112111,34.371402622136429],[41.987257707623279,34.371415758426735],[41.987321009531627,34.371439964713552],[41.987250230411767,34.371531401903248],[41.987185449166951,34.371610494930287],[41.987132924795617,34.371694150610971],[41.987089792272108,34.371684533594916],[41.986818858509885,34.371733397922959],[41.986752101311943,34.371478909362942]]]},"properties":{"OBJECTID":202,"Name":"خضراء","اسم_المؤسس":null,"Shape_Length":148.28873038670329,"Shape_Area":1325.1631510489431,"رقم_القطعة":null}},{"type":"Feature","id":204,"geometry":{"type":"Polygon","coordinates":[[[41.993452752337262,34.368773485945802],[41.993038943087576,34.368848142512547],[41.992970089322142,34.36859077773061],[41.993287733725104,34.368533470830606],[41.993393329408839,34.368546985768127],[41.993452752337262,34.368773485945802]]]},"properties":{"OBJECTID":204,"Name":"خضراء","اسم_المؤسس":null,"Shape_Length":133.71181369964023,"Shape_Area":1125.9057414205674,"رقم_القطعة":null}},{"type":"Feature","id":207,"geometry":{"type":"Polygon","coordinates":[[[41.99530799368172,34.365394159453913],[41.995166580934679,34.365578228697572],[41.994877684213961,34.36542780983762],[41.99501764723874,34.365242975085508],[41.99530799368172,34.365394159453913]]]},"properties":{"OBJECTID":207,"Name":"خضراء","اسم_المؤسس":null,"Shape_Length":111.39642431007221,"Shape_Area":762.41862606635209,"رقم_القطعة":null}},{"type":"Feature","id":208,"geometry":{"type":"Polygon","coordinates":[[[41.995110232584651,34.365638005183506],[41.994976256678335,34.36581793409038],[41.994675384687064,34.365661279292333],[41.994810990245526,34.365482199561932],[41.995110232584651,34.365638005183506]]]},"properties":{"OBJECTID":208,"Name":"خضراء","اسم_المؤسس":null,"Shape_Length":112.15662765828186,"Shape_Area":765.3040857778592,"رقم_القطعة":null}},{"type":"Feature","id":209,"geometry":{"type":"Polygon","coordinates":[[[41.99140207063801,34.365016702960226],[41.990983629860445,34.365096104861514],[41.990908221261954,34.364809440546168],[41.991765763189719,34.364654736588278],[41.991775071764131,34.364714123136999],[41.991346300961787,34.364791475895508],[41.99140207063801,34.365016702960226]]]},"properties":{"OBJECTID":209,"Name":"خضراء","اسم_المؤسس":null,"Shape_Length":225.39524458725907,"Shape_Area":1553.4912098168722,"رقم_القطعة":null}},{"type":"Feature","id":210,"geometry":{"type":"Polygon","coordinates":[[[41.990851098095312,34.365116099398641],[41.99046045925401,34.365186570077931],[41.990408140107078,34.364967982510869],[41.990778236709438,34.364895453553409],[41.990851098095312,34.365116099398641]]]},"properties":{"OBJECTID":210,"Name":"خضراء","اسم_المؤسس":null,"Shape_Length":121.91925884872248,"Shape_Area":899.02321220842077,"رقم_القطعة":null}},{"type":"Feature","id":211,"geometry":{"type":"Polygon","coordinates":[[[41.988371003377566,34.366448355259195],[41.988393893996715,34.366541992041604],[41.988324979480204,34.366555943080876],[41.988281174088563,34.366571764754177],[41.988245026740813,34.366589300315866],[41.98819974246048,34.366618475233842],[41.988165133220136,34.366648155474707],[41.988127455142653,34.366692239187536],[41.988108727829896,34.366722335384516],[41.988089472915554,34.36676640069193],[41.98807876721397,34.366809635144676],[41.988008372132164,34.366822246667404],[41.988002101657543,34.366793995275117],[41.98793954669636,34.366555520483615],[41.987931506376398,34.366527629617458],[41.988371003377566,34.366448355259195]]]},"properties":{"OBJECTID":211,"Name":"خضراء","اسم_المؤسس":null,"Shape_Length":136.581782023198,"Shape_Area":789.7158124319418,"رقم_القطعة":null}},{"type":"Feature","id":212,"geometry":{"type":"Polygon","coordinates":[[[41.99189031736325,34.3664973762804],[41.992190176028785,34.366443380283947],[41.992272917905979,34.366733389484672],[41.991965007546092,34.36678206169676],[41.99189031736325,34.3664973762804]]]},"properties":{"OBJECTID":212,"Name":"خضراء","اسم_المؤسس":null,"Shape_Length":122.50154201046855,"Shape_Area":933.23712075329422,"رقم_القطعة":null}},{"type":"Feature","id":213,"geometry":{"type":"Polygon","coordinates":[[[41.975266427874629,34.375381595406736],[41.975604883003562,34.375560976430386],[41.975462625736114,34.375746428470102],[41.975124662607989,34.375565757823232],[41.975266427874629,34.375381595406736]]]},"properties":{"OBJECTID":213,"Name":"خضراء","اسم_المؤسس":null,"Shape_Length":122.6116087822376,"Shape_Area":899.49631979590458,"رقم_القطعة":null}},{"type":"Feature","id":214,"geometry":{"type":"Polygon","coordinates":[[[41.97362152077536,34.374503637319457],[41.973475023348293,34.374694384980053],[41.973137011699748,34.374513854869548],[41.973277565677755,34.37432502515712],[41.97362152077536,34.374503637319457]]]},"properties":{"OBJECTID":214,"Name":"خضراء","اسم_المؤسس":null,"Shape_Length":124.07451860796617,"Shape_Area":924.20864673768278,"رقم_القطعة":"10020"}},{"type":"Feature","id":215,"geometry":{"type":"Polygon","coordinates":[[[41.976371087543946,34.376926941308824],[41.976075382867585,34.377304883407135],[41.975901412956851,34.377212684815689],[41.976197121477291,34.37683474483164],[41.976371087543946,34.376926941308824]]]},"properties":{"OBJECTID":215,"Name":"خضراء","اسم_المؤسس":null,"Shape_Length":137.99983226108361,"Shape_Area":949.97473705133439,"رقم_القطعة":null}},{"type":"Feature","id":216,"geometry":{"type":"Polygon","coordinates":[[[41.975762258029683,34.377299446674243],[41.975991164487738,34.377420758333045],[41.975754595615662,34.3777231100688],[41.975525687490382,34.377601797122821],[41.975762258029683,34.377299446674243]]]},"properties":{"OBJECTID":216,"Name":"خضراء","اسم_المؤسس":null,"Shape_Length":129.9998661188271,"Shape_Area":999.97488306687512,"رقم_القطعة":null}},{"type":"Feature","id":218,"geometry":{"type":"Polygon","coordinates":[[[41.989169768860698,34.360408284592019],[41.989362924555962,34.360087216074433],[41.9922127704478,34.361286327544136],[41.991874869316092,34.361870403617587],[41.991395861790508,34.361634963549683],[41.989898981577802,34.360863501133288],[41.989713145532683,34.360755445189817],[41.989529611321736,34.360643524164104],[41.989348459320361,34.360527787069863],[41.989169768860698,34.360408284592019]]]},"properties":{"OBJECTID":218,"Name":"خضراء","اسم_المؤسس":null,"Shape_Length":703.35832417590609,"Shape_Area":17433.923854637746,"رقم_القطعة":null}},{"type":"Feature","id":223,"geometry":{"type":"MultiPolygon","coordinates":[[[[41.992138540692643,34.364518137562456],[41.992172250274415,34.364640092796392],[41.991864671191273,34.364695573654842],[41.991841146223862,34.364571790833622],[41.992138540692643,34.364518137562456]]],[[[41.992034311186281,34.364141143373509],[41.992035959348101,34.364140846154136],[41.992138540692643,34.364518137562456],[41.992034311186281,34.364141143373509]]],[[[41.992034311186281,34.364141143373509],[41.991738552057491,34.364194501258488],[41.991697232589523,34.364042518370894],[41.991798092002298,34.364024322672684],[41.991779927269825,34.363957524316007],[41.991590734141987,34.363991082598574],[41.990735445075892,34.364150761619861],[41.990761666863108,34.364016623675617],[41.990768617942464,34.364015365707864],[41.990790931692665,34.364011397440201],[41.990813261961073,34.36400749636875],[41.990835609801735,34.364003661566329],[41.990857973106692,34.363999894887286],[41.990880354016042,34.363996195377865],[41.990902750357755,34.363992563091188],[41.990925162163926,34.36398899892783],[41.990947590456564,34.363985501060029],[41.990970033127716,34.363982071342086],[41.990992490145409,34.36397870887339],[41.991014962627759,34.363975414528007],[41.991037449424695,34.363972186531235],[41.991059949546361,34.363969027611454],[41.991082464014745,34.363965935940882],[41.99110499065786,34.363962911572635],[41.991127531679851,34.363959955354176],[41.991150084876658,34.36395706643804],[41.991172650280383,34.363954245724777],[41.991195228977091,34.363951493187876],[41.991217818794766,34.363948808880387],[41.991240419701448,34.363946191901753],[41.991263032815233,34.363943643125964],[41.991285657018139,34.363941161678994],[41.991308291288213,34.363938749388609],[41.991330935561464,34.363936404453582],[41.991353590988034,34.363934128648545],[41.991376255331858,34.363931920225419],[41.991398929711032,34.363929780058221],[41.991421613039591,34.363927708173527],[41.991444305285562,34.363925703670731],[41.991467006513048,34.363923768351],[41.991489715604033,34.363921901340305],[41.991512433644623,34.363920102612099],[41.99153515846281,34.363918372219466],[41.991557891144659,34.363916710135854],[41.99158063060419,34.363915116387815],[41.991603376841468,34.363913590975343],[41.991626129856549,34.363912133898438],[41.991648889681521,34.363910746057698],[41.991671654080292,34.363909425705025],[41.991694425289076,34.363908174588502],[41.991717201071758,34.363906990960068],[41.991739982578508,34.363905876594309],[41.991762767605294,34.363904830643797],[41.991785558356263,34.363903853955982],[41.991808352595328,34.363902944782765],[41.991831150386624,34.363902104925366],[41.991837023849037,34.363901905350843],[41.991971851261916,34.363915212245836],[41.992034311186281,34.364141143373509]]]]},"properties":{"OBJECTID":223,"Name":"خضراء","اسم_المؤسس":null,"Shape_Length":484.74955980693949,"Shape_Area":2166.2023096326125,"رقم_القطعة":null}},{"type":"Feature","id":224,"geometry":{"type":"Polygon","coordinates":[[[41.982624702236862,34.360522380471465],[41.982573352508119,34.360502193639377],[41.982520352577353,34.360485191227518],[41.982465989131107,34.360471465205229],[41.982410556230981,34.360461089819246],[41.982354353723153,34.360454121192141],[41.982297685616473,34.360450597018762],[41.98224085843821,34.360450536362315],[41.982184179576073,34.360453939551277],[41.982127955615624,34.360460788177576],[41.982072490682022,34.360471045196178],[41.982018084795065,34.36048465512544],[41.9819650322464,34.360501544347208],[41.981913620007781,34.360521621504951],[41.98186412617882,34.360544777997937],[41.981816818482777,34.360570888568624],[41.981771952818441,34.360599811980123],[41.981767168087927,34.360601890542036],[41.981762114944594,34.360603186616153],[41.981756920456206,34.360603667611024],[41.98175171524484,34.360603321431419],[41.98174663020221,34.36060215678247],[41.981741793198246,34.360600202950764],[41.981660637234178,34.360557658140124],[41.981657644193369,34.360556107713975],[41.981654947461614,34.360554085400352],[41.981652620728781,34.360551646460245],[41.981650727574284,34.3605488575392],[41.981649319729755,34.36054579484621],[41.981648435665413,34.360542542071279],[41.981648099538866,34.360539188098485],[41.981648320534987,34.360535824577227],[41.981649092614909,34.360532543417811],[41.981650394681076,34.360529434279947],[41.981652191153714,34.360526582122766],[41.982439951412879,34.359538035011667],[41.983108435084816,34.35988575455481],[41.983156525994971,34.359889084905731],[41.983418606826504,34.360022539438788],[41.983476700861232,34.360051824608021],[41.983382024908991,34.360176033887193],[41.983603949370085,34.360292368482689],[41.983379504846475,34.360595230068149],[41.983042823568177,34.360412559174982],[41.983193907714025,34.360208480111886],[41.98254723480057,34.359845989947978],[41.982201207269199,34.360307099986365],[41.982582298368584,34.36049904905034],[41.982624702236862,34.360522380471465]]]},"properties":{"OBJECTID":224,"Name":"خضراء","اسم_المؤسس":null,"Shape_Length":663.93048806576917,"Shape_Area":7330.4398763312602,"رقم_القطعة":null}},{"type":"Feature","id":226,"geometry":{"type":"Polygon","coordinates":[[[41.992976528485912,34.36836391915805],[41.993285383251532,34.36830819752133],[41.993132923568844,34.367727133705465],[41.992899152309526,34.367667910206166],[41.993135329696905,34.367475360298599],[41.993234282610672,34.367653846950247],[41.993508605649517,34.367813528392638],[41.993484932437745,34.367875639354857],[41.993815539055404,34.36804927761321],[41.993856811097899,34.367996752868095],[41.993968061901839,34.368075475908931],[41.993987587431739,34.368180106027772],[41.993951876796572,34.368243411368816],[41.99372522757762,34.368528451781309],[41.993565784003884,34.368442748019945],[41.993479977943935,34.368400194624662],[41.993415470544818,34.368381740328822],[41.99334555705645,34.368376225252014],[41.993277846905066,34.368378372086788],[41.993220559744607,34.368383524985475],[41.992996576050956,34.368423115728667],[41.992976528485912,34.36836391915805]]]},"properties":{"OBJECTID":226,"Name":"خضراء","اسم_المؤسس":null,"Shape_Length":400.65803132482324,"Shape_Area":4624.2221489410394,"رقم_القطعة":null}},{"type":"Feature","id":229,"geometry":{"type":"Polygon","coordinates":[[[41.995726805637268,34.36440731639312],[41.995737779601207,34.364412436071007],[41.995748715243764,34.364417608967116],[41.995759613747246,34.364422837756628],[41.995764016221436,34.364424978875014],[41.995769703273865,34.364428242302282],[41.995781565196332,34.364435128577959],[41.99579338221767,34.364442066430065],[41.99580515542393,34.364449055832011],[41.995816883793246,34.364456098611647],[41.995828566143345,34.364463192093751],[41.995840202506322,34.364470337178943],[41.995851792850111,34.364477532966617],[41.995863337206799,34.364484780357422],[41.995874835576402,34.364492079351351],[41.995878616693524,34.364494506103362],[41.995651717952285,34.364655469001399],[41.995200789519892,34.364419218971278],[41.995092903108223,34.364561694496274],[41.995034263026795,34.364530064108259],[41.994974206784576,34.36449599586458],[41.995297444953088,34.364257397017454],[41.995310280559821,34.364260951398542],[41.99532232602823,34.36426398970633],[41.995334349721723,34.36426708803787],[41.995346350554286,34.364270246419721],[41.995358328525931,34.364273464851912],[41.995370282550653,34.364276743361074],[41.995382212596397,34.364280081046552],[41.995394117609223,34.364283478835603],[41.995405998643129,34.364286935801005],[41.995417853526064,34.364290451995991],[41.995429683344057,34.364294027393939],[41.995441485957166,34.364297662948665],[41.995453262355213,34.364301355931758],[41.99546501263444,34.36430510904507],[41.995476734558672,34.364308920540587],[41.995488428127892,34.36431279041831],[41.995500093342137,34.364316718678232],[41.995511730169355,34.364320704419768],[41.995523338673706,34.364324749444144],[41.995534916619022,34.364328852003354],[41.995546464037361,34.364333012998003],[41.995557981950633,34.36433723060032],[41.995569468250956,34.364341506664687],[41.995580923960205,34.364345839363324],[41.995592346938437,34.364350229650015],[41.995603738271683,34.364354677498206],[41.995615097927889,34.364359182007284],[41.995626423702916,34.364363742329871],[41.995637715660976,34.364368360267157],[41.995648974823908,34.36437303399137],[41.995660199051777,34.364377764456307],[41.995671389398545,34.364382550734774],[41.995682543692162,34.364387392880005],[41.995693663018685,34.364392290865375],[41.995704747346025,34.364397243790307],[41.995715794534235,34.364402252608635],[41.995726805637268,34.36440731639312]]]},"properties":{"OBJECTID":229,"Name":"خضراء","اسم_المؤسس":null,"Shape_Length":208.19026082111685,"Shape_Area":1626.3980389954183,"رقم_القطعة":null}},{"type":"Feature","id":236,"geometry":{"type":"Polygon","coordinates":[[[41.986813756433435,34.361483618450436],[41.986814638912726,34.361499041331058],[41.986815446521902,34.361514467842923],[41.986816178110928,34.361529896211309],[41.986816833711771,34.361545327336835],[41.986817413292393,34.361560760318909],[41.986817917938744,34.361576195131001],[41.986818345446814,34.361591630925531],[41.986818698020542,34.3616070685501],[41.986818975659901,34.3616225080047],[41.986819176128854,34.361637947541162],[41.986819301599375,34.361653387106408],[41.986819351017395,34.361668827627611],[41.98681932435089,34.361684268204186],[41.986819222685853,34.361699708809553],[41.986819044904209,34.361715148569637],[41.986818791005959,34.361730587484494],[41.986818460991017,34.361746025554069],[41.986818055913403,34.361761461851252],[41.986817574719026,34.361776897303166],[41.98681701737587,34.361792331009227],[41.986816384937931,34.361807762042289],[41.986815676351121,34.361823191329478],[41.986814892701425,34.361838618844288],[41.986814032838815,34.36185404281202],[41.986813096763242,34.361869463232651],[41.986812085592675,34.361884880980298],[41.986810999295081,34.361900295154342],[41.98680983678441,34.361915705781293],[41.986808598028624,34.361931111960565],[41.986807284113709,34.361946513665615],[41.986805895039623,34.361961910896447],[41.986804429720308,34.361977303679595],[41.986802889209741,34.361992691087913],[41.986801273507908,34.362008073121416],[41.986799581528714,34.362023449806593],[41.986797814358169,34.362038821116954],[41.986795971932246,34.362054185251274],[41.986794054314885,34.362069544010758],[41.986792060356038,34.362084895620718],[41.986789992227713,34.362100240028084],[41.986787847789813,34.362115578186526],[41.986785629150368,34.362130908241802],[41.986783334169289,34.362146231147541],[41.986780963900557,34.362161545976591],[41.986778519430175,34.362176852702461],[41.986775999672048,34.362192151351664],[41.986773404594175,34.362207441023557],[41.986770734196504,34.362222721718183],[41.986767989565017,34.362237993408975],[41.986765169613662,34.362253256122479],[41.986762274278419,34.362268508057461],[41.986759304709246,34.362283750988631],[41.986756259788095,34.362298984041885],[41.98675314056895,34.362314206290073],[41.986749945965776,34.362329417759739],[41.986746677064524,34.362344618424345],[41.986743333833196,34.362359807383299],[41.986739916303726,34.362374985537166],[41.986736424444089,34.362390151985359],[41.986732857168228,34.362405306754383],[41.986729216616148,34.362420448890589],[41.986725500647765,34.36243557934764],[41.986721711371118,34.362450696271232],[41.986717846646094,34.362465800615055],[41.986713908612735,34.36248089142542],[41.986709897302958,34.362495969602939],[41.986707477184723,34.362504892082477],[41.986702043303019,34.362522640668104],[41.986694554410093,34.362546829399797],[41.986686985562052,34.362571001154507],[41.986679337812859,34.362595155005053],[41.98667161119446,34.362619291852063],[41.986663804620733,34.362643411722054],[41.98665610256311,34.362666954853182],[41.986209746951275,34.362557984887061],[41.986185827223352,34.362470093808916],[41.986161908606164,34.362382201795249],[41.986137988991594,34.362294310700314],[41.986114070519733,34.362206419570491],[41.986090152104552,34.362118528432255],[41.986066232660022,34.362030637312159],[41.986042314358194,34.361942746157133],[41.986018395027017,34.361854855020241],[41.985994476838535,34.361766963848453],[41.985970558706732,34.361679072668252],[41.985946639513621,34.361591180605579],[41.985922721495172,34.36150328940861],[41.98565810203889,34.36155411532836],[41.985658122004651,34.361554187853656],[41.985624574798059,34.361560631506585],[41.985591205948886,34.361511624413737],[41.985545310980179,34.361455693034785],[41.985493955206557,34.361403129133819],[41.985437493990297,34.361354298106683],[41.985448011713828,34.361340498856457],[41.985593137776199,34.361150095891261],[41.985822736423415,34.36127044663052],[41.985880786521768,34.361194285123013],[41.985938836518045,34.361118123592604],[41.985996886412245,34.361041962039302],[41.986054936204368,34.360965800463106],[41.986112380381208,34.360890432450333],[41.986112985894415,34.360889638864009],[41.986171035514353,34.360813478142646],[41.986229085000247,34.360737316497776],[41.986287134384064,34.360661154829998],[41.986345183665804,34.360584993139348],[41.986403232845475,34.360508831425783],[41.986173635613866,34.360388481699026],[41.986289733982083,34.360236159306339],[41.985738636962566,34.359947184063302],[41.98604411076095,34.359546205788625],[41.986047370937129,34.359550352815155],[41.986136205809487,34.359658869315396],[41.986308992747098,34.359930091279686],[41.986317505103735,34.359943823445491],[41.986325951091196,34.359957584272898],[41.986334329591493,34.359971372887841],[41.986342639550585,34.359985190217465],[41.986350882022478,34.359999035334688],[41.986359056975154,34.360012907338849],[41.986367163386568,34.360026808057761],[41.986375201192722,34.360040735690184],[41.986383170393623,34.36005469023614],[41.986391070957239,34.360068670795044],[41.986398904033507,34.360082679141613],[41.986406667354487,34.360096712627055],[41.986414362070107,34.360110773026094],[41.986421987062343,34.360124859464648],[41.986429543385221,34.360138971015587],[41.986437029984678,34.360153108606092],[41.986444447882739,34.360167270408404],[41.986451794939356,34.360181457376207],[41.9864590733265,34.360195669456473],[41.986466281926162,34.360209905775108],[41.986473419652341,34.360224166358648],[41.986480488676968,34.360238451154089],[41.986487486796065,34.360252759313859],[41.986494414009613,34.360267090837979],[41.986501271435543,34.360281446600538],[41.986508058977911,34.360295823899726],[41.986514774560597,34.360310225490437],[41.986521420259656,34.360324648617784],[41.986527995021042,34.360339094208946],[41.986534498844712,34.360353562263924],[41.986540931698677,34.360368051882112],[41.986547292496894,34.360382563090049],[41.986553582325321,34.360397095861217],[41.986559801151969,34.360411649295038],[41.986565949008785,34.360426224292119],[41.986572024745783,34.360440819077766],[41.986578028426869,34.36045543545324],[41.986583961042093,34.360470070690177],[41.986589820483388,34.360484726642859],[41.98659560885875,34.360499401457034],[41.986601325146111,34.360514096960465],[41.9866069692495,34.360528810451306],[41.986612541232844,34.360543543730834],[41.986618039946151,34.360558295024312],[41.986623467593361,34.360573065179359],[41.986628821970477,34.360587853348378],[41.986634103077463,34.360602659531416],[41.986639312000278,34.360617483701958],[41.986644448706897,34.36063232495939],[41.986649512111313,34.360647183330251],[41.986654502213483,34.360662058814555],[41.986659419013357,34.360676951412309],[41.986664263564947,34.360691860196404],[41.986669034750207,34.360706784292724],[41.986673731547086,34.360721725529068],[41.986678356063585,34.360736682051154],[41.98668290615965,34.360751654812674],[41.98668738394327,34.36076664195933],[41.986691787274403,34.360781644444828],[41.986696117207032,34.360796661342022],[41.986700373741115,34.360811692650913],[41.986704555822605,34.360826739298673],[41.986708664441522,34.360841798556947],[41.986712698575779,34.360856872253471],[41.986716659279374,34.360871959461129],[41.986720545466262,34.360887060206458],[41.986724357104428,34.360902173588869],[41.986728095279837,34.360917299581843],[41.986731758906437,34.360932438211876],[41.986735347952219,34.360947588578412],[41.986738863535145,34.360962751555533],[41.986742303451166,34.360977926295668],[41.986745669840275,34.360993111845197],[41.986748960562416,34.361008309157739],[41.986752177789548,34.361023518180296],[41.986755319285685,34.361038737164705],[41.986758387222764,34.361053966057895],[41.986761379460731,34.361069205813543],[41.98676429705359,34.361084455504546],[41.98676714000127,34.361099715130884],[41.986769908271775,34.361114983791964],[41.986772600811037,34.361130262414939],[41.98677521864105,34.361145549172043],[41.986777761793775,34.361160844963912],[41.986780229151165,34.361176148916449],[41.986782621831168,34.361191461903779],[41.986784938683797,34.361206782151193],[41.98678718082698,34.361222110532772],[41.986789348196709,34.361237445247333],[41.986791439770911,34.361252788122613],[41.986793455517578,34.361268138257977],[41.98679539649067,34.361283494726337],[41.98679726160416,34.361298857554203],[41.986799051912016,34.361314225814468],[41.986800766392165,34.361329601334859],[41.986802406034613,34.361344981387035],[41.986803969785321,34.361360366898111],[41.986805457676205,34.361375758768745],[41.986806869611286,34.361391154297088],[41.986808206740498,34.361406555257851],[41.986809467913837,34.361421959876331],[41.986810653163218,34.361437369053156],[41.98681176354264,34.361452781861175],[41.98681279796606,34.361468198326932],[41.986813756433435,34.361483618450436]]]},"properties":{"OBJECTID":236,"Name":"خضراء","اسم_المؤسس":null,"Shape_Length":891.05243868405205,"Shape_Area":19229.841291984027,"رقم_القطعة":null}},{"type":"Feature","id":241,"geometry":{"type":"Polygon","coordinates":[[[41.979098636918813,34.360007869851998],[41.979384668745652,34.35962585319632],[41.979619517464045,34.359746784881395],[41.979329768645862,34.3601268879125],[41.979098636918813,34.360007869851998]]]},"properties":{"OBJECTID":241,"Name":"خضراء","اسم_المؤسس":null,"Shape_Length":150.30215810426432,"Shape_Area":1259.7986545987364,"رقم_القطعة":null}},{"type":"Feature","id":243,"geometry":{"type":"Polygon","coordinates":[[[41.981001838954882,34.357464147132184],[41.981171174582144,34.357233140032925],[41.981510955948472,34.357411272854073],[41.981336800050343,34.35763975141306],[41.981001838954882,34.357464147132184]]]},"properties":{"OBJECTID":243,"Name":"خضراء","اسم_المؤسس":null,"Shape_Length":133.47980196941634,"Shape_Area":1102.1289401563017,"رقم_القطعة":null}},{"type":"Feature","id":248,"geometry":{"type":"Polygon","coordinates":[[[41.978450611869569,34.357487730398894],[41.978492360223186,34.35662156124782],[41.978961366359847,34.356825877655595],[41.978450611869569,34.357487730398894]]]},"properties":{"OBJECTID":248,"Name":"خضراء","اسم_المؤسس":null,"Shape_Length":232.18652939818821,"Shape_Area":2118.5985970862876,"رقم_القطعة":null}},{"type":"Feature","id":251,"geometry":{"type":"Polygon","coordinates":[[[41.986392650564817,34.367092528476171],[41.986734869263266,34.367031896520466],[41.986774397762495,34.367177265514975],[41.986432263774255,34.367238584189877],[41.986432173374254,34.36723790584773],[41.986392933185471,34.367093568990171],[41.986392650564817,34.367092528476171]]]},"properties":{"OBJECTID":251,"Name":"خضراء","اسم_المؤسس":null,"Shape_Length":97.576836571135885,"Shape_Area":533.87352016604314,"رقم_القطعة":null}},{"type":"Feature","id":254,"geometry":{"type":"Polygon","coordinates":[[[41.998144582649665,34.365731123396522],[41.99782643055768,34.366157189980051],[41.997315688903363,34.365633118680407],[41.997306479963022,34.365624247585124],[41.997061148307829,34.365372654554157],[41.997049411818026,34.365359808967966],[41.997035263855182,34.365344203840088],[41.997021183960435,34.365328556479817],[41.997007174273762,34.365312865933312],[41.996993233709127,34.365297132227276],[41.996979362330684,34.365281357162878],[41.99696556119239,34.365265539812974],[41.996951830294222,34.365249680177541],[41.99693816966824,34.365233779157236],[41.996924580368407,34.365217835824872],[41.996911060286791,34.365201852034879],[41.996906295842784,34.365196174673322],[41.996959588845684,34.365124064674745],[41.998144582649665,34.365731123396522]]]},"properties":{"OBJECTID":254,"Name":"خضراء","اسم_المؤسس":null,"Shape_Length":329.42438156448344,"Shape_Area":4235.7620232787003,"رقم_القطعة":null}},{"type":"Feature","id":256,"geometry":{"type":"Polygon","coordinates":[[[41.985999635764188,34.363618219430684],[41.985156067549788,34.364776591463595],[41.983868606143837,34.364137509198528],[41.984577460856599,34.364003774690474],[41.984389538359324,34.364250281549154],[41.985085628882381,34.364598843848285],[41.985755312521917,34.363662313451769],[41.985817943838761,34.363643656114562],[41.985860906407268,34.363628769036801],[41.985906127296822,34.36361956506174],[41.985953185177699,34.363615535272494],[41.985999635764188,34.363618219430684]]]},"properties":{"OBJECTID":256,"Name":"خضراء","اسم_المؤسس":null,"Shape_Length":606.58692625971162,"Shape_Area":4453.037635465209,"رقم_القطعة":null}},{"type":"Feature","id":259,"geometry":{"type":"MultiPolygon","coordinates":[[[[41.991404218592926,34.373299625274768],[41.991399467348728,34.373297041849106],[41.991399123654219,34.373296853754439],[41.99135072413339,34.373270530100662],[41.991275607377183,34.373229675211995],[41.991588243077352,34.372827106217564],[41.99172340286826,34.372898867082313],[41.99172375192839,34.372899053242058],[41.99172454637057,34.372899474584031],[41.991404218592926,34.373299625274768]]],[[[41.991333381935434,34.373381016563158],[41.991337363427384,34.373383139283192],[41.990907649072824,34.373919928088135],[41.9908996896026,34.373915690647515],[41.990784050333247,34.373854114885063],[41.991210434999196,34.373315481682774],[41.991333381935434,34.373381016563158]]],[[[41.990464825935078,34.374473084410518],[41.990452680855476,34.374466641751653],[41.990452350795223,34.37446705094154],[41.990351195784619,34.374413268205373],[41.990725183717437,34.373924592012173],[41.990842287905643,34.3739864573989],[41.990850793526448,34.373990950999811],[41.990464825935078,34.374473084410518]]],[[[41.98992110240502,34.375152267951734],[41.989910312760401,34.375146554672511],[41.989909986017587,34.375146965582701],[41.989818387012335,34.375099101637453],[41.990196797256679,34.374608178005232],[41.990295762130934,34.374660531640053],[41.990295687225981,34.374660626314885],[41.990309026703109,34.374667700497476],[41.98992110240502,34.375152267951734]]],[[[41.989870726792915,34.375215193465536],[41.989490402356935,34.375690260681083],[41.989479159685885,34.375704305161825],[41.989434985054586,34.375759482902325],[41.989387282146026,34.375734308766688],[41.989807293173158,34.375182342108737],[41.989858550524417,34.375209404117733],[41.989858869472251,34.37520898798995],[41.989870726792915,34.375215193465536]]]]},"properties":{"OBJECTID":259,"Name":"خضراء","اسم_المؤسس":null,"Shape_Length":770.29549710486503,"Shape_Area":3784.8869905318902,"رقم_القطعة":null}},{"type":"Feature","id":267,"geometry":{"type":"Polygon","coordinates":[[[41.989145368100083,34.37606557906129],[41.989134046900944,34.376076011765029],[41.989122667647656,34.376086401718908],[41.989111231394396,34.376096747995753],[41.989099738141157,34.376107050595571],[41.989088187855913,34.376117308617729],[41.989082224570787,34.376122558056096],[41.988177797717981,34.37564872594379],[41.987984989497356,34.37588894895385],[41.987954888014293,34.375926453083864],[41.986830838516624,34.375330237737202],[41.986860082236163,34.375300832177494],[41.987145830840589,34.375009360749821],[41.987192892988439,34.375031523681358],[41.98699540313698,34.375287504970309],[41.987944905705028,34.375789793139276],[41.988140110433257,34.375536771395318],[41.989123071635646,34.37605810987133],[41.989327406077194,34.375795726658055],[41.989381322155488,34.375823351227076],[41.989379376022889,34.375825578363539],[41.989369381430244,34.37583690438121],[41.989359323512851,34.375848192285154],[41.98934920444308,34.375859442022239],[41.989339023102708,34.375870652718433],[41.989328778437546,34.375881825300866],[41.989318473642108,34.375892957888638],[41.98930810660805,34.375904052336075],[41.989297678325471,34.375915105914764],[41.989287188858412,34.375926120425937],[41.98927663817485,34.375937094968933],[41.98926602732891,34.375948028616605],[41.989255356352636,34.375958922269533],[41.989244624127778,34.375969775053669],[41.989233832826734,34.375980586915851],[41.989222981331253,34.375991356982041],[41.989212070759557,34.376002086126256],[41.989201099993409,34.37601277347445],[41.989190071205201,34.376023418973496],[41.989178982222541,34.376034022676485],[41.98916783630397,34.376044584503738],[41.989156631213085,34.376055102707113],[41.989145368100083,34.37606557906129]]]},"properties":{"OBJECTID":267,"Name":"خضراء","اسم_المؤسس":null,"Shape_Length":670.92303840090108,"Shape_Area":3012.6298458177489,"رقم_القطعة":null}},{"type":"Feature","id":272,"geometry":{"type":"Polygon","coordinates":[[[41.973052365596367,34.371023159611859],[41.973285836350342,34.37188239223817],[41.972650985443494,34.371549567769726],[41.973018450727139,34.371067639576772],[41.973052365596367,34.371023159611859]]]},"properties":{"OBJECTID":272,"Name":"خضراء","اسم_المؤسس":null,"Shape_Length":235.99864244212574,"Shape_Area":2388.9423253586783,"رقم_القطعة":null}},{"type":"Feature","id":286,"geometry":{"type":"Polygon","coordinates":[[[41.985452415360307,34.375901663267484],[41.986376769636927,34.376399237857164],[41.986298433472463,34.376466810983828],[41.985298935373265,34.375938060631533],[41.984833331193741,34.375691743236551],[41.984864512212056,34.375670091472415],[41.984894089008556,34.375649553318297],[41.984936976244263,34.375625696715993],[41.985452415360307,34.375901663267484]]]},"properties":{"OBJECTID":286,"Name":"خضراء","اسم_المؤسس":null,"Shape_Length":340.25882105944476,"Shape_Area":1719.6047192995729,"رقم_القطعة":null}},{"type":"Feature","id":287,"geometry":{"type":"Polygon","coordinates":[[[41.98074544251228,34.371951627698394],[41.980605388663243,34.372135336104485],[41.980134718235178,34.371892741361258],[41.980333084915848,34.371632421767892],[41.98074544251228,34.371951627698394]]]},"properties":{"OBJECTID":287,"Name":"خضراء","اسم_المؤسس":null,"Shape_Length":161.21507438602512,"Shape_Area":1486.6868109855723,"رقم_القطعة":null}},{"type":"Feature","id":293,"geometry":{"type":"Polygon","coordinates":[[[41.999441610325412,34.366395551962157],[41.998635757897773,34.367399776809982],[41.998365748780586,34.367735745193698],[41.998401406032016,34.367673016312573],[41.998432216243181,34.367607769987039],[41.998458002877904,34.367540380065108],[41.998478618184087,34.367471232677175],[41.998493944040263,34.367400724023518],[41.998503892632428,34.36732925810422],[41.998508406957207,34.367257244404279],[41.998508547669267,34.367248509219834],[41.998508552477972,34.367248095365362],[41.998508590975163,34.367242407571922],[41.998508610896756,34.367239491097052],[41.998508597258308,34.36723630412763],[41.998508584549626,34.367230613082796],[41.998508472370851,34.367221736271716],[41.998508272188296,34.367212860717082],[41.998507986174154,34.367203986365602],[41.998507613274477,34.367195114144543],[41.998507154607481,34.367186244927836],[41.99850660908713,34.367177378742134],[41.998505976777672,34.367168517388627],[41.998505257647032,34.367159659966703],[41.998504451727328,34.367150807376959],[41.998503560136804,34.367141960493385],[41.998502581821498,34.367133120243167],[41.998501517867524,34.367124286599697],[41.998500367220956,34.367115460490218],[41.998499129913931,34.36710664281528],[41.998497807032535,34.367097833548293],[41.998496398608928,34.367089033589821],[41.998494903557045,34.367080242966516],[41.998493322995124,34.367071462552303],[41.998491656955267,34.367062693247838],[41.998489905437523,34.367053935053072],[41.998488068506148,34.367045189769186],[41.998486145042989,34.36703645652225],[41.998484137284414,34.36702773706017],[41.998482045198344,34.367019030482346],[41.998479866676917,34.367010338643219],[41.998477604978312,34.367001661462908],[41.998475256876517,34.366992999921898],[41.998472825661842,34.366984354840895],[41.998470309162187,34.366975726273139],[41.998467709549701,34.366967114165369],[41.998465024716516,34.366958520372044],[41.998462256834777,34.366949944839902],[41.998459405936629,34.366941388469506],[41.998456469849941,34.366932851314132],[41.998453451832972,34.366924333293881],[41.998450350895986,34.366915837137185],[41.998447165888727,34.366907361069451],[41.998443899079682,34.366898907739206],[41.99844054931858,34.366890475371896],[41.998437117787866,34.366882066642646],[41.998433604455414,34.366873680650883],[41.998430009385515,34.366865319197785],[41.998426332546039,34.36685698138276],[41.998422574001246,34.366848669006956],[41.998418734837223,34.366840382043783],[41.998414815086093,34.366832121393813],[41.998410813661827,34.366823887083655],[41.998406732768672,34.366815679960652],[41.998402572406654,34.366807500024791],[41.99839833155395,34.366799349103907],[41.998394011264523,34.366791226270735],[41.998389612688698,34.366783133299869],[41.9983851347083,34.366775069317299],[41.998380577387579,34.36676703612423],[41.998375942898676,34.366759033667392],[41.998371230187651,34.366751062873981],[41.998366439254518,34.366743123744037],[41.998361571217494,34.366735217151486],[41.998356626108681,34.366727343996921],[41.998351604982055,34.366719503353117],[41.998346506815778,34.366711697047869],[41.998341332728053,34.366703925955157],[41.998336082686784,34.366696189174363],[41.998330757810152,34.366688487579445],[41.998325357044223,34.366680822097635],[41.998319882593236,34.366673193576247],[41.998314333371155,34.36666560204192],[41.99830870937798,34.366658047494617],[41.99830301285008,34.366650531682296],[41.998297242669288,34.366643053730954],[41.998293457810078,34.366638240278306],[41.998289774144411,34.366633582087204],[41.998285484767827,34.366628215834304],[41.99782643055768,34.366157189980051],[41.998144582649665,34.365731123396522],[41.999441610325412,34.366395551962157]]]},"properties":{"OBJECTID":293,"Name":"خضراء","اسم_المؤسس":null,"Shape_Length":570.91230108451009,"Shape_Area":12478.470690177477,"رقم_القطعة":null}},{"type":"Feature","id":307,"geometry":{"type":"Polygon","coordinates":[[[41.969031818121522,34.371432960948333],[41.969157300991071,34.371262040168105],[41.970310481941802,34.371866637219725],[41.970179731768049,34.372041442284015],[41.969031818121522,34.371432960948333]]]},"properties":{"OBJECTID":307,"Name":"خضراء","اسم_المؤسس":null,"Shape_Length":295.97990794714258,"Shape_Area":2825.1147821227687,"رقم_القطعة":null}},{"type":"Feature","id":308,"geometry":{"type":"Polygon","coordinates":[[[41.984418494869352,34.376462275288148],[41.984036493508668,34.376957379129941],[41.983896100203545,34.376876171940452],[41.984267204340306,34.376391320981462],[41.984418494869352,34.376462275288148]]]},"properties":{"OBJECTID":308,"Name":"خضراء","اسم_المؤسس":null,"Shape_Length":160.714683922657,"Shape_Area":1022.449448158083,"رقم_القطعة":null}},{"type":"Feature","id":309,"geometry":{"type":"Polygon","coordinates":[[[41.986438280347492,34.377521574329336],[41.987161563516111,34.377898918659632],[41.986699663816012,34.378353181759756],[41.986057267985728,34.378015408056491],[41.986438280347492,34.377521574329336]]]},"properties":{"OBJECTID":309,"Name":"خضراء","اسم_المؤسس":null,"Shape_Length":279.64694872552923,"Shape_Area":4845.1669024400653,"رقم_القطعة":null}},{"type":"Feature","id":310,"geometry":{"type":"Polygon","coordinates":[[[41.986629047402793,34.378420880241606],[41.986585567378654,34.378463662180849],[41.986574152694345,34.378474510682871],[41.986115009312627,34.378910872203832],[41.985368128731658,34.378512619665386],[41.985794081539133,34.377973232213094],[41.986629047402793,34.378420880241606]]]},"properties":{"OBJECTID":310,"Name":"خضراء","اسم_المؤسس":null,"Shape_Length":316.84860428975304,"Shape_Area":6191.3869124153816,"رقم_القطعة":null}},{"type":"Feature","id":311,"geometry":{"type":"Polygon","coordinates":[[[41.985987816127825,34.379031752187196],[41.985435992398486,34.379556185997586],[41.984588223506591,34.379098431463511],[41.985026574902733,34.37853030592224],[41.985987816127825,34.379031752187196]]]},"properties":{"OBJECTID":311,"Name":"خضراء","اسم_المؤسس":null,"Shape_Length":349.70042144386258,"Shape_Area":7471.5533157141635,"رقم_القطعة":null}},{"type":"Feature","id":312,"geometry":{"type":"Polygon","coordinates":[[[41.985386229829544,34.379603478252349],[41.985240667814523,34.379741810716055],[41.984830270692605,34.379995937067015],[41.983899964269554,34.37952984831265],[41.984292343932559,34.379017922049933],[41.985386229829544,34.379603478252349]]]},"properties":{"OBJECTID":312,"Name":"خضراء","اسم_المؤسس":null,"Shape_Length":354.66962514235456,"Shape_Area":7321.6145268229311,"رقم_القطعة":null}},{"type":"Feature","id":313,"geometry":{"type":"Polygon","coordinates":[[[41.984700732331831,34.380072366027377],[41.984604655158982,34.380115842371715],[41.98450630861042,34.380153907737139],[41.984405997150212,34.380186444279808],[41.984304031325436,34.380213351272147],[41.984200726804822,34.38023454541473],[41.984096403401466,34.380249961094123],[41.983991384082749,34.380259550586018],[41.983885993970482,34.380263284202996],[41.983677103229454,34.379543172201707],[41.984320734902191,34.37986502043497],[41.984208485159954,34.380019327926789],[41.984487658047811,34.380158926602803],[41.984599906338396,34.380004618901062],[41.984717405798669,34.380063373276393],[41.984712972417448,34.3800657971695],[41.984703751125295,34.380070764480571],[41.984700732331831,34.380072366027377]]]},"properties":{"OBJECTID":313,"Name":"خضراء","اسم_المؤسس":null,"Shape_Length":314.63136436753189,"Shape_Area":2959.0448336212598,"رقم_القطعة":null}},{"type":"Feature","id":318,"geometry":{"type":"Polygon","coordinates":[[[41.99165333193347,34.362067993856634],[41.992235362985042,34.362344294264581],[41.991622326211022,34.3622836949339],[41.99165333193347,34.362067993856634]]]},"properties":{"OBJECTID":318,"Name":"خضراء","اسم_المؤسس":null,"Shape_Length":142.65945422309503,"Shape_Area":684.99651723360705,"رقم_القطعة":null}},{"type":"Feature","id":319,"geometry":{"type":"Polygon","coordinates":[[[41.992870087911783,34.362878868943788],[41.992910412585218,34.362626369337903],[41.993597367522781,34.362898816139321],[41.993917634125296,34.362982405851767],[41.992870087911783,34.362878868943788]]]},"properties":{"OBJECTID":319,"Name":"خضراء","اسم_المؤسس":null,"Shape_Length":226.35510846034913,"Shape_Area":1219.9478294201435,"رقم_القطعة":null}},{"type":"Feature","id":323,"geometry":{"type":"Polygon","coordinates":[[[41.993170504294895,34.37261297418199],[41.993344350116232,34.372457752457265],[41.993991130188299,34.372963787256069],[41.993818981790042,34.373117518899662],[41.993170504294895,34.37261297418199]]]},"properties":{"OBJECTID":323,"Name":"خضراء","اسم_المؤسس":null,"Shape_Length":210.46833685078897,"Shape_Area":1914.7037330471244,"رقم_القطعة":null}},{"type":"Feature","id":326,"geometry":{"type":"Polygon","coordinates":[[[41.993602398519343,34.371403463882956],[41.992657267969861,34.372220533356739],[41.992343912724237,34.372610286756498],[41.992264773516389,34.372548926974538],[41.992771706527449,34.371917187287018],[41.99288922618576,34.371770376474998],[41.992898334099408,34.371761102719056],[41.992907507728091,34.371751873324889],[41.992916746017748,34.371742689219658],[41.992926051172688,34.371733551250763],[41.992935420988587,34.371724458570753],[41.992944855497477,34.371715412080256],[41.99295435473141,34.371706412679828],[41.992963917572204,34.371697459495422],[41.992973544051907,34.371688553427667],[41.992983234202562,34.371679695377125],[41.992992987992103,34.371670884443191],[41.993002804366469,34.371662121553008],[41.99301268223951,34.371653406733188],[41.993022622761458,34.371644741758317],[41.993032624782096,34.371636124853744],[41.993042688333446,34.371627556920096],[41.993052813447569,34.371619038857922],[41.993062997952215,34.371610570720406],[41.993073244019634,34.371602152454329],[41.993083549509628,34.371593785013495],[41.993093914422175,34.371585468397853],[41.993104338757306,34.371577202607412],[41.993114821460914,34.371568988569322],[41.993125362500962,34.371560825382979],[41.993135961941569,34.371552714849571],[41.993146619718601,34.37154465516786],[41.993157334842131,34.371536649066265],[41.993168106193963,34.371528695670726],[41.993178933774082,34.371520794981222],[41.993189818700699,34.371512947871771],[41.993200758801549,34.371505154395535],[41.993211755162775,34.371497414525905],[41.993222805612106,34.371489728316035],[41.993233911299804,34.371482097540522],[41.993242786882128,34.371476070838561],[41.993326618611263,34.371421079672245],[41.993412789980027,34.371369832405108],[41.993501133899727,34.371322428407019],[41.993602398519343,34.371403463882956]]]},"properties":{"OBJECTID":326,"Name":"خضراء","اسم_المؤسس":null,"Shape_Length":379.81248095773344,"Shape_Area":2615.5298867420297,"رقم_القطعة":null}},{"type":"Feature","id":336,"geometry":{"type":"Polygon","coordinates":[[[41.981367663333266,34.381885858767902],[41.981370952291556,34.381888681947778],[41.981373605330141,34.381891937076325],[41.981375532895072,34.381895520874622],[41.981376680257142,34.381899331017323],[41.981377012751281,34.38190324846483],[41.981376520664888,34.381907152667665],[41.981375217256875,34.381910927023149],[41.981373143102914,34.381914458769486],[41.981370360504222,34.381917634615],[41.981049723648162,34.382223775053099],[41.981046682527143,34.382226253209005],[41.981043214339181,34.382228308208624],[41.981039400907143,34.382229886677685],[41.981035335459801,34.382230950287479],[41.981031118318647,34.382231476761412],[41.981026853159911,34.382231446445218],[41.981022651071953,34.382230864742965],[41.981018609309004,34.382229745508454],[41.981014824486209,34.382228115230596],[41.981011395902392,34.382226014755105],[41.980642143001212,34.381960177688427],[41.980638853008621,34.381957355414912],[41.980636202167609,34.381954100216106],[41.98063427239537,34.381950514656332],[41.980633124011248,34.381946705432057],[41.980632791583275,34.381942788881361],[41.980633285813241,34.381938882825537],[41.980634589255544,34.381935108476206],[41.980636661365239,34.3819315794956],[41.980639443929491,34.381928401864101],[41.980960082403271,34.381622262444502],[41.980963487537608,34.381619533843505],[41.980967412706455,34.381617336102089],[41.980971739633326,34.381615737003941],[41.980976333108842,34.381614786717883],[41.980981055910959,34.381614509321444],[41.980985767143572,34.381614917263711],[41.98099032067104,34.381615997882591],[41.980994577226916,34.381617717616507],[41.980998410995475,34.381620023646832],[41.981367663333266,34.381885858767902]]]},"properties":{"OBJECTID":336,"Name":"خضراء","اسم_المؤسس":null,"Shape_Length":195.68886211580454,"Shape_Area":2494.5394108159226,"رقم_القطعة":null}},{"type":"Feature","id":338,"geometry":{"type":"Polygon","coordinates":[[[41.981528735916953,34.380511999690086],[41.981174062663001,34.380853250201937],[41.980789372454971,34.380578322471486],[41.981144139506867,34.380237096008265],[41.981528735916953,34.380511999690086]]]},"properties":{"OBJECTID":338,"Name":"خضراء","اسم_المؤسس":null,"Shape_Length":193.45815613295849,"Shape_Area":2336.4596757973004,"رقم_القطعة":null}},{"type":"Feature","id":344,"geometry":{"type":"Polygon","coordinates":[[[41.962765879655521,34.359109810864396],[41.962548113877993,34.359395378445235],[41.96227263843582,34.359250902569521],[41.962490403763191,34.35896533547092],[41.962765879655521,34.359109810864396]]]},"properties":{"OBJECTID":344,"Name":"خضراء","اسم_المؤسس":null,"Shape_Length":135.0000051687492,"Shape_Area":1125.0001206944448,"رقم_القطعة":null}},{"type":"Feature","id":345,"geometry":{"type":"Polygon","coordinates":[[[41.964451370824527,34.359428134049779],[41.964215857220637,34.359736987778497],[41.963848550390651,34.359544358461697],[41.964084065997604,34.359235505364111],[41.964451370824527,34.359428134049779]]]},"properties":{"OBJECTID":345,"Name":"خضراء","اسم_المؤسس":null,"Shape_Length":161.11496437827103,"Shape_Area":1622.2992995454269,"رقم_القطعة":null}},{"type":"Feature","id":346,"geometry":{"type":"Polygon","coordinates":[[[41.959004395941491,34.359912254100855],[41.958786616088211,34.360197815690114],[41.958419319464682,34.360005169497818],[41.958637100165554,34.359719608516563],[41.959004395941491,34.359912254100855]]]},"properties":{"OBJECTID":346,"Name":"خضراء","اسم_المؤسس":null,"Shape_Length":154.99989782878185,"Shape_Area":1499.9980064910196,"رقم_القطعة":null}},{"type":"Feature","id":347,"geometry":{"type":"Polygon","coordinates":[[[41.963228659919253,34.36103156934945],[41.9630108923756,34.361317137827932],[41.962643581939865,34.361124505120927],[41.962861349245401,34.360838937276704],[41.963228659919253,34.36103156934945]]]},"properties":{"OBJECTID":347,"Name":"خضراء","اسم_المؤسس":null,"Shape_Length":154.99992485624844,"Shape_Area":1499.9984433866471,"رقم_القطعة":null}},{"type":"Feature","id":348,"geometry":{"type":"Polygon","coordinates":[[[41.960449955350185,34.361514527911751],[41.96024669497185,34.361781054571566],[41.959695734790742,34.361492092294611],[41.959898996355918,34.361225566486013],[41.960449955350185,34.361514527911751]]]},"properties":{"OBJECTID":348,"Name":"خضراء","اسم_المؤسس":null,"Shape_Length":190.00005027082469,"Shape_Area":2100.0012203564365,"رقم_القطعة":null}},{"type":"Feature","id":349,"geometry":{"type":"Polygon","coordinates":[[[41.959782095127558,34.36239025743771],[41.959578830638144,34.362656783173165],[41.959027866557463,34.362367818099194],[41.959231132233718,34.362101293215026],[41.959782095127558,34.36239025743771]]]},"properties":{"OBJECTID":349,"Name":"خضراء","اسم_المؤسس":null,"Shape_Length":190.00005026694623,"Shape_Area":2100.0012202627504,"رقم_القطعة":null}},{"type":"Feature","id":350,"geometry":{"type":"Polygon","coordinates":[[[41.961338386931985,34.363510293915674],[41.961120605835326,34.363795859617909],[41.960753288039925,34.36360322163334],[41.960971068898402,34.363317656565464],[41.961338386931985,34.363510293915674]]]},"properties":{"OBJECTID":350,"Name":"خضراء","اسم_المؤسس":null,"Shape_Length":155.00003664338121,"Shape_Area":1500.0006791314795,"رقم_القطعة":null}},{"type":"Feature","id":351,"geometry":{"type":"Polygon","coordinates":[[[41.957288985099176,34.36418504516655],[41.957472203537208,34.364281139566124],[41.956964011178272,34.364947445570799],[41.956782445097289,34.364852216396756],[41.956780375343939,34.364851131575513],[41.956803616949365,34.364820657615056],[41.95681511781337,34.364805580376625],[41.957288568691702,34.364184826280258],[41.957288985099176,34.36418504516655]]]},"properties":{"OBJECTID":351,"Name":"خضراء","اسم_المؤسس":null,"Shape_Length":214.99538806420787,"Shape_Area":1749.7937535014585,"رقم_القطعة":null}},{"type":"Feature","id":352,"geometry":{"type":"Polygon","coordinates":[[[41.960133308734719,34.36509043047581],[41.959915520775567,34.365375994364683],[41.959548198320277,34.365183353915967],[41.959765986009529,34.364897789760875],[41.960133308734719,34.36509043047581]]]},"properties":{"OBJECTID":352,"Name":"خضراء","اسم_المؤسس":null,"Shape_Length":154.99995188329461,"Shape_Area":1499.9990537956101,"رقم_القطعة":null}},{"type":"Feature","id":353,"geometry":{"type":"Polygon","coordinates":[[[41.960209416768919,34.358332021499677],[41.959991644862534,34.358617584875802],[41.95962435184358,34.358424942073945],[41.959842125683572,34.358139379279486],[41.960209416768919,34.358332021499677]]]},"properties":{"OBJECTID":353,"Name":"خضراء","اسم_المؤسس":null,"Shape_Length":155.00003664492573,"Shape_Area":1500.0006791636713,"رقم_القطعة":null}},{"type":"Feature","id":354,"geometry":{"type":"Polygon","coordinates":[[[41.962634161996576,34.363496778576064],[41.961945458710744,34.363135601344517],[41.962543613371345,34.362351242663344],[41.963232312290344,34.362712416763735],[41.962634161996576,34.363496778576064]]]},"properties":{"OBJECTID":354,"Name":"خضراء","اسم_المؤسس":null,"Shape_Length":355.99563518121772,"Shape_Area":7724.7740041073557,"رقم_القطعة":null}},{"type":"Feature","id":355,"geometry":{"type":"Polygon","coordinates":[[[41.956030297982423,34.363810887223806],[41.955812498516046,34.364096444401468],[41.955445190322436,34.363903789904867],[41.955662990636363,34.363618233335366],[41.956030297982423,34.363810887223806]]]},"properties":{"OBJECTID":355,"Name":"خضراء","اسم_المؤسس":null,"Shape_Length":154.99989782928526,"Shape_Area":1499.9980065023892,"رقم_القطعة":null}},{"type":"Feature","id":356,"geometry":{"type":"Polygon","coordinates":[[[41.957235427332662,34.362230679030247],[41.957017635815227,34.362516237995692],[41.956650331225944,34.362323586890355],[41.956868124676994,34.362038028506731],[41.957235427332662,34.362230679030247]]]},"properties":{"OBJECTID":356,"Name":"خضراء","اسم_المؤسس":null,"Shape_Length":155.00003664442232,"Shape_Area":1500.0006791523015,"رقم_القطعة":null}},{"type":"Feature","id":357,"geometry":{"type":"Polygon","coordinates":[[[41.962944396634271,34.366256576350217],[41.962726615884165,34.366542144863807],[41.962359282288908,34.366349512596628],[41.962577063887096,34.366063944691135],[41.962944396634271,34.366256576350217]]]},"properties":{"OBJECTID":357,"Name":"خضراء","اسم_المؤسس":null,"Shape_Length":154.99989782928526,"Shape_Area":1499.9980065023892,"رقم_القطعة":null}},{"type":"Feature","id":358,"geometry":{"type":"Polygon","coordinates":[[[41.96414942241163,34.364676305436006],[41.963931649610288,34.364961875736121],[41.963564319622286,34.364769246859836],[41.963782094357811,34.364483677141422],[41.96414942241163,34.364676305436006]]]},"properties":{"OBJECTID":358,"Name":"خضراء","اسم_المؤسس":null,"Shape_Length":155.00003664492573,"Shape_Area":1500.0006791636713,"رقم_القطعة":null}},{"type":"Feature","id":359,"geometry":{"type":"Polygon","coordinates":[[[41.964084769891961,34.363075299490482],[41.963579542547649,34.363737821547446],[41.963213022846048,34.363545612562554],[41.963718353787655,34.362883261617093],[41.964084769891961,34.363075299490482]]]},"properties":{"OBJECTID":359,"Name":"خضراء","اسم_المؤسس":null,"Shape_Length":253.79607440055975,"Shape_Area":3471.3884663787949,"رقم_القطعة":null}},{"type":"Feature","id":360,"geometry":{"type":"Polygon","coordinates":[[[41.963154931110758,34.363621754968833],[41.963636262813246,34.363874288784501],[41.963403971283931,34.364178896868154],[41.962922563052764,34.363926321662284],[41.963154931110758,34.363621754968833]]]},"properties":{"OBJECTID":360,"Name":"خضراء","اسم_المؤسس":null,"Shape_Length":184.85210570990401,"Shape_Area":2097.0422793373532,"رقم_القطعة":null}},{"type":"Feature","id":361,"geometry":{"type":"Polygon","coordinates":[[[41.963231104798325,34.364194732468235],[41.962432588282049,34.365241816451665],[41.962065690946119,34.365049409594064],[41.962864470774917,34.364002463053041],[41.963231104798325,34.364194732468235]]]},"properties":{"OBJECTID":361,"Name":"خضراء","اسم_المؤسس":null,"Shape_Length":354.87799179650392,"Shape_Area":5491.6099129671547,"رقم_القطعة":null}},{"type":"Feature","id":362,"geometry":{"type":"Polygon","coordinates":[[[41.962546027859084,34.36551463119244],[41.962313728102558,34.365819236672444],[41.961717065448411,34.365506337268307],[41.961949443041277,34.365201771555206],[41.962546027859084,34.36551463119244]]]},"properties":{"OBJECTID":362,"Name":"خضراء","اسم_المؤسس":null,"Shape_Length":209.93783078306294,"Shape_Area":2598.75766351331,"رقم_القطعة":null}},{"type":"Feature","id":363,"geometry":{"type":"Polygon","coordinates":[[[41.962485225632122,34.36601567404356],[41.961686683857522,34.367062754262491],[41.961319350044448,34.366870118877294],[41.962117894928546,34.365823040888081],[41.962485225632122,34.36601567404356]]]},"properties":{"OBJECTID":363,"Name":"خضراء","اسم_المؤسس":null,"Shape_Length":354.99988091363207,"Shape_Area":5499.9956714899527,"رقم_القطعة":null}},{"type":"Feature","id":365,"geometry":{"type":"Polygon","coordinates":[[[41.959747780874345,34.367281615491656],[41.959641359825511,34.367417687280415],[41.957441391957381,34.366263921106253],[41.957545400603529,34.366126878300847],[41.959747780874345,34.367281615491656]]]},"properties":{"OBJECTID":365,"Name":"خضراء","اسم_المؤسس":null,"Shape_Length":515.34569176747743,"Shape_Area":4310.7754047589096,"رقم_القطعة":null}},{"type":"Feature","id":366,"geometry":{"type":"Polygon","coordinates":[[[41.956033810710693,34.365491742548883],[41.956014484337032,34.365515544224031],[41.953990588188361,34.364454009478166],[41.95400760914756,34.364428993724175],[41.956033810710693,34.365491742548883]]]},"properties":{"OBJECTID":366,"Name":"خضراء","اسم_المؤسس":null,"Shape_Length":447.42519063089338,"Shape_Area":702.06347201719677,"رقم_القطعة":null}},{"type":"Feature","id":367,"geometry":{"type":"Polygon","coordinates":[[[41.977075223035037,34.363050959476354],[41.976931376504162,34.363242069902171],[41.978050283784668,34.363828546840779],[41.977938514585972,34.363974880279763],[41.976814474719369,34.363397379877703],[41.976755037271673,34.363366045631473],[41.977017790614603,34.3630213892475],[41.977075223035037,34.363050959476354]]]},"properties":{"OBJECTID":367,"Name":"خضراء","اسم_المؤسس":null,"Shape_Length":345.71638504649445,"Shape_Area":2695.1938443812496,"رقم_القطعة":null}},{"type":"Feature","id":368,"geometry":{"type":"Polygon","coordinates":[[[41.956693110376143,34.367290011579016],[41.956475304036779,34.367575570174033],[41.956199810123891,34.367431081622748],[41.956417616012935,34.36714552351016],[41.956693110376143,34.367290011579016]]]},"properties":{"OBJECTID":368,"Name":"خضراء","اسم_المؤسس":null,"Shape_Length":135.0000051690009,"Shape_Area":1125.000120701116,"رقم_القطعة":null}},{"type":"Feature","id":369,"geometry":{"type":"Polygon","coordinates":[[[41.958378751295072,34.367608410851801],[41.958143193823268,34.367917254863954],[41.957775862362247,34.367724608647059],[41.958011421837142,34.367415765266436],[41.958378751295072,34.367608410851801]]]},"properties":{"OBJECTID":369,"Name":"خضراء","اسم_المؤسس":null,"Shape_Length":161.11496437722991,"Shape_Area":1622.299299524605,"رقم_القطعة":null}},{"type":"Feature","id":370,"geometry":{"type":"Polygon","coordinates":[[[41.957155812635648,34.369211795702405],[41.956938004526762,34.369497355194824],[41.956570669460469,34.369304705586011],[41.956788477331052,34.369019146728121],[41.957155812635648,34.369211795702405]]]},"properties":{"OBJECTID":370,"Name":"خضراء","اسم_المؤسس":null,"Shape_Length":154.99992485728956,"Shape_Area":1499.9984434074693,"رقم_القطعة":null}},{"type":"Feature","id":377,"geometry":{"type":"Polygon","coordinates":[[[41.9798664500914,34.376217006414244],[41.979763447437435,34.376348603917592],[41.97972298298194,34.376324350134894],[41.979810024802269,34.376187033795006],[41.979866397667649,34.376216938284671],[41.9798664500914,34.376217006414244]]]},"properties":{"OBJECTID":377,"Name":"خضراء","اسم_المؤسس":null,"Shape_Length":45.391209282762986,"Shape_Area":92.853318244490509,"رقم_القطعة":null}},{"type":"Feature","id":388,"geometry":{"type":"Polygon","coordinates":[[[41.966055395893825,34.35855803828975],[41.966114910302494,34.358588310655563],[41.96587021975963,34.359385865326367],[41.965818597147262,34.359453440176544],[41.965497158025521,34.359285332148929],[41.966055395893825,34.35855803828975]]]},"properties":{"OBJECTID":388,"Name":"خضراء","اسم_المؤسس":null,"Shape_Length":237.30518074346176,"Shape_Area":2108.0406049251314,"رقم_القطعة":null}},{"type":"Feature","id":389,"geometry":{"type":"Polygon","coordinates":[[[41.961379327617479,34.356103594559514],[41.961517059169488,34.356175833928312],[41.963544543525387,34.357239199739638],[41.963312260922464,34.357543817091191],[41.962573789342116,34.357156521763798],[41.962481065115611,34.357278139931189],[41.962248775039953,34.357582814137672],[41.960963257798348,34.356908519738305],[41.960825179488502,34.356836734357366],[41.959915571037023,34.356359892562523],[41.960404266686623,34.355720148476188],[41.960419975535274,34.355703423572024],[41.960439317545912,34.355689562363295],[41.960461549088883,34.355679097761559],[41.960485815443889,34.355672432091289],[41.960511183660664,34.355669821622214],[41.960536678427054,34.355671366716798],[41.960561319565734,34.355677007971813],[41.960584159717811,34.35568652850214],[41.961379327617479,34.356103594559514]]]},"properties":{"OBJECTID":389,"Name":"خضراء","اسم_المؤسس":null,"Shape_Length":855.76358079650618,"Shape_Area":27572.386054256869,"رقم_القطعة":null}},{"type":"Feature","id":392,"geometry":{"type":"Polygon","coordinates":[[[41.970777675282612,34.375318324710982],[41.970484767682585,34.37570072352819],[41.970348825328799,34.375626151735425],[41.970648693229514,34.37525033828436],[41.970777675282612,34.375318324710982]]]},"properties":{"OBJECTID":392,"Name":"خضراء","اسم_المؤسس":null,"Shape_Length":129.35457577450123,"Shape_Area":728.66448513074374,"رقم_القطعة":null}},{"type":"Feature","id":393,"geometry":{"type":"Polygon","coordinates":[[[41.971079307163393,34.377495291124497],[41.971339438895527,34.37763170757178],[41.970964248266235,34.377648224800936],[41.971079307163393,34.377495291124497]]]},"properties":{"OBJECTID":393,"Name":"خضراء","اسم_المؤسس":null,"Shape_Length":82.903615884581981,"Shape_Area":283.3088589544538,"رقم_القطعة":null}},{"type":"Feature","id":394,"geometry":{"type":"Polygon","coordinates":[[[41.970604706901916,34.377512581252297],[41.970876253900947,34.377655292539572],[41.970473242797276,34.377687694333339],[41.970604706901916,34.377512581252297]]]},"properties":{"OBJECTID":394,"Name":"خضراء","اسم_المؤسس":null,"Shape_Length":89.737817511832006,"Shape_Area":338.63368103227094,"رقم_القطعة":null}},{"type":"Feature","id":395,"geometry":{"type":"Polygon","coordinates":[[[41.970740520538385,34.376725226549382],[41.970480958749398,34.377052792920672],[41.969507850749331,34.376522696201413],[41.969759658948426,34.376190906005519],[41.970740520538385,34.376725226549382]]]},"properties":{"OBJECTID":395,"Name":"خضراء","اسم_المؤسس":null,"Shape_Length":302.15429252091207,"Shape_Area":4679.4229128449069,"رقم_القطعة":null}},{"type":"Feature","id":396,"geometry":{"type":"Polygon","coordinates":[[[41.971427712532552,34.377063986477445],[41.972767174257285,34.377766975637222],[41.972571401172736,34.377730397542507],[41.972374676633954,34.377699340925027],[41.972177156333949,34.377673830363811],[41.97197899659551,34.377653886048599],[41.971780354247493,34.37763952376384],[41.971581386500716,34.377630754876236],[41.971162786378102,34.377410993361281],[41.971427712532552,34.377063986477445]]]},"properties":{"OBJECTID":396,"Name":"خضراء","اسم_المؤسس":null,"Shape_Length":347.40135209654892,"Shape_Area":4159.2475176038824,"رقم_القطعة":null}},{"type":"Feature","id":398,"geometry":{"type":"Polygon","coordinates":[[[41.978967285623604,34.377431758869648],[41.978970838144818,34.377444143071934],[41.978974475936191,34.377456509872957],[41.978978196857241,34.377468860226251],[41.978982003016597,34.377481192277692],[41.97898589332808,34.377493506053675],[41.978989867791718,34.377505801554221],[41.978993925321326,34.377518078805778],[41.978998066971236,34.377530336881257],[41.979002292677649,34.377542573979433],[41.979006601450131,34.377554792828576],[41.979010993161026,34.377566989826242],[41.979015468960441,34.377579166747182],[41.979020027698354,34.37759132181661],[41.979024669406691,34.377603455935123],[41.979029392967348,34.377615568228585],[41.9790342005209,34.377627657743417],[41.979039089894904,34.377639724532571],[41.9790440610575,34.37765176769539],[41.979049115126841,34.377663788106013],[41.979054250952913,34.377675783989687],[41.979059468567634,34.377687756246992],[41.979064767939136,34.377699703977321],[41.979070147917376,34.377711625405873],[41.979075610738676,34.377723522280974],[41.979081153112467,34.377735393781336],[41.979086778233608,34.377747238026394],[41.979092482875387,34.377759055996073],[41.979098268124027,34.37777084766396],[41.979104133915747,34.377782611228746],[41.979110080282467,34.377794347591085],[41.979116107160401,34.377806054949744],[41.979122212440927,34.377817735158821],[41.979128398200793,34.377829385463563],[41.9791346633857,34.377841006791016],[41.979141007963769,34.377852598240565],[41.979147431966922,34.377864160712825],[41.979153934245133,34.377875692433001],[41.979160514766498,34.377887192500452],[41.979167174681102,34.377898662689951],[41.979173912838924,34.377910101226725],[41.979180728121804,34.3779215072366],[41.979187621647938,34.377932881593708],[41.979194592299187,34.377944223423896],[41.979201640075573,34.377955532727121],[41.979208765999509,34.377966807675719],[41.979215967962396,34.377978050123808],[41.979223246986642,34.377989258243687],[41.979230601986046,34.378000432061796],[41.979238034014912,34.378011570651076],[41.979245540932752,34.378022674965017],[41.979253124848164,34.378033743149459],[41.979260782534432,34.378044776184403],[41.979268517186412,34.378055772189221],[41.979276325577345,34.378066732143878],[41.979284208793473,34.378077656021915],[41.979292166770996,34.378088542022091],[41.9793001995099,34.378099390144371],[41.979308304869676,34.378110201342302],[41.979316484958957,34.378120973761725],[41.979324738691517,34.37813170742907],[41.979333064981148,34.37814240237077],[41.979341463827872,34.378153058586847],[41.979349935167839,34.378163674276038],[41.979358480119231,34.378174250312476],[41.979367096509584,34.378184786749081],[41.979375784275085,34.37819528178462],[41.979384543447644,34.378205736319671],[41.979393375081607,34.378216149427146],[41.979402277004496,34.378226521159981],[41.979411249184423,34.378236850617512],[41.979420291621381,34.378247137799761],[41.979429405401611,34.378257382680211],[41.979438588320747,34.378267584411198],[41.979447840346872,34.37827774209206],[41.979457161543827,34.37828785752405],[41.979466551815868,34.37829792800526],[41.979476011194905,34.378307954436337],[41.97948553859473,34.378317936843693],[41.979495133983427,34.378327874326729],[41.979495167847404,34.3783279095572],[41.978609498626639,34.377873505484601],[41.97896381731821,34.377419358193201],[41.978967285623604,34.377431758869648]]]},"properties":{"OBJECTID":398,"Name":"خضراء","اسم_المؤسس":null,"Shape_Length":268.90486024090188,"Shape_Area":2398.9971046415603,"رقم_القطعة":"12255"}},{"type":"Feature","id":399,"geometry":{"type":"Polygon","coordinates":[[[41.978610218477989,34.376866317033645],[41.978618219883202,34.376873893919374],[41.978626156658315,34.376881518349911],[41.978634027653264,34.3768891885505],[41.978641831845657,34.376896906348826],[41.978649569171679,34.376904669943677],[41.97865723963131,34.376912479335083],[41.978664843192647,34.376920333622429],[41.978672377683239,34.37692823285866],[41.978679844157384,34.376936176116693],[41.978687242647005,34.376944164297164],[41.978694572002041,34.376952195625343],[41.97870183113627,34.376960270127668],[41.978709021103988,34.376968386877088],[41.978716140850878,34.376976546800698],[41.978723190345029,34.376984748997884],[41.978730168436385,34.376992991693911],[41.978737075188761,34.377001276690002],[41.97874391159263,34.377009601257896],[41.978750674453146,34.377017967278171],[41.978757365847009,34.377026371996102],[41.978763984751801,34.37703481723937],[41.978770530017478,34.377043301233257],[41.978777002698315,34.377051823050678],[41.978783401740017,34.377060383618726],[41.978789726024416,34.377068982063228],[41.978795977692052,34.377077617430729],[41.978802153484239,34.377086289800552],[41.978808254455252,34.377094998245688],[41.978814280605121,34.377103742766131],[41.978818936847041,34.377110613314791],[41.978863812238131,34.377182747667511],[41.978904782368559,34.377257169532442],[41.9789049295414,34.377257457096455],[41.978909551692077,34.377266770341514],[41.978914094357222,34.377276110761812],[41.978918556450573,34.37728547838379],[41.97891960479938,34.377287727054345],[41.978912124121969,34.37729739194269],[41.978682708134876,34.377176745485194],[41.978759175168989,34.377078257995386],[41.978529756775615,34.376957612184221],[41.978608275629284,34.376864503888712],[41.978610218477989,34.376866317033645]]]},"properties":{"OBJECTID":399,"Name":"خضراء","اسم_المؤسس":null,"Shape_Length":132.18857085515762,"Shape_Area":438.63212930079806,"رقم_القطعة":null}},{"type":"Feature","id":400,"geometry":{"type":"MultiPolygon","coordinates":[[[[42.001953101542369,34.358757418558611],[42.001950958100316,34.358756686061987],[42.001953101542369,34.358757418558611]]],[[[42.001950958100316,34.358756686061987],[42.001945300722795,34.358755269652207],[42.001939487479163,34.358754802388319],[42.001933676496833,34.358755296980483],[42.0019280258417,34.358756739975171],[42.001922689218574,34.358759092121147],[42.0019178117902,34.358762289437138],[42.001913526228662,34.358766244952193],[42.001909949106519,34.358770851071412],[42.001757198929006,34.3590497719456],[42.001755684101539,34.359053560934449],[42.001754796597261,34.359057543832257],[42.001754559395621,34.359061617512921],[42.00175497863831,34.359065676499782],[42.001756043470188,34.359069615696633],[42.001757726320392,34.359073333108896],[42.001759983616189,34.359076732484496],[42.001762756911162,34.359079725806019],[42.001765974398523,34.359082235569723],[42.001769552770369,34.359084196792224],[42.001773399374684,34.35908555869311],[42.001480907828196,34.358978500849965],[42.001632041302059,34.358859999221231],[42.001717636525363,34.358806969208302],[42.001823117475723,34.358752530745875],[42.001873521710074,34.358730233607908],[42.001950958100316,34.358756686061987]]]]},"properties":{"OBJECTID":400,"Name":"خضراء","اسم_المؤسس":null,"Shape_Length":126.44679689484569,"Shape_Area":684.48458908646091,"رقم_القطعة":null}},{"type":"Feature","id":401,"geometry":{"type":"Polygon","coordinates":[[[42.005606239793181,34.359619728670353],[42.004985981614666,34.360151749919865],[42.004928070275788,34.360273631291022],[42.004663065205939,34.360175201968261],[42.005075846952359,34.359420277591326],[42.005606239793181,34.359619728670353]]]},"properties":{"OBJECTID":401,"Name":"خضراء","اسم_المؤسس":null,"Shape_Length":269.00446288045083,"Shape_Area":3463.0883388841303,"رقم_القطعة":null}},{"type":"Feature","id":402,"geometry":{"type":"Polygon","coordinates":[[[42.004882544105101,34.360377677288533],[42.004734321460077,34.360716429844821],[42.004288287052432,34.360547084184162],[42.004457018130111,34.360216602398097],[42.004882544105101,34.360377677288533]]]},"properties":{"OBJECTID":402,"Name":"خضراء","اسم_المؤسس":null,"Shape_Length":168.03449622708831,"Shape_Area":1757.1170975639077,"رقم_القطعة":null}},{"type":"Feature","id":403,"geometry":{"type":"Polygon","coordinates":[[[42.005125116083612,34.359317365446074],[42.004736906177079,34.359173707749861],[42.00485287954514,34.359073658409876],[42.005125116083612,34.359317365446074]]]},"properties":{"OBJECTID":403,"Name":"خضراء","اسم_المؤسس":null,"Shape_Length":91.403173183940027,"Shape_Area":283.49337327666069,"رقم_القطعة":null}},{"type":"Feature","id":404,"geometry":{"type":"Polygon","coordinates":[[[42.005281523852261,34.359378345341668],[42.00540534139428,34.359273255084972],[42.005703018927065,34.359536716806858],[42.005281523852261,34.359378345341668]]]},"properties":{"OBJECTID":404,"Name":"خضراء","اسم_المؤسس":null,"Shape_Length":98.971728841314444,"Shape_Area":326.41773356554233,"رقم_القطعة":null}},{"type":"Feature","id":405,"geometry":{"type":"Polygon","coordinates":[[[42.007044065983429,34.358388220821467],[42.006794339878887,34.35816220063095],[42.007374727418664,34.358102773933545],[42.007044065983429,34.358388220821467]]]},"properties":{"OBJECTID":405,"Name":"خضراء","اسم_المؤسس":null,"Shape_Length":131.7842316491807,"Shape_Area":745.868892645193,"رقم_القطعة":null}},{"type":"Feature","id":406,"geometry":{"type":"Polygon","coordinates":[[[42.006487796078581,34.358193587177929],[42.006150314610927,34.35847865224482],[42.005908307932856,34.358252916374767],[42.006487796078581,34.358193587177929]]]},"properties":{"OBJECTID":406,"Name":"خضراء","اسم_المؤسس":null,"Shape_Length":131.60801201622959,"Shape_Area":741.52355773696172,"رقم_القطعة":null}},{"type":"Feature","id":407,"geometry":{"type":"Polygon","coordinates":[[[42.012592774891822,34.359710925087377],[42.011134572990407,34.358551264533531],[42.012037981138228,34.358947249281648],[42.012877524704216,34.35946626450113],[42.012592774891822,34.359710925087377]]]},"properties":{"OBJECTID":407,"Name":"خضراء","اسم_المؤسس":null,"Shape_Length":414.13816381266645,"Shape_Area":4206.0261100857988,"رقم_القطعة":null}},{"type":"Feature","id":408,"geometry":{"type":"Polygon","coordinates":[[[42.003756125906001,34.363638078858614],[42.003761729642598,34.363638850719965],[42.003767088934012,34.363640417297439],[42.003885801599957,34.36368512346197],[42.004034189134956,34.363741007883547],[42.004152899865176,34.36378571292569],[42.00415784897173,34.363788028697776],[42.004162237412572,34.363791019859327],[42.004165935992205,34.363794599445555],[42.004168824388479,34.363798655034898],[42.004170822172398,34.363803065113331],[42.004171863733184,34.363807696986193],[42.00417192006303,34.363812408045817],[42.004170989401146,34.363817057719295],[42.00416910243873,34.363821501031033],[42.004092727281474,34.363960960141995],[42.003935486735088,34.364248086577128],[42.003907837350418,34.364298575395495],[42.003859110877443,34.364387546475086],[42.003782735962837,34.364527009010999],[42.003779944403391,34.364531112179165],[42.003776335196832,34.36453475228771],[42.003772019505817,34.36453781573578],[42.003767128910127,34.364540212758406],[42.003761809622695,34.364541867653422],[42.003756223036461,34.364542734091522],[42.003750540865532,34.364542780813487],[42.003744936046381,34.364542010782763],[42.003739579922424,34.364540443226893],[42.003620867133911,34.364495736057911],[42.003472476324106,34.364439852149907],[42.003353764890122,34.36439514467915],[42.003348814744498,34.364392830703267],[42.003344426265137,34.36438983861229],[42.00334073098071,34.364386259821622],[42.003337842568385,34.364382203311393],[42.003335844778881,34.364377792317526],[42.003334801082104,34.364373160489187],[42.003334742592173,34.364368448579867],[42.00333567231506,34.364363801638817],[42.00333756476266,34.364359358203984],[42.003413941488937,34.364219898587294],[42.0034626661269,34.364130925915603],[42.003490315739342,34.364080437185642],[42.003647559785236,34.363793312100356],[42.003723934421267,34.363653851458977],[42.003726724775156,34.36364974561787],[42.003730332927191,34.363646107340088],[42.003734648544352,34.363643042994831],[42.003739539155141,34.363640647777096],[42.003744859376916,34.363638990157362],[42.003750444914402,34.363638126451278],[42.003756125906001,34.363638078858614]]]},"properties":{"OBJECTID":408,"Name":"خضراء","اسم_المؤسس":null,"Shape_Length":268.82561761343624,"Shape_Area":4132.1230913701393,"رقم_القطعة":null}},{"type":"Feature","id":409,"geometry":{"type":"Polygon","coordinates":[[[42.004521713586513,34.361548547404553],[42.004431865803852,34.361712619201576],[42.004283482877177,34.361656736846868],[42.004164771891688,34.361612030942936],[42.004159821831735,34.361609715190362],[42.004155433510839,34.361606724021783],[42.004151739411206,34.361603145222936],[42.004148847809176,34.361599088807374],[42.004146850023304,34.361594676923175],[42.004145808532819,34.361590045947729],[42.004145752151132,34.36158533308528],[42.004146680723679,34.361580686166882],[42.004148570904015,34.36157624277665],[42.004224944069016,34.361436782802244],[42.004301314758223,34.361297321042848],[42.004304105045613,34.361293216093387],[42.004307714163957,34.361289577777306],[42.004312030697861,34.36128651249085],[42.004316921094052,34.361284115456094],[42.004322240135203,34.361282459646993],[42.004327824423946,34.361281595949471],[42.004333506307759,34.361281547411053],[42.00433911209295,34.361282320101431],[42.004344469067547,34.361283886714794],[42.004463177518495,34.361328593419543],[42.004611563209757,34.361384475502781],[42.004521713586513,34.361548547404553]]]},"properties":{"OBJECTID":409,"Name":"خضراء","اسم_المؤسس":null,"Shape_Length":137.41292457183636,"Shape_Area":1196.060998814937,"رقم_القطعة":null}},{"type":"Feature","id":410,"geometry":{"type":"Polygon","coordinates":[[[42.003403739473143,34.365224231432592],[42.003327364148198,34.365363691919299],[42.003324572605379,34.365367796880406],[42.003320962226695,34.365371436104077],[42.003316646477188,34.365374499538824],[42.003311755852394,34.365376897446794],[42.003306434362841,34.365378553278973],[42.003300849855265,34.365379418745391],[42.003295169798001,34.365379465395819],[42.003289562688593,34.365378693599162],[42.003284206517087,34.365377126025862],[42.003165491634661,34.365332418495832],[42.003017100618941,34.365276533175873],[42.002898386037209,34.365231826271312],[42.002893439109776,34.365229512199178],[42.002889049513357,34.365226520120316],[42.002885355293778,34.365222941290519],[42.0028824625266,34.365218884877045],[42.002880468027456,34.365214474696643],[42.002879425363297,34.365209841036318],[42.002879368045079,34.365205130900549],[42.002880296713087,34.365200483988367],[42.002882188114739,34.365196040585516],[42.002958564036668,34.365056579442346],[42.003034943041534,34.364917119983204],[42.003037732413645,34.364913015081832],[42.003041340614985,34.364909375920028],[42.003045659578625,34.364906311514929],[42.003050549163746,34.364903915446369],[42.003055867403901,34.364902260607124],[42.003061454055583,34.364901395100063],[42.00306713404936,34.364901347561577],[42.003072739974947,34.364902117595761],[42.00307809723045,34.364903686054163],[42.003196811417425,34.364948392805552],[42.003345200789326,34.365004276159496],[42.003463915276981,34.365048983536347],[42.003468864443761,34.365051299333004],[42.00347325181319,34.365054289642664],[42.003476947166689,34.365057869327764],[42.003479839955361,34.365061925726032],[42.003481833394936,34.365066335921966],[42.003482878197289,34.365070967721039],[42.003482934559123,34.36507568058331],[42.003482005957814,34.365080328398932],[42.003480115644606,34.365084770882049],[42.003403739473143,34.365224231432592]]]},"properties":{"OBJECTID":410,"Name":"خضراء","اسم_المؤسس":null,"Shape_Length":164.82554658763513,"Shape_Area":1792.1276570306716,"رقم_القطعة":null}},{"type":"Feature","id":411,"geometry":{"type":"Polygon","coordinates":[[[42.001274781876766,34.360402131204772],[42.001342203868383,34.360279092297255],[42.001396143224291,34.36018065948133],[42.001398933690048,34.360176556393256],[42.001402544014582,34.360172919032266],[42.001406861694058,34.360169853818768],[42.001411752183749,34.360167458700161],[42.001417071254956,34.360165803918569],[42.001422654392265,34.36016493948209],[42.001428336341185,34.360164894685042],[42.001433942002436,34.36016566661354],[42.00143929780598,34.360167234288404],[42.00160745045612,34.360230600590612],[42.001775600184317,34.360293969429236],[42.001780547901561,34.360296284439073],[42.001784936104578,34.360299276602142],[42.001788630111584,34.360302857282747],[42.001791517274917,34.360306915671067],[42.001793513754023,34.360311325828128],[42.001794557267104,34.36031595677882],[42.001794611306607,34.360320668802899],[42.001793680471401,34.360325316664245],[42.001791786864601,34.360329758302669],[42.001737850139406,34.360428193019729],[42.001719335860074,34.360461983412861],[42.001719461429616,34.360462029907161],[42.001665522307945,34.360560462851495],[42.001662732930342,34.360564565918779],[42.001659122666403,34.36056820508874],[42.001654807020863,34.360571266655874],[42.001649915526656,34.360573664513389],[42.001644595349632,34.360575319332789],[42.001639009952186,34.360576182032787],[42.001633328072757,34.360576229542879],[42.001627724586804,34.360575458472397],[42.001622367603503,34.360573889032906],[42.001454214172639,34.360510520989827],[42.001286065325267,34.360447152594823],[42.001281117675184,34.360444839365954],[42.00127672941646,34.360441845383114],[42.001273035519922,34.360438267388098],[42.001270147321847,34.360434209913741],[42.001268151823581,34.360429796117863],[42.001267110541363,34.360425166008604],[42.001267056530921,34.360420453982826],[42.001267985256383,34.360415807077857],[42.00126987656045,34.360411360996359],[42.001274908596258,34.3604021794741],[42.001274781876766,34.360402131204772]]]},"properties":{"OBJECTID":411,"Name":"خضراء","اسم_المؤسس":null,"Shape_Length":143.09004376181025,"Shape_Area":1357.0476609773712,"رقم_القطعة":null}},{"type":"Feature","id":412,"geometry":{"type":"Polygon","coordinates":[[[42.000331350845059,34.363213311465202],[42.00039877616689,34.363090272035258],[42.000452717126727,34.362991839548549],[42.000455508841206,34.362987737350252],[42.000459118234204,34.362984100036748],[42.000463436055114,34.362981033947783],[42.000468325678206,34.362978639785126],[42.000473647149008,34.362976985882248],[42.000479230451781,34.362976120578274],[42.000484911476399,34.362976074941166],[42.000490518407837,34.362976846876585],[42.000495876552172,34.362978414530382],[42.000664032238262,34.363041782801339],[42.000832186056201,34.363105152681449],[42.000837133953965,34.363107468621813],[42.000841521226569,34.363110461738877],[42.000845215264036,34.36311404064098],[42.000848105716408,34.363118098066778],[42.000850101235635,34.363122510965056],[42.000851143593827,34.363127140148308],[42.000851196540424,34.363131853100853],[42.000850266654972,34.363136499129716],[42.000848375213629,34.363140943406208],[42.000794433465884,34.363239373371051],[42.000775918327491,34.363273165461557],[42.000776046137211,34.36327321370451],[42.000722103207472,34.363371645472363],[42.000719309323102,34.363375747729798],[42.000715701108867,34.363379387726248],[42.000711386407993,34.36338245014219],[42.00070649357616,34.363384846196446],[42.000701175407819,34.363386501831755],[42.00069558875883,34.363387365425865],[42.000689905567384,34.363387412028132],[42.000684302919076,34.363386639096262],[42.000678945831254,34.363385071425718],[42.000510789396508,34.363321702314479],[42.000342633201377,34.363258332957891],[42.000337686521043,34.363256020573026],[42.000333298106732,34.363253025662843],[42.000329602965181,34.363249445870537],[42.000326714703938,34.363245388378203],[42.000324720294152,34.363240975443517],[42.000323678984493,34.363236344426561],[42.000323621819263,34.363231634280659],[42.000324551670531,34.363226986453071],[42.000326445345969,34.363222543030517],[42.000331477568444,34.36321335973529],[42.000331350845059,34.363213311465202]]]},"properties":{"OBJECTID":412,"Name":"خضراء","اسم_المؤسس":null,"Shape_Length":143.09013372318225,"Shape_Area":1357.0496949064454,"رقم_القطعة":null}},{"type":"Feature","id":413,"geometry":{"type":"Polygon","coordinates":[[[42.001546745082202,34.362084660695068],[42.00161416996562,34.361961620662719],[42.0016681066651,34.361863187790036],[42.001670898220546,34.361859083767207],[42.001674507577718,34.3618554482237],[42.001678825296153,34.3618523820967],[42.001683716957515,34.361849986936399],[42.001689036126429,34.361848332138031],[42.001694621574607,34.361847468530883],[42.001700301431974,34.361847422867946],[42.001705907176053,34.361848193877137],[42.001711263125564,34.361849762434389],[42.001879418362464,34.361913129086616],[42.002047573871103,34.361976496394099],[42.002052520579483,34.361978810512838],[42.002056909012467,34.361981806262683],[42.002060600841446,34.361985384281219],[42.00206349025347,34.361989442605122],[42.002065485707227,34.361993852780493],[42.002066530381271,34.361998484599802],[42.002066584444307,34.362003196621785],[42.002065652462484,34.362007842709765],[42.002063761043409,34.362012285199853],[42.00200982256645,34.362110718279126],[42.001991308144945,34.362144510520395],[42.001991433749353,34.362144557914867],[42.001937496166001,34.36224299004202],[42.001934703526715,34.362247094097349],[42.001931093176296,34.362250732377071],[42.001926777491825,34.362253794857729],[42.001921885911941,34.362256192730278],[42.001916566723175,34.362257847539787],[42.001910979046947,34.362258710311089],[42.001905299194803,34.362258756885865],[42.001899695529616,34.362257984032887],[42.001894337410768,34.362256416439443],[42.001726183629359,34.362193049794243],[42.001558027819115,34.362129680255215],[42.001553080059772,34.362127367043527],[42.001548691763922,34.362124374877482],[42.001544998798714,34.362120795068186],[42.001542108351941,34.362116737658276],[42.001540114997162,34.362112324718034],[42.001539073640053,34.36210769371349],[42.0015390174662,34.362102982643698],[42.001539948359955,34.362098335684259],[42.001541840830654,34.362093891372908],[42.001546871740153,34.362084707162758],[42.001546745082202,34.362084660695068]]]},"properties":{"OBJECTID":413,"Name":"خضراء","اسم_المؤسس":null,"Shape_Length":143.09010305246397,"Shape_Area":1357.0446960856486,"رقم_القطعة":null}},{"type":"Feature","id":414,"geometry":{"type":"Polygon","coordinates":[[[42.00248134687078,34.36155553046504],[42.002441782441373,34.361540622061483],[42.002898286495537,34.360707526468239],[42.002937850719661,34.360722438344489],[42.00248134687078,34.36155553046504]]]},"properties":{"OBJECTID":414,"Name":"خضراء","اسم_المؤسس":null,"Shape_Length":211.12621777701278,"Shape_Area":406.2472232427084,"رقم_القطعة":null}},{"type":"Feature","id":415,"geometry":{"type":"Polygon","coordinates":[[[42.001433095154546,34.363381347808577],[42.001467614950357,34.36331835812593],[42.001486786078971,34.363283370824874],[42.001526352292892,34.363298279473113],[42.00134196181849,34.363634767443614],[42.001302393265519,34.363619857895671],[42.001315619092573,34.36359572229118],[42.001369816447628,34.363496821623578],[42.001433095154546,34.363381347808577]]]},"properties":{"OBJECTID":415,"Name":"خضراء","اسم_المؤسس":null,"Shape_Length":90.043333307918417,"Shape_Area":164.08870929727993,"رقم_القطعة":null}},{"type":"Feature","id":417,"geometry":{"type":"Polygon","coordinates":[[[42.005922780865667,34.360579642208499],[42.006073815635503,34.360450091142084],[42.006190974680401,34.360544028261003],[42.006284707624552,34.360619180252613],[42.006288433699176,34.360622740172232],[42.00629135733115,34.360626778621942],[42.006293388479072,34.360631178832278],[42.006294470058648,34.360635803393158],[42.006294566769455,34.360640516161823],[42.006293674353792,34.360645167612994],[42.006291820626736,34.360649623657885],[42.006289064639276,34.360653742228848],[42.006285485730388,34.360657401491316],[42.006157105832884,34.360767517344343],[42.006028726782155,34.360877635753567],[42.006024437332378,34.360880726573043],[42.006019565354052,34.36088315026322],[42.006014258298684,34.360884835595904],[42.006008681766055,34.360885732530086],[42.006002999924299,34.360885811791832],[42.005997390971189,34.360885071705347],[42.005992018801955,34.360883536185206],[42.00598705127787,34.360881248879004],[42.005982639882241,34.360878281779861],[42.005888907969712,34.360803129533565],[42.00577174444858,34.360709190435244],[42.005922780865667,34.360579642208499]]]},"properties":{"OBJECTID":417,"Name":"خضراء","اسم_المؤسس":null,"Shape_Length":137.41292620590247,"Shape_Area":1196.0580414248598,"رقم_القطعة":null}},{"type":"Feature","id":418,"geometry":{"type":"Polygon","coordinates":[[[42.008517534861653,34.362563168841902],[42.008404234756036,34.362660312911551],[42.008313590605894,34.362738029097393],[42.008309302145939,34.362741117268364],[42.008304430040091,34.362743538349449],[42.008299120783725,34.362745224738731],[42.008293545150885,34.362746119053696],[42.008287865397975,34.362746199275357],[42.008282255221332,34.362745459328281],[42.00827688493964,34.362743920261686],[42.008271917246603,34.362741633058057],[42.008267504587906,34.362738666078293],[42.008134737988151,34.362632181968245],[42.008001975971574,34.362525694885974],[42.007998252006423,34.362522137676187],[42.007995329276397,34.3625180983489],[42.007993297923896,34.362513696373952],[42.007992221585468,34.362509069900796],[42.007992123812208,34.362504360768924],[42.007993014994341,34.362499707536017],[42.007994870898919,34.362495253216835],[42.007997627939311,34.362491134582967],[42.008001210164188,34.362487476992158],[42.008091851046068,34.362409759313302],[42.008122964150424,34.362383080128183],[42.008122864597468,34.362383001452272],[42.008213507523237,34.362305286342249],[42.008217795933739,34.362302197274843],[42.008222669007083,34.362299773469793],[42.008227972936652,34.362298090821064],[42.008233551702403,34.362297193728658],[42.008239233629432,34.362297114358277],[42.008244842754046,34.36229785613687],[42.008250216167475,34.362299392424589],[42.008255182682497,34.362301677856181],[42.008259593241299,34.362304647592993],[42.008392359503951,34.362411133392399],[42.008525120640208,34.362517618261194],[42.008528846733789,34.362521173599156],[42.008531768499253,34.362525215640808],[42.00853380083673,34.3625296139762],[42.008534879376967,34.362534240389571],[42.008534972997857,34.362538954129192],[42.008534080695362,34.362543605589991],[42.008532225840689,34.362548058087995],[42.008529471029995,34.362552177579751],[42.008525888987833,34.362555839687921],[42.008517433103911,34.362563089319167],[42.008517534861653,34.362563168841902]]]},"properties":{"OBJECTID":418,"Name":"خضراء","اسم_المؤسس":null,"Shape_Length":143.09028692877902,"Shape_Area":1357.0506376127291,"رقم_القطعة":null}},{"type":"Feature","id":419,"geometry":{"type":"Polygon","coordinates":[[[42.010543693288099,34.360177491749141],[42.010430398674437,34.3602746374372],[42.010339761089966,34.360352354864347],[42.010335471706775,34.360355442223273],[42.010330599830802,34.360357864276196],[42.010325291919358,34.360359552518425],[42.010319717525263,34.360360445989357],[42.010314035706202,34.360360524548916],[42.010308426797941,34.360359785561016],[42.010303055588061,34.360358247504202],[42.010298085820274,34.360355960431122],[42.010293674313353,34.360352993493983],[42.010160911423526,34.360246509631857],[42.010028149955431,34.360140025579391],[42.010024427076459,34.360136467501789],[42.010021505398257,34.360132427295056],[42.010019474073907,34.360128027156065],[42.010018392268307,34.360123401737681],[42.010018297491399,34.360118688028564],[42.010019189759902,34.360114038362198],[42.010021046597679,34.360109583992454],[42.010023802379962,34.360105465347587],[42.01002738218196,34.360101805958415],[42.010118018831356,34.360024091487752],[42.010149131449026,34.359997410030289],[42.010149030714643,34.359997328680926],[42.010239670397226,34.359919614050561],[42.01024396193511,34.359916526642358],[42.010248832606564,34.359914101918903],[42.01025413736339,34.359912417363837],[42.010259713836511,34.359911522042736],[42.01026539447507,34.359911441712846],[42.010271005589253,34.359912182452085],[42.010276378909225,34.359913719557895],[42.010281343219589,34.359916006767065],[42.010285755820171,34.359918974579919],[42.010418517222504,34.360025458357001],[42.010551281100298,34.360131941016412],[42.010555004957169,34.3601354954477],[42.010557926789104,34.360139539242674],[42.010559959195014,34.360143938443905],[42.010561036718769,34.360148564863387],[42.010561132547757,34.360153276742551],[42.010560238234071,34.360157929166526],[42.01055838570403,34.360162381634872],[42.01055562997945,34.360166501191074],[42.010552048027179,34.360170160648082],[42.010543592585357,34.360177411300704],[42.010543693288099,34.360177491749141]]]},"properties":{"OBJECTID":419,"Name":"خضراء","اسم_المؤسس":null,"Shape_Length":143.09021311223543,"Shape_Area":1357.048662805496,"رقم_القطعة":null}},{"type":"Feature","id":420,"geometry":{"type":"Polygon","coordinates":[[[42.008942135976348,34.360902518958511],[42.008828836279712,34.36099966245358],[42.008738198596362,34.361077379651213],[42.008733908093483,34.36108046878654],[42.008729037147567,34.361082888952104],[42.008723729121712,34.361084576228116],[42.008718151431751,34.361085470610057],[42.008712471728472,34.361085549044354],[42.008706859489614,34.361084809164389],[42.008701490428244,34.361083270984786],[42.008696522858841,34.361080984693913],[42.008692112449985,34.361078017671559],[42.008559349154361,34.36097153206012],[42.00842658728051,34.360865046258382],[42.008422862323599,34.360861489985062],[42.00841994168092,34.360857447009238],[42.008417911568372,34.360853048615034],[42.008416831977186,34.360848422224777],[42.008416736296759,34.360843711238687],[42.008417626326377,34.360839057129873],[42.008419482242445,34.360834604607497],[42.008422240331235,34.36083048684096],[42.008425820267242,34.360826828394359],[42.008516458069217,34.360749113225936],[42.008547572563494,34.360722432111338],[42.008547474033797,34.360722351607777],[42.008638111611042,34.360644636359829],[42.008642403214864,34.360641548102535],[42.008647275128268,34.360639125213005],[42.008652579967176,34.360637440723529],[42.008658158618019,34.360636543617574],[42.008663838291213,34.360636465187397],[42.008669451650007,34.360637206845446],[42.008674819563581,34.360638744154215],[42.0086797871054,34.360641030447525],[42.008684199726105,34.360643999219484],[42.008816960383832,34.360750482971355],[42.008949722559969,34.360856969234703],[42.008953447569951,34.36086052639137],[42.008956371398718,34.360864566571166],[42.008958400453118,34.360868964981634],[42.008959482278271,34.360873592212663],[42.008959573677572,34.360878304204164],[42.008958681441626,34.360882956567593],[42.008956827725846,34.360887409043222],[42.008954071898934,34.360891528568274],[42.008950489844814,34.360895187983274],[42.008942035306326,34.360902439409323],[42.008942135976348,34.360902518958511]]]},"properties":{"OBJECTID":420,"Name":"خضراء","اسم_المؤسس":null,"Shape_Length":143.09003950669046,"Shape_Area":1357.044769456855,"رقم_القطعة":null}},{"type":"Feature","id":421,"geometry":{"type":"Polygon","coordinates":[[[42.007847630105879,34.361140891881632],[42.007878866923434,34.361165946498602],[42.007111717222529,34.361823692634587],[42.007080481348517,34.361798635096136],[42.007847630105879,34.361140891881632]]]},"properties":{"OBJECTID":421,"Name":"خضراء","اسم_المؤسس":null,"Shape_Length":211.12636749394113,"Shape_Area":406.2475312814438,"رقم_القطعة":null}},{"type":"Feature","id":422,"geometry":{"type":"Polygon","coordinates":[[[42.009573855187668,34.359712639930656],[42.009515851915999,34.359762373344864],[42.009483635953885,34.359789996700052],[42.009452398114057,34.35976494161288],[42.0097622363878,34.359499272362456],[42.00979347641325,34.359524328218832],[42.00977125148632,34.359543383288127],[42.009680183712454,34.359621468663072],[42.009573855187668,34.359712639930656]]]},"properties":{"OBJECTID":422,"Name":"خضراء","اسم_المؤسس":null,"Shape_Length":90.043353556935202,"Shape_Area":164.0892676740701,"رقم_القطعة":null}},{"type":"Feature","id":423,"geometry":{"type":"Polygon","coordinates":[[[42.004978806784372,34.363772850145033],[42.004902387780909,34.363912290070431],[42.004899595274573,34.363916395088452],[42.004895984993048,34.363920033451947],[42.00489166828973,34.363923096962701],[42.004886776613461,34.363925492252292],[42.004881458540197,34.363927148967484],[42.004875871848917,34.363928010951128],[42.004870188541595,34.363928055047865],[42.00486458810164,34.363927284960084],[42.004859229764229,34.363925715704362],[42.004740529423756,34.363880982267048],[42.004592155211881,34.363825064146035],[42.004473460602327,34.363780331200822],[42.004468512574547,34.363778015415292],[42.004464122973985,34.363775022490749],[42.004460430899385,34.363771442754071],[42.00445754134023,34.3637673853978],[42.004455544564287,34.363762973496897],[42.00445450516083,34.363758341573856],[42.004454447793755,34.363753632343048],[42.004455381665231,34.363748981687579],[42.004457270782872,34.363744538318919],[42.004533693640994,34.363605097657114],[42.004610113862249,34.363465650707319],[42.004612908670666,34.363461549244704],[42.00461651572104,34.363457911870377],[42.004620832380354,34.363454847469292],[42.004625724006459,34.363452451290641],[42.004631044357041,34.363450798136796],[42.004636630955972,34.363449934364631],[42.004642310845178,34.363449886758119],[42.004647916842679,34.363450661227503],[42.00465327297384,34.363452230547757],[42.004771970414744,34.363496962359072],[42.004920339821552,34.363552881295817],[42.005039040853475,34.363597614553186],[42.005043988884218,34.363599930315424],[42.005048377408187,34.363602923245281],[42.005052070648901,34.363606504737838],[42.005054960165204,34.363610560277749],[42.005056955785079,34.363614969492367],[42.005057995315518,34.363619604110504],[42.005058049457688,34.363624313419415],[42.005057119900492,34.363628962169798],[42.005055230753058,34.363633403744835],[42.004978806784372,34.363772850145033]]]},"properties":{"OBJECTID":423,"Name":"خضراء","اسم_المؤسس":null,"Shape_Length":164.82626395076559,"Shape_Area":1792.1401216399531,"رقم_القطعة":null}},{"type":"Feature","id":424,"geometry":{"type":"Polygon","coordinates":[[[42.006495487392371,34.364949316790394],[42.005694890233606,34.365623836301943],[42.006188448820502,34.364705807487709],[42.006495487392371,34.364949316790394]]]},"properties":{"OBJECTID":424,"Name":"خضراء","اسم_المؤسس":null,"Shape_Length":255.70494601685346,"Shape_Area":2053.5381584855654,"رقم_القطعة":null}},{"type":"Feature","id":425,"geometry":{"type":"Polygon","coordinates":[[[42.005936815894941,34.361756667727789],[42.005603115272073,34.361633416618481],[42.0056626825276,34.361538351025686],[42.005936815894941,34.361756667727789]]]},"properties":{"OBJECTID":425,"Name":"خضراء","اسم_المؤسس":null,"Shape_Length":80.495806683818188,"Shape_Area":199.53662529823922,"رقم_القطعة":null}},{"type":"Feature","id":426,"geometry":{"type":"Polygon","coordinates":[[[42.004757898037091,34.366441972192803],[42.004589569510543,34.366378910672417],[42.005003503700053,34.365619132793292],[42.005424709622176,34.365790179407341],[42.005342913030951,34.365939430836903],[42.004757898037091,34.366441972192803]]]},"properties":{"OBJECTID":426,"Name":"خضراء","اسم_المؤسس":null,"Shape_Length":248.41893505088643,"Shape_Area":3007.3004695805998,"رقم_القطعة":null}},{"type":"Feature","id":427,"geometry":{"type":"Polygon","coordinates":[[[42.009730715547846,34.358044026592971],[42.009733363898569,34.358042222649985],[42.009816791390669,34.358049799971134],[42.009949474582783,34.35807024646553],[42.010101065726261,34.358106887744313],[42.010290080805397,34.358174590626582],[42.010074665256042,34.358326403528764],[42.009730715547846,34.358044026592971]]]},"properties":{"OBJECTID":427,"Name":"خضراء","اسم_المؤسس":null,"Shape_Length":124.5161180349882,"Shape_Area":671.40922212598343,"رقم_القطعة":null}},{"type":"Feature","id":434,"geometry":{"type":"Polygon","coordinates":[[[41.995308807284104,34.370528306030344],[41.995305172557714,34.370529812944099],[41.995291807245657,34.370535279131502],[41.995278407198654,34.370540685775339],[41.995264972480868,34.370546034676799],[41.995251504114265,34.370551324008069],[41.995245629155207,34.370553599691632],[41.994757066715096,34.370703464415449],[41.994624856843537,34.37017848451783],[41.995308807284104,34.370528306030344]]]},"properties":{"OBJECTID":434,"Name":"خضراء","اسم_المؤسس":null,"Shape_Length":187.87725934860171,"Shape_Area":1612.424352386294,"رقم_القطعة":null}},{"type":"Feature","id":437,"geometry":{"type":"Polygon","coordinates":[[[41.98998221495934,34.372986814373107],[41.989870382283129,34.372927097012933],[41.990253320859388,34.372430701178423],[41.990376175897495,34.372496094211527],[41.98998221495934,34.372986814373107]]]},"properties":{"OBJECTID":437,"Name":"خضراء","اسم_المؤسس":null,"Shape_Length":156.50544588203297,"Shape_Area":839.75375466961896,"رقم_القطعة":null}},{"type":"Feature","id":440,"geometry":{"type":"Polygon","coordinates":[[[41.99398138671156,34.370941397491208],[41.99382615164334,34.370989013716347],[41.99381028887251,34.370994136167077],[41.993795864146342,34.370998888092707],[41.993781124371317,34.371003828908776],[41.993766593739679,34.371008781729174],[41.993752099373609,34.371013806672437],[41.993737641208938,34.371018901937397],[41.99372322036384,34.371024068398057],[41.993708835752138,34.371029306081034],[41.993700809122998,34.371032276156868],[41.993641840481551,34.371049727539571],[41.99359218332318,34.370870793610571],[41.993944586648283,34.370807213813933],[41.99398138671156,34.370941397491208]]]},"properties":{"OBJECTID":440,"Name":"خضراء","اسم_المؤسس":null,"Shape_Length":102.33322370289544,"Shape_Area":589.09035397905279,"رقم_القطعة":null}},{"type":"Feature","id":441,"geometry":{"type":"Polygon","coordinates":[[[41.993206445153,34.371270338846848],[41.993119339422243,34.371325989072112],[41.993023294836497,34.371393190277963],[41.992931195088218,34.371464086098342],[41.992864833819851,34.371519587170731],[41.992806363920778,34.371284430871874],[41.992805290639055,34.371283993826303],[41.992776842401426,34.371172937779725],[41.993157454485377,34.371104272849529],[41.993535554569036,34.371035113889086],[41.993550354634692,34.371091859910543],[41.993442483267195,34.371141412434561],[41.993335537194547,34.371196134211061],[41.993206445153,34.371270338846848]]]},"properties":{"OBJECTID":441,"Name":"خضراء","اسم_المؤسس":null,"Shape_Length":196.5787536036618,"Shape_Area":1467.0691726391506,"رقم_القطعة":null}},{"type":"Feature","id":443,"geometry":{"type":"Polygon","coordinates":[[[41.970266996308119,34.372087698713777],[41.97030893755128,34.372033360651535],[41.971413453842565,34.372622918999184],[41.971373756642109,34.372674052523969],[41.970266996308119,34.372087698713777]]]},"properties":{"OBJECTID":443,"Name":"خضراء","اسم_المؤسس":null,"Shape_Length":255.66317142186588,"Shape_Area":840.66728172314652,"رقم_القطعة":null}},{"type":"Feature","id":444,"geometry":{"type":"Polygon","coordinates":[[[41.985196987837107,34.358700118942636],[41.985017499555049,34.358929725102364],[41.983135760131297,34.357943286162929],[41.982805479039683,34.357770141800465],[41.983023339754709,34.357484317770179],[41.983199599148307,34.357562166227289],[41.983259445497339,34.357588598275505],[41.983509159242679,34.357705610235818],[41.983755278537203,34.357827749037597],[41.983997648566941,34.357954939156194],[41.984236118731005,34.358087101359523],[41.984470541619295,34.358224154535826],[41.984700771798813,34.358366012117479],[41.984859642792152,34.358463400033742],[41.985013740254473,34.358565928594253],[41.9851628204582,34.358673437007965],[41.985196987837107,34.358700118942636]]]},"properties":{"OBJECTID":444,"Name":"خضراء","اسم_المؤسس":null,"Shape_Length":550.66151556495731,"Shape_Area":9320.9038269735538,"رقم_القطعة":null}},{"type":"Feature","id":446,"geometry":{"type":"Polygon","coordinates":[[[41.977028008850951,34.375630187763932],[41.977005775681533,34.375659347369229],[41.976087417386864,34.375172645628012],[41.976109752820257,34.375148855994588],[41.977028008850951,34.375630187763932]]]},"properties":{"OBJECTID":446,"Name":"خضراء","اسم_المؤسس":null,"Shape_Length":207.44740020083526,"Shape_Area":358.47341756005869,"رقم_القطعة":null}},{"type":"Feature","id":457,"geometry":{"type":"Polygon","coordinates":[[[41.979846897674733,34.380795574029072],[41.979850186539501,34.380798397255234],[41.979852839483982,34.380801652422178],[41.979854766957267,34.380805236249721],[41.979855914232758,34.38080904641167],[41.979856246648083,34.380812963867847],[41.979855754493052,34.380816868068521],[41.979854451028658,34.380820642411059],[41.97985237683222,34.380824174134027],[41.979849594206378,34.3808273499465],[41.979528955364437,34.381133486511942],[41.979525914232703,34.381135964630644],[41.979522446047262,34.381138019586992],[41.979518632630992,34.381139598007749],[41.979514567212284,34.381140661565333],[41.979510350111866,34.381141187984468],[41.979506085005056,34.381141157612269],[41.979501882978802,34.381140575854204],[41.979497841285898,34.381139456565407],[41.979494056539814,34.381137826236078],[41.979490628037389,34.381135725713271],[41.979121384659052,34.38086988350728],[41.979118094759968,34.38086706118748],[41.97911544401304,34.380863805950284],[41.979113514332511,34.380860220361249],[41.979112366034968,34.380856411117705],[41.979112033685794,34.380852494558347],[41.979112527984398,34.380848588504719],[41.979113831483076,34.380844814168341],[41.979115903635225,34.380841285211062],[41.979118686226656,34.380838107612604],[41.979439326686112,34.38053197206564],[41.979442731831568,34.380529243506381],[41.979446656995123,34.380527045814048],[41.979450983900435,34.380525446770946],[41.97945557733879,34.38052449654414],[41.979460300089336,34.38052421920942],[41.979465011257432,34.380524627213973],[41.97946956470944,34.380525707893796],[41.97947382118123,34.380527427685493],[41.979477654859586,34.380529733768682],[41.979846897674733,34.380795574029072]]]},"properties":{"OBJECTID":457,"Name":"خضراء","اسم_المؤسس":null,"Shape_Length":195.68886211519757,"Shape_Area":2494.5394107835755,"رقم_القطعة":null}},{"type":"Feature","id":458,"geometry":{"type":"Polygon","coordinates":[[[41.966739763985565,34.371873201868155],[41.966743510180429,34.371875606946553],[41.966746700011129,34.371878511375158],[41.966749224973661,34.371881828548297],[41.966751020778815,34.371885461773587],[41.966752028091477,34.371889300717513],[41.96675221978002,34.371893223448502],[41.966751583023601,34.371897113096182],[41.966750141994439,34.371900853695401],[41.966747938275212,34.371904329760056],[41.966483687456119,34.372245480164345],[41.966481110360654,34.372248295545226],[41.966478032133715,34.372250741792556],[41.966474531022584,34.372252756614571],[41.966470694504196,34.372254292819363],[41.966466611586483,34.37225531579741],[41.966462389837666,34.372255793193119],[41.966458130112528,34.372255718052891],[41.96645393796009,34.372255093224588],[41.966449906149599,34.372253929077289],[41.966446149999811,34.372252258869359],[41.966034718611951,34.372033143789402],[41.966030974854888,34.372030745840959],[41.96602778932246,34.372027839486094],[41.966025257801938,34.372024520653675],[41.966023462023941,34.372020887416319],[41.966022453783005,34.372017052093668],[41.966022265163829,34.372013122976419],[41.96602290198657,34.372009234231435],[41.96602434314557,34.37200549634094],[41.966026543607796,34.372002019466123],[41.966290795698853,34.371660870882813],[41.966293695203923,34.371657765548363],[41.966297194817621,34.371655123396692],[41.966301201658723,34.37165302329943],[41.966305580199865,34.37165153705017],[41.966310205622207,34.371650701028344],[41.966314940873197,34.371650543797529],[41.966319630727398,34.37165107182728],[41.966324142933374,34.371652264889399],[41.966328333996785,34.371654092211728],[41.966739763985565,34.371873201868155]]]},"properties":{"OBJECTID":458,"Name":"خضراء","اسم_المؤسس":null,"Shape_Length":195.68876251841183,"Shape_Area":2494.5351629678312,"رقم_القطعة":null}},{"type":"Feature","id":459,"geometry":{"type":"Polygon","coordinates":[[[41.966674139716581,34.370501238750961],[41.966378147635979,34.370879824099667],[41.965884234726623,34.370618052096873],[41.9661798050656,34.370240043304157],[41.966674139716581,34.370501238750961]]]},"properties":{"OBJECTID":459,"Name":"خضراء","اسم_المؤسس":null,"Shape_Length":207.9660570772559,"Shape_Area":2699.2301345636579,"رقم_القطعة":null}},{"type":"Feature","id":460,"geometry":{"type":"Polygon","coordinates":[[[41.96504607928351,34.370975299688467],[41.965049824242136,34.370977703048773],[41.965053011777115,34.370980606678835],[41.965055540990335,34.370983923786937],[41.965057334624966,34.370987559796937],[41.965058343956201,34.370991396905964],[41.965058530161627,34.370995320676649],[41.965057897610841,34.370999208413103],[41.965056453353967,34.371002951776831],[41.965054252746263,34.371006425032895],[41.964789996298265,34.371347573855267],[41.964787415814861,34.371350386579394],[41.964784344051488,34.371352831726583],[41.964780841972747,34.371354850129322],[41.964777002168901,34.371356385458974],[41.964772922559348,34.371357409200975],[41.96476869652836,34.371357887542345],[41.964764436782339,34.371357810539351],[41.96476024353376,34.371357183874949],[41.964756216226469,34.371356022264699],[41.964752459061778,34.37135435202697],[41.964341036268152,34.371135231658101],[41.964337293588365,34.371132830924665],[41.96433410597529,34.371129924573111],[41.964331575603175,34.371126604773345],[41.964329776628475,34.371122970684191],[41.964328769627365,34.371119137117411],[41.964328584477883,34.371115211516347],[41.964329221376026,34.371111322775988],[41.9643306581914,34.371107583205962],[41.964332861900267,34.37110410447854],[41.964597118629122,34.370762960205404],[41.964600015999039,34.370759854961769],[41.964603520010769,34.370757213652759],[41.964607524716733,34.370755114564083],[41.964611905387365,34.370753627422935],[41.964616530814382,34.370752792367426],[41.964621260496997,34.370752632634492],[41.964625954639502,34.37075316062716],[41.964630465754318,34.370754355583337],[41.964634657761621,34.370756181140635],[41.96504607928351,34.370975299688467]]]},"properties":{"OBJECTID":460,"Name":"خضراء","اسم_المؤسس":null,"Shape_Length":195.68873138371146,"Shape_Area":2494.5444686975347,"رقم_القطعة":null}},{"type":"Feature","id":461,"geometry":{"type":"Polygon","coordinates":[[[41.963352543498971,34.370077515304324],[41.963356288371095,34.370079918721437],[41.96335947581445,34.370082822400875],[41.963362004933742,34.370086139549315],[41.96336379847483,34.370089775589449],[41.963364807715877,34.370093612717525],[41.963364993837232,34.370097536495507],[41.963364361211035,34.370101424227414],[41.963362916889587,34.370105167574714],[41.963360716230277,34.370108640803117],[41.96309645517686,34.370449786216128],[41.963093874659343,34.370452598906354],[41.963090802874312,34.370455044012125],[41.963087300787024,34.370457062366739],[41.963083460988003,34.370458597642838],[41.963079381396327,34.370459621327228],[41.963075155396041,34.370460099608238],[41.963070895692717,34.370460022543746],[41.963066702497713,34.370459395818145],[41.963062675253596,34.370458234148479],[41.963058918160151,34.370456563854617],[41.962647503927904,34.370237437297234],[41.96264376133454,34.370235036506998],[41.96264057381314,34.370232130106096],[41.962638043535037,34.370228810265942],[41.962636244653879,34.370225176146583],[41.962635237742859,34.370221342560789],[41.96263505267747,34.370217416952457],[41.962635689651016,34.370213528216723],[41.962637126530936,34.370209788663011],[41.962639330291509,34.37020630996328],[41.962903591625512,34.369865169099519],[41.962906489032605,34.369862063894011],[41.962909993065921,34.369859422632409],[41.962913997777292,34.369857323599],[41.962918378436868,34.369855836519278],[41.962923003836806,34.369855001529473],[41.962927733477173,34.369854841864516],[41.962932427563345,34.369855369925482],[41.962936938609609,34.369856564948094],[41.962941130538219,34.36985839056797],[41.963352543498971,34.370077515304324]]]},"properties":{"OBJECTID":461,"Name":"خضراء","اسم_المؤسس":null,"Shape_Length":195.68873138363736,"Shape_Area":2494.5444687255226,"رقم_القطعة":null}},{"type":"Feature","id":462,"geometry":{"type":"Polygon","coordinates":[[[41.961584713085443,34.370318578078709],[41.96112683503636,34.370076078747324],[41.961444991697135,34.369663278136976],[41.961901244848548,34.369907863653978],[41.961584713085443,34.370318578078709]]]},"properties":{"OBJECTID":462,"Name":"خضراء","اسم_المؤسس":null,"Shape_Length":208.46829185147698,"Shape_Area":2711.6874823307262,"رقم_القطعة":null}},{"type":"Feature","id":471,"geometry":{"type":"Polygon","coordinates":[[[41.990657276449156,34.361780072349269],[41.990766448415222,34.361632418612039],[41.991083745465801,34.361796020240391],[41.991074727287511,34.361839275844822],[41.990657276449156,34.361780072349269]]]},"properties":{"OBJECTID":471,"Name":"خضراء","اسم_المؤسس":null,"Shape_Length":97.464045853331001,"Shape_Area":425.4796681485837,"رقم_القطعة":null}},{"type":"Feature","id":473,"geometry":{"type":"Polygon","coordinates":[[[41.984200144450739,34.378490924882776],[41.984422745953125,34.378202423845082],[41.984572825618095,34.37828963602756],[41.98435415836056,34.378573038589423],[41.984200144450739,34.378490924882776]]]},"properties":{"OBJECTID":473,"Name":"خضراء","اسم_المؤسس":null,"Shape_Length":109.0664874907618,"Shape_Area":634.8338989628694,"رقم_القطعة":null}},{"type":"Feature","id":474,"geometry":{"type":"Polygon","coordinates":[[[41.98435415836056,34.378573038589423],[41.984134472192899,34.378857760955249],[41.983984391882039,34.378770548270467],[41.984200144450739,34.378490924882776],[41.98435415836056,34.378573038589423]]]},"properties":{"OBJECTID":474,"Name":"خضراء","اسم_المؤسس":null,"Shape_Length":108.07068822625283,"Shape_Area":626.44430819755917,"رقم_القطعة":null}},{"type":"Feature","id":478,"geometry":{"type":"Polygon","coordinates":[[[41.969892189638912,34.366690271915267],[41.96946640132829,34.366470484321923],[41.969614615460749,34.366276831507598],[41.970037364875154,34.366500004135389],[41.969892189638912,34.366690271915267]]]},"properties":{"OBJECTID":478,"Name":"خضراء","اسم_المؤسس":null,"Shape_Length":142.72680460376961,"Shape_Area":1163.7702963726897,"رقم_القطعة":"6800"}},{"type":"Feature","id":479,"geometry":{"type":"Polygon","coordinates":[[[41.977637691319991,34.34730229958091],[41.978249275141671,34.346588766433555],[41.978602848997994,34.346794748050335],[41.977999007476249,34.347506148310686],[41.977637691319991,34.34730229958091]]]},"properties":{"OBJECTID":479,"Name":"خضراء","اسم_المؤسس":null,"Shape_Length":273.72797939454216,"Shape_Area":3874.2498806332387,"رقم_القطعة":null}},{"type":"Feature","id":480,"geometry":{"type":"Polygon","coordinates":[[[41.975096944462301,34.345909077252266],[41.974805322091512,34.346256674569453],[41.974587610974616,34.34612809796527],[41.974812913856049,34.34574210369243],[41.975096944462301,34.345909077252266]]]},"properties":{"OBJECTID":480,"Name":"خضراء","اسم_المؤسس":null,"Shape_Length":151.24829818068741,"Shape_Area":1330.3914731054379,"رقم_القطعة":null}},{"type":"Feature","id":481,"geometry":{"type":"Polygon","coordinates":[[[41.973842035321148,34.34740540896334],[41.974539604621121,34.34621046850588],[41.97474356635459,34.346332131425299],[41.973842035321148,34.34740540896334]]]},"properties":{"OBJECTID":481,"Name":"خضراء","اسم_المؤسس":null,"Shape_Length":315.65725755700294,"Shape_Area":1678.6046204740587,"رقم_القطعة":null}},{"type":"Feature","id":484,"geometry":{"type":"Polygon","coordinates":[[[41.979708483857415,34.37823010692663],[41.979707473659325,34.378231572869176],[41.979699967029191,34.378242467934747],[41.979699909588078,34.378242411645502],[41.97969089699167,34.378233396522234],[41.979681947048242,34.378224339308822],[41.979673057585281,34.378215240058239],[41.979664231861506,34.378206098691059],[41.979655467768289,34.378196917061494],[41.979646766359949,34.378187694242456],[41.979638128722677,34.378178430207477],[41.979629554888426,34.378169125857227],[41.979621043770933,34.378159781218159],[41.979612596488373,34.378150397164404],[41.979604214126944,34.378140973669559],[41.979595895600418,34.378131510760078],[41.979587642026942,34.378122009310133],[41.979579453406515,34.378112469319717],[41.979571330825351,34.378102890762385],[41.979563273197193,34.378093273664618],[41.979555281672155,34.37808361980121],[41.979547355132041,34.378073928297979],[41.979539495749293,34.378064199102056],[41.979531702501546,34.378054434041118],[41.979523976443069,34.3780446321881],[41.979516317605793,34.378034794443629],[41.979508725989696,34.378024920807718],[41.979501201594772,34.378015011280382],[41.979493745571084,34.378005067636387],[41.97948635676854,34.377995088100995],[41.979479036337203,34.377985074448993],[41.979471785363287,34.3779750266539],[41.979464601674337,34.377964944768671],[41.979457487474697,34.377954829640998],[41.97945044276436,34.37794468127089],[41.979443467543305,34.377934499658366],[41.979436561843457,34.377924285704054],[41.979429725664794,34.377914039407955],[41.979422960093522,34.377903760743635],[41.979416264107243,34.377893451538768],[41.979409639814556,34.377883109939248],[41.979403085106831,34.377872737799201],[41.979396601102202,34.37786233599283],[41.979390188823039,34.377851902692406],[41.979383848333157,34.377841439699218],[41.979377578578237,34.377830947940318],[41.97937138169879,34.377820426462193],[41.97936525552236,34.377809875317773],[41.97935920228521,34.37779929625539],[41.979353220901089,34.377788689301504],[41.979347311338067,34.37777805355551],[41.97934147583242,34.377767390765705],[41.979335712211679,34.37775670098506],[41.979330022648256,34.377745984160619],[41.979324406055937,34.377735240318898],[41.979318862466585,34.377724470360505],[41.979313392998343,34.377713675159583],[41.979307996533045,34.377702853842024],[41.979302675306968,34.377692008156117],[41.979297427115696,34.377681137254186],[41.979292253045458,34.37767024110979],[41.979287154246272,34.377659321497674],[41.97928213071814,34.377648378417888],[41.97927718028857,34.377637411923352],[41.979272306216231,34.377626421934671],[41.97926750636055,34.377615409405415],[41.979262781807734,34.377604374309129],[41.979258133675913,34.377593317519953],[41.979253559792596,34.377582239090849],[41.979249062362157,34.377571139869502],[41.979244641352615,34.377560018955293],[41.979240295709651,34.377548877275338],[41.979236025465177,34.377537715730249],[41.979231832823523,34.377526535167696],[41.979227715548376,34.377515333839433],[41.979223675875993,34.377504113493721],[41.979219711665827,34.377492875084158],[41.979215825058375,34.377481617657182],[41.979212015031209,34.377470343040486],[41.97920828260672,34.377459049406404],[41.979204626794392,34.377447739483252],[41.979201048648505,34.37743641234394],[41.979197547082812,34.377425068014951],[41.979194124333567,34.377413708244625],[41.979190778196383,34.37740233218522],[41.979187509789362,34.377390940710953],[41.979184180826387,34.377379036918803],[41.979181566841163,34.377370619415125],[41.979178041096993,34.377360310471914],[41.979174212604391,34.377349404071239],[41.97917029034582,34.37733852068699],[41.979168480759526,34.377333627855506],[41.979173669236346,34.37732683384678],[41.979876821667659,34.376406140505679],[41.979904744302544,34.376420901759857],[41.979905615737458,34.376421900897725],[41.979421571700989,34.37705026250871],[41.979492415015585,34.377092893748909],[41.979299067776175,34.377359844060123],[41.980235902457551,34.377851753240762],[41.980232601015132,34.377856329847781],[41.980231975377826,34.377854720789912],[41.980174670534133,34.377859460579245],[41.980118122641912,34.377869883947142],[41.980062893980673,34.377885887249647],[41.980009533712277,34.377907311359195],[41.979958572420351,34.377933943246823],[41.979910516834508,34.377965518100467],[41.979865844791682,34.378001721958036],[41.979708483857415,34.37823010692663]],[[41.979199060199363,34.377398682572526],[41.979198283730362,34.377395976584566],[41.97919740284518,34.377393637302873],[41.979199060199363,34.377398682572526]]]},"properties":{"OBJECTID":484,"Name":"خضراء","اسم_المؤسس":null,"Shape_Length":536.74857879516412,"Shape_Area":4499.2520950298094,"رقم_القطعة":null}},{"type":"Feature","id":487,"geometry":{"type":"Polygon","coordinates":[[[41.987030651107041,34.37495512010441],[41.98674155089904,34.375247975644236],[41.986687810733976,34.375210764705606],[41.986717780137248,34.375195419355521],[41.986826345955862,34.375115186709536],[41.987002405692756,34.374941818721275],[41.987030651107041,34.37495512010441]]]},"properties":{"OBJECTID":487,"Name":"خضراء","اسم_المؤسس":null,"Shape_Length":93.21501146552626,"Shape_Area":154.98424593176122,"رقم_القطعة":null}},{"type":"Feature","id":489,"geometry":{"type":"Polygon","coordinates":[[[41.98169609401031,34.353929055117845],[41.981916255489438,34.354055286798769],[41.982847455055371,34.354589191177219],[41.982813943319741,34.35460126397976],[41.982781602082873,34.354615362598437],[41.982750609086715,34.354631409550059],[41.982721134663819,34.354649316643687],[41.982693340801262,34.354668985465359],[41.982667380250419,34.354690307918844],[41.982643395687418,34.354713166819785],[41.982621518929022,34.354737436539637],[41.982601870208228,34.354762983696148],[41.982584557513356,34.354789667886308],[41.982569675994604,34.354817342457999],[41.982557307441056,34.354845855316015],[41.98254751983113,34.354875049757844],[41.982540366958908,34.354904765334922],[41.982535888138464,34.35493483873443],[41.982534107987725,34.354965104676829],[41.981602905916375,34.354431198953122],[41.981382743837372,34.354304966741225],[41.98169609401031,34.353929055117845]]]},"properties":{"OBJECTID":489,"Name":"خضراء","اسم_المؤسس":null,"Shape_Length":362.22438811279011,"Shape_Area":6267.9937198273401,"رقم_القطعة":null}},{"type":"Feature","id":490,"geometry":{"type":"Polygon","coordinates":[[[41.982842968807255,34.354836027137544],[41.982843887476051,34.354835145706225],[41.982864908359993,34.354817326007314],[41.982887794571241,34.354801975418866],[41.98290756567112,34.354791125477291],[41.98292847613196,34.354781860496168],[41.982950341778633,34.354774262079353],[41.982972970023141,34.354768397151936],[41.982996161560834,34.354764317370815],[41.983019712125845,34.354762058669714],[41.983043414290144,34.354761640942648],[41.983067059290519,34.354763067868795],[41.983090438867229,34.354766326880032],[41.983113347098318,34.354771389271662],[41.983135582213222,34.354778210455208],[41.983156948369967,34.354786730351158],[41.983177257379985,34.354796873918119],[41.983196330365665,34.35480855181374],[41.983213999335831,34.354821661181617],[41.98323010866536,34.354836086557221],[41.983244516465916,34.354851700884844],[41.983257095835626,34.354868366636694],[41.983267735976888,34.354885937024171],[41.983276343172221,34.354904257290741],[41.9832828416098,34.354923166075011],[41.983287174051178,34.354942496831889],[41.983289302335493,34.354962079299561],[41.983289207715664,34.354981740999079],[41.983286891023532,34.355001308753465],[41.983282372662593,34.355020610213117],[41.983275692428357,34.355039475373793],[41.983266909157855,34.355057738073974],[41.983256100211513,34.355075237458415],[41.983243360791754,34.355091819394929],[41.983228803104559,34.35510733783201],[41.983212555371161,34.355121656085203],[41.98319463153959,34.355135291697486],[41.983175210104299,34.355147435068808],[41.983154470980267,34.355157973705744],[41.983132606289473,34.355166809980759],[41.983109818581084,34.355173862036516],[41.983086318955095,34.355179064544281],[41.983062325106708,34.355182369309112],[41.983038059309621,34.355183745716282],[41.98301374635686,34.355183181014986],[41.982989611478331,34.355180680436391],[41.982965878254298,34.355176267145254],[41.982942766544085,34.355169982025217],[41.982920490449381,34.355161883300191],[41.982899256330761,34.355152045994892],[41.982879260895963,34.355140561239807],[41.982860689377674,34.355127535427059],[41.982843713817481,34.355113089224695],[41.982828491472183,34.355097356458877],[41.98281516335696,34.355080482874143],[41.982803852939071,34.355062624783194],[41.982794664994131,34.355043947618888],[41.982787684635497,34.355024624401665],[41.982782976525861,34.355004834136729],[41.982780584278295,34.354984760155752],[41.982780530052267,34.354964588418554],[41.982782814348433,34.354944505790442],[41.982787416004065,34.354924698311073],[41.982794292389144,34.354905349471068],[41.982803379801339,34.354886638512248],[41.98281459405618,34.354868738767159],[41.982827831266988,34.354851816053404],[41.982842968807255,34.354836027137544]]]},"properties":{"OBJECTID":490,"Name":"خضراء","اسم_المؤسس":null,"Shape_Length":147.13493627291888,"Shape_Area":1722.6735404209405,"رقم_القطعة":null}},{"type":"Feature","id":491,"geometry":{"type":"Polygon","coordinates":[[[41.981367682757515,34.37240390838366],[41.980921474626264,34.372494033333126],[41.980912687259966,34.372462228316031],[41.9806363474653,34.372296733733364],[41.980833210404789,34.372038848612355],[41.980859227138616,34.372019623395516],[41.980888060134482,34.372004955820685],[41.98091891854456,34.371995248198466],[41.980950955966819,34.37199076679503],[41.980983293660607,34.371991634528875],[41.981015044649261,34.371997827599294],[41.981071216793467,34.372019934962587],[41.981124695995092,34.372046235422054],[41.981175028699099,34.372076507479392],[41.981221786138669,34.37211049297693],[41.981255382000114,34.372142970412732],[41.981284469594364,34.372178142040717],[41.981308402308201,34.372215891124398],[41.981326849792325,34.372255700209848],[41.981339558844567,34.372297020215825],[41.981367682757515,34.37240390838366]]]},"properties":{"OBJECTID":491,"Name":"خضراء","اسم_المؤسس":null,"Shape_Length":188.20456439065117,"Shape_Area":2399.6408939792041,"رقم_القطعة":null}},{"type":"Feature","id":494,"geometry":{"type":"Polygon","coordinates":[[[41.979763447437435,34.376348603917592],[41.979115751359771,34.377192921773975],[41.979114679319537,34.377193133580022],[41.97907665405895,34.377114733963211],[41.979464757351813,34.37655272467272],[41.978776724568597,34.376177880066408],[41.979070628649929,34.37579479898983],[41.979187456260519,34.375856774402735],[41.978974762836366,34.376133821506173],[41.979610465881031,34.376470165364054],[41.97972298298194,34.376324350134894],[41.979763447437435,34.376348603917592]]]},"properties":{"OBJECTID":494,"Name":"خضراء","اسم_المؤسس":null,"Shape_Length":460.98152957233816,"Shape_Area":2504.559337380435,"رقم_القطعة":null}},{"type":"Feature","id":495,"geometry":{"type":"Polygon","coordinates":[[[41.979671881937008,34.374392968546189],[41.9797634143479,34.374441523375118],[41.979570752956334,34.374691206460518],[41.979549614002281,34.374718601955436],[41.979347568814703,34.374980444190946],[41.979256034795732,34.374931885496245],[41.979163452822164,34.374882772666858],[41.979361986826511,34.374620834194069],[41.979383814282805,34.374592036515487],[41.979535447868557,34.374391974502501],[41.979574035404021,34.374341063792023],[41.979671881937008,34.374392968546189]]]},"properties":{"OBJECTID":495,"Name":"خضراء","اسم_المؤسس":null,"Shape_Length":182.82132675405472,"Shape_Area":1448.6845488148788,"رقم_القطعة":"12243"}},{"type":"Feature","id":496,"geometry":{"type":"Polygon","coordinates":[[[41.980214297926203,34.373696496835308],[41.980318229865574,34.373751288657559],[41.980091153875449,34.374047074657582],[41.979867875440391,34.374337911927817],[41.979867087842074,34.374337498453116],[41.979766051248461,34.374284539446059],[41.979665018963573,34.374231575739444],[41.979887913821536,34.373939258172385],[41.980113526743359,34.373643372081844],[41.980214297926203,34.373696496835308]]]},"properties":{"OBJECTID":496,"Name":"خضراء","اسم_المؤسس":null,"Shape_Length":198.82524602989614,"Shape_Area":1714.3710837167823,"رقم_القطعة":"12249"}},{"type":"Feature","id":498,"geometry":{"type":"Polygon","coordinates":[[[41.99456675819431,34.360820349211174],[41.994419805745153,34.36108164623419],[41.993868406119269,34.360868379589178],[41.994015359979265,34.360607082250482],[41.99456675819431,34.360820349211174]]]},"properties":{"OBJECTID":498,"Name":"خضراء","اسم_المؤسس":null,"Shape_Length":175.99997653162191,"Shape_Area":1791.9997175747376,"رقم_القطعة":null}},{"type":"Feature","id":502,"geometry":{"type":"Polygon","coordinates":[[[41.975656957294767,34.373786167348577],[41.975610446397724,34.373847293181797],[41.974315379940066,34.373168421816189],[41.974361906068182,34.373107401548808],[41.975656957294767,34.373786167348577]]]},"properties":{"OBJECTID":502,"Name":"خضراء","اسم_المؤسس":null,"Shape_Length":298.02664137195245,"Shape_Area":1130.3657725370106,"رقم_القطعة":null}},{"type":"Feature","id":504,"geometry":{"type":"Polygon","coordinates":[[[41.981892945379542,34.374525305668499],[41.981924733037971,34.374520193896529],[41.981959694337085,34.374658583688657],[41.981961159089238,34.374671098353453],[41.981959247281623,34.374683571486841],[41.981954053721431,34.374695384532238],[41.981945835961888,34.374705951667302],[41.981935001530076,34.374714748855588],[41.981922087717422,34.374721339834167],[41.981907734934779,34.374725397748534],[41.981892654953661,34.374726721361775],[41.981852433826234,34.374723129434891],[41.981812725957958,34.374715785987],[41.981773880478642,34.374704755585071],[41.981606955920256,34.374614672945739],[41.981648361283668,34.374568087184656],[41.981892945379542,34.374525305668499]]]},"properties":{"OBJECTID":504,"Name":"خضراء","اسم_المؤسس":null,"Shape_Length":88.865416787875105,"Shape_Area":490.69167078295646,"رقم_القطعة":null}},{"type":"Feature","id":505,"geometry":{"type":"Polygon","coordinates":[[[41.98169552112109,34.373649468886207],[41.981790192507418,34.374009065301358],[41.981536541698645,34.374056736853824],[41.981407650188622,34.374197778879953],[41.981027125371305,34.373996449754948],[41.981258768861139,34.373714756674289],[41.98169552112109,34.373649468886207]]]},"properties":{"OBJECTID":505,"Name":"خضراء","اسم_المؤسس":null,"Shape_Length":204.64679101916795,"Shape_Area":2555.0039722440829,"رقم_القطعة":null}},{"type":"Feature","id":506,"geometry":{"type":"Polygon","coordinates":[[[41.978213881385493,34.368417197389554],[41.978229427000151,34.368474399762384],[41.978229733539173,34.36847816625631],[41.978229439142908,34.368481933718783],[41.978228551256059,34.368485606878131],[41.978227092331522,34.368489092847412],[41.978225099262623,34.368492303473367],[41.978222622450133,34.368495157565611],[41.978219724527726,34.368497582949786],[41.978216478778151,34.36849951829273],[41.97821296727998,34.368500914653453],[41.978209278832068,34.368501736720738],[41.978205506707958,34.368501963706144],[41.977546379562838,34.368625161905257],[41.977523157115982,34.368539732643036],[41.978213881385493,34.368417197389554]]]},"properties":{"OBJECTID":506,"Name":"خضراء","اسم_المؤسس":null,"Shape_Length":147.66750029652511,"Shape_Area":607.34628194738866,"رقم_القطعة":null}},{"type":"Feature","id":509,"geometry":{"type":"Polygon","coordinates":[[[42.000176270121749,34.369757971516684],[42.000040793232351,34.369617075294983],[41.999913354236064,34.369701328261137],[41.999789863802711,34.369572896813331],[42.000827541273154,34.369327393465795],[42.000176270121749,34.369757971516684]]]},"properties":{"OBJECTID":509,"Name":"خضراء","اسم_المؤسس":null,"Shape_Length":229.19942779831419,"Shape_Area":1452.0647021090324,"رقم_القطعة":null}},{"type":"Feature","id":510,"geometry":{"type":"Polygon","coordinates":[[[41.999054242123556,34.369923610342788],[41.998918766732764,34.369782712795271],[41.998401916552076,34.370124405645633],[41.998212244248855,34.369946127034034],[41.999470413501101,34.369648473829855],[41.999054242123556,34.369923610342788]]]},"properties":{"OBJECTID":510,"Name":"خضراء","اسم_المؤسس":null,"Shape_Length":276.61739259542856,"Shape_Area":1315.4141266160691,"رقم_القطعة":null}},{"type":"Feature","id":511,"geometry":{"type":"Polygon","coordinates":[[[41.997023406016687,34.370624163525299],[41.99669288654335,34.370305549653764],[41.997838246826639,34.370034602031836],[41.997023406016687,34.370624163525299]]]},"properties":{"OBJECTID":511,"Name":"خضراء","اسم_المؤسس":null,"Shape_Length":255.78549735778239,"Shape_Area":2321.1302285796128,"رقم_القطعة":null}},{"type":"Feature","id":512,"geometry":{"type":"Polygon","coordinates":[[[41.996554402557365,34.370338308641436],[41.996582212405748,34.370366478761063],[41.99641785161193,34.370484364129652],[41.99632899783802,34.370399186115328],[41.996164634398014,34.370517070317341],[41.996085064005484,34.370449331850416],[41.996554402557365,34.370338308641436]]]},"properties":{"OBJECTID":512,"Name":"خضراء","اسم_المؤسس":null,"Shape_Length":111.95226771860482,"Shape_Area":288.9544473912718,"رقم_القطعة":null}},{"type":"Feature","id":513,"geometry":{"type":"Polygon","coordinates":[[[41.996419431050512,34.370229696184609],[41.996117112222272,34.370301210386444],[41.996088540065898,34.370301916745021],[41.996187297419134,34.370224421389217],[41.996283042518264,34.37014323382256],[41.996419431050512,34.370229696184609]]]},"properties":{"OBJECTID":513,"Name":"خضراء","اسم_المؤسس":null,"Shape_Length":72.481722748218431,"Shape_Area":201.69406562611542,"رقم_القطعة":null}},{"type":"Feature","id":514,"geometry":{"type":"Polygon","coordinates":[[[42.000732770955828,34.369105787731137],[42.000866504476136,34.369177209280892],[42.000634649904946,34.369232105372859],[42.000732770955828,34.369105787731137]]]},"properties":{"OBJECTID":514,"Name":"خضراء","اسم_المؤسس":null,"Shape_Length":53.507171715020391,"Shape_Area":122.069014580041,"رقم_القطعة":null}},{"type":"Feature","id":516,"geometry":{"type":"Polygon","coordinates":[[[41.997386074343488,34.370001027989943],[41.997055504842123,34.370079227555813],[41.997221546944743,34.369896730208929],[41.997386074343488,34.370001027989943]]]},"properties":{"OBJECTID":516,"Name":"خضراء","اسم_المؤسس":null,"Shape_Length":76.069273521742247,"Shape_Area":241.79507133688256,"رقم_القطعة":null}},{"type":"Feature","id":517,"geometry":{"type":"Polygon","coordinates":[[[41.997927299855434,34.369872993281284],[41.998108718901264,34.369676218424068],[41.998308353838041,34.36978284780875],[41.997927299855434,34.369872993281284]]]},"properties":{"OBJECTID":517,"Name":"خضراء","اسم_المؤسس":null,"Shape_Length":85.813715057956045,"Shape_Area":299.42677662249474,"رقم_القطعة":null}},{"type":"Feature","id":518,"geometry":{"type":"Polygon","coordinates":[[[41.981143409016262,34.379302061601223],[41.981133738321915,34.379311282449578],[41.981045310488511,34.379395591166315],[41.980376086686753,34.378913073915115],[41.981143409016262,34.379302061601223]]]},"properties":{"OBJECTID":518,"Name":"خضراء","اسم_المؤسس":null,"Shape_Length":178.1300422617488,"Shape_Area":561.34776994450988,"رقم_القطعة":null}},{"type":"Feature","id":519,"geometry":{"type":"Polygon","coordinates":[[[41.982114256540491,34.379794213116227],[41.981521226583716,34.380359618857625],[41.98128131756863,34.380186647315291],[41.981839179831475,34.37965477036488],[41.982114256540491,34.379794213116227]]]},"properties":{"OBJECTID":519,"Name":"خضراء","اسم_المؤسس":null,"Shape_Length":220.3170568305402,"Shape_Area":2360.8534316027562,"رقم_القطعة":null}},{"type":"Feature","id":520,"geometry":{"type":"Polygon","coordinates":[[[41.983048305763084,34.380267697785669],[41.983014478347037,34.380299727403717],[41.982940246062476,34.380369825946964],[41.982531864205498,34.380073280546391],[41.982550396918974,34.380055829156014],[41.982578290683968,34.380029441083721],[41.983048305763084,34.380267697785669]]]},"properties":{"OBJECTID":520,"Name":"خضراء","اسم_المؤسس":null,"Shape_Length":122.2018815262348,"Shape_Area":538.34362999112466,"رقم_القطعة":"12266"}},{"type":"Feature","id":521,"geometry":{"type":"Polygon","coordinates":[[[41.952500497468577,34.366060478523977],[41.952790919967896,34.36567974235497],[41.953213327034312,34.365901304495722],[41.952922905834406,34.366282041597429],[41.952500497468577,34.366060478523977]]]},"properties":{"OBJECTID":521,"Name":"خضراء","اسم_المؤسس":null,"Shape_Length":192.00004985234705,"Shape_Area":2300.0010396438392,"رقم_القطعة":null}},{"type":"Feature","id":522,"geometry":{"type":"Polygon","coordinates":[[[41.952632482080098,34.3666627781244],[41.952342055739692,34.367043513175979],[41.951919644743427,34.366821947336426],[41.952210072383224,34.366441213217605],[41.952632482080098,34.3666627781244]]]},"properties":{"OBJECTID":522,"Name":"خضراء","اسم_المؤسس":null,"Shape_Length":191.999995799548,"Shape_Area":2300.0000200055711,"رقم_القطعة":null}},{"type":"Feature","id":524,"geometry":{"type":"Polygon","coordinates":[[[41.950249821294882,34.367055811713321],[41.950033178624523,34.366942256637188],[41.950661469146617,34.366515784284672],[41.950249821294882,34.367055811713321]]]},"properties":{"OBJECTID":524,"Name":"خضراء","اسم_المؤسس":null,"Shape_Length":169.2173493764268,"Shape_Area":836.22791722772376,"رقم_القطعة":null}},{"type":"Feature","id":525,"geometry":{"type":"Polygon","coordinates":[[[41.97373969523246,34.353060323664621],[41.973532576815508,34.353064589206014],[41.973523875316893,34.353064733568353],[41.973515276383957,34.353063393691073],[41.973507031329106,34.353060608733422],[41.973499381122281,34.35305646008856],[41.973492549348407,34.353051069004771],[41.973486735672886,34.353044593041865],[41.973482110006188,34.353037221466302],[41.973478807538029,34.353029169719733],[41.973476924786347,34.353020673122487],[41.973472607013797,34.352876451990653],[41.973474399363567,34.352863803270708],[41.973480388272186,34.352852076014337],[41.973490095105511,34.352842207461734],[41.973502744094297,34.35283498630546],[41.97351732433372,34.352830989658557],[41.973532670574556,34.352830536931933],[41.973547556349288,34.352833664307269],[41.973560791990643,34.352840121845482],[41.973772228025872,34.352980074679095],[41.97378342568058,34.352990153321997],[41.973790451367798,34.353002557941558],[41.973792654893387,34.353016140552178],[41.973789832329679,34.353029644150503],[41.973782244888781,34.353041819044861],[41.973770594749475,34.353051538508012],[41.973755960074605,34.353057903050576],[41.97373969523246,34.353060323664621]]]},"properties":{"OBJECTID":525,"Name":"خضراء","اسم_المؤسس":null,"Shape_Length":91.39935866025273,"Shape_Area":531.1333438715684,"رقم_القطعة":null}},{"type":"Feature","id":526,"geometry":{"type":"Polygon","coordinates":[[[41.974426380693252,34.353514843123662],[41.974225385602928,34.353518984400544],[41.974216684108896,34.353519128567882],[41.974208085216006,34.353517788484382],[41.974199840240551,34.353515003316097],[41.974192190155009,34.353510854463998],[41.974185358545249,34.353505463184852],[41.974179545075906,34.353498987047359],[41.97417491965485,34.353491615326888],[41.974171617467327,34.353483563473674],[41.974169735025015,34.353475066815882],[41.974165541789411,34.353335111731546],[41.974167334038682,34.353322463007189],[41.974173322875878,34.353310735720953],[41.97418302967256,34.353300867115415],[41.974195678662412,34.353293645887383],[41.974210258940531,34.353289649155634],[41.974225605254595,34.35328919633784],[41.974240491131226,34.353292323623002],[41.974253726895022,34.353298781079197],[41.974458915163908,34.35343459483331],[41.974470112644177,34.353444673598538],[41.974477138100696,34.353457078275973],[41.974479341360677,34.35347066087467],[41.974476518521016,34.353484164392405],[41.974468930819377,34.353496339144918],[41.974457280458658,34.353506058418127],[41.974442645622212,34.353512422740216],[41.974426380693252,34.353514843123662]]]},"properties":{"OBJECTID":526,"Name":"خضراء","اسم_المؤسس":null,"Shape_Length":89.625694777166331,"Shape_Area":513.36899340575519,"رقم_القطعة":null}},{"type":"Feature","id":528,"geometry":{"type":"Polygon","coordinates":[[[41.97741867328336,34.350890459959977],[41.97704322521767,34.350750800621888],[41.97704061589338,34.350749935440319],[41.977038184651313,34.350748652407027],[41.97703599786572,34.350746986549538],[41.977034115237053,34.350744983346679],[41.977032588162118,34.350742697486986],[41.977031458330885,34.350740191375699],[41.977030756588391,34.35073753343103],[41.977030502092582,34.350734796216337],[41.977030701791328,34.350732054459087],[41.977031350232757,34.350729383010773],[41.977032429714058,34.350726854803398],[41.977033910764781,34.350724538858415],[41.977035752951444,34.350722498402412],[41.977085537070451,34.350677448278283],[41.977089051477542,34.350675071963664],[41.977092915706763,34.350673321060789],[41.977097019504257,34.350672245526269],[41.977101245780815,34.350671876047151],[41.977105473952676,34.350672223165397],[41.977109583382003,34.350673276977048],[41.977113456818898,34.350675007414843],[41.977439785242055,34.350859117451392],[41.977445463655535,34.350863801825056],[41.977448710049465,34.350869874236636],[41.977449083320842,34.350876509599594],[41.977446532750889,34.350882806336443],[41.977441404896844,34.350887908880189],[41.977434396503867,34.350891123924256],[41.977426459835158,34.350892014625451],[41.97741867328336,34.350890459959977]]]},"properties":{"OBJECTID":528,"Name":"خضراء","اسم_المؤسس":null,"Shape_Length":93.466421244939127,"Shape_Area":294.70930176869206,"رقم_القطعة":null}},{"type":"Feature","id":529,"geometry":{"type":"Polygon","coordinates":[[[41.977104210215877,34.351615107090375],[41.977077184413915,34.351532685209463],[41.977043878135603,34.351452594933846],[41.977004490059684,34.351375314018348],[41.977003979435857,34.351373311783306],[41.977003820475531,34.351371251585874],[41.977004017907923,34.351369194718764],[41.977004565859239,34.35136720237562],[41.977005448027434,34.351365333830429],[41.977006638167211,34.351363644674088],[41.977008100870854,34.351362185160504],[41.977009792621622,34.351360998711513],[41.977011663088405,34.351360120625039],[41.97701365662315,34.351359577024937],[41.977015713916416,34.3513593840838],[41.977017773761879,34.351359547541797],[41.977019774877299,34.35136006253591],[41.977021657727697,34.351360913744593],[41.977176604408342,34.351418549998876],[41.977183026512066,34.351420794071352],[41.977189006309679,34.351424037726389],[41.977194389419736,34.351428197221985],[41.977199036865571,34.351433165171741],[41.977202828663273,34.351438813317252],[41.97720566691936,34.35144499583938],[41.977207478358103,34.351451553122899],[41.977208216213263,34.351458315877316],[41.977207861435517,34.351465109507437],[41.977206423184221,34.351471758620967],[41.977203938590954,34.351478091556608],[41.977128795642471,34.351617051530766],[41.977127381553288,34.351618886678914],[41.977125684403205,34.351620463732651],[41.977123750589456,34.351621739577986],[41.977121632979276,34.351622679335428],[41.977119389464583,34.351623257313591],[41.977117081379319,34.351623457711511],[41.977114771822663,34.351623275050649],[41.977112523934039,34.351622714324641],[41.977110399166953,34.351621790862808],[41.977108455608985,34.351620529911045],[41.977106746393758,34.351618965941661],[41.977105318248348,34.351617141710967],[41.977104210215877,34.351615107090375]]]},"properties":{"OBJECTID":529,"Name":"خضراء","اسم_المؤسس":null,"Shape_Length":74.485569802335121,"Shape_Area":269.34963056579238,"رقم_القطعة":null}},{"type":"Feature","id":530,"geometry":{"type":"Polygon","coordinates":[[[41.976622161698153,34.354133554164633],[41.976178418942339,34.354081910033173],[41.976170528688236,34.354080984148545],[41.976162895101652,34.354078783755831],[41.97615572261887,34.354075367784091],[41.976149203327267,34.354070827717003],[41.976143511821007,34.354065285142802],[41.97613880052522,34.354058888498045],[41.976135195613843,34.354051809092269],[41.976132793630569,34.354044236520146],[41.976131658903299,34.354036373583909],[41.976134969157108,34.353902346649051],[41.97613689220254,34.353891354106509],[41.976141999811738,34.353881085923049],[41.976149981487168,34.353872166311341],[41.976160352014475,34.353865137502872],[41.976172480959271,34.353860426785317],[41.976185630991807,34.353858320527365],[41.976199002709841,34.353858946770274],[41.976211783234717,34.353862267444107],[41.976658226363249,34.354030815266256],[41.976668323587234,34.354035569671353],[41.976677243537573,34.354041734403907],[41.976684703187722,34.354049113859524],[41.976690465845671,34.354057473891096],[41.976694348664097,34.354066549238169],[41.976696228442094,34.354076051943572],[41.976696045534347,34.35408568049008],[41.97669380574375,34.354095129367529],[41.976689580137375,34.354104098766456],[41.976683502791595,34.354112304090982],[41.97667576653798,34.354119484988964],[41.976666616844874,34.354125413612884],[41.97664527404271,34.354132807288217],[41.976622161698153,34.354133554164633]]]},"properties":{"OBJECTID":530,"Name":"خضراء","اسم_المؤسس":null,"Shape_Length":135.54584933204387,"Shape_Area":949.368944137369,"رقم_القطعة":null}},{"type":"Feature","id":531,"geometry":{"type":"Polygon","coordinates":[[[41.976139683338467,34.353090194025775],[41.976102596005759,34.353157763603505],[41.976096282563475,34.353165759835896],[41.9760886948511,34.35317255879955],[41.97608005635071,34.353177960243514],[41.976070621493427,34.353181805078229],[41.976060668165587,34.353183980061154],[41.976050489524113,34.353184421132184],[41.97604038536214,34.353183115300382],[41.976030653279139,34.353180101026624],[41.975924415803206,34.353139992169318],[41.976032827195574,34.353118454615647],[41.976139683338467,34.353090194025775]]]},"properties":{"OBJECTID":531,"Name":"خضراء","اسم_المؤسس":null,"Shape_Length":47.428488801644505,"Shape_Area":93.669161044004312,"رقم_القطعة":null}},{"type":"Feature","id":533,"geometry":{"type":"Polygon","coordinates":[[[41.976003184469356,34.352057731075455],[41.975994894840312,34.352076187040353],[41.975984357825347,34.352093836926002],[41.975971685451071,34.352110493081319],[41.975957012447182,34.352125978420311],[41.975940494814033,34.352140128304846],[41.975922308164115,34.352152792295051],[41.97590264585498,34.352163835748847],[41.975881716933479,34.352173141253431],[41.975859743913198,34.352180609873635],[41.975836960408671,34.352186162203807],[41.975813608651613,34.352189739212072],[41.975789936915483,34.352191302867944],[41.97576619687581,34.352190836546711],[41.975742640934364,34.352188345206152],[41.975719519535573,34.352183855333877],[41.975697078503792,34.352177414665661],[41.975675556429643,34.352169091677958],[41.975655182133337,34.352158974859833],[41.975636172231809,34.35214717177216],[41.975618728835684,34.352133807903975],[41.975603037400411,34.352119025338354],[41.975589264754532,34.3521029812417],[41.975577557326027,34.352085846192828],[41.975568039585475,34.352067802369284],[41.975560812722783,34.352049041610499],[41.975555953571401,34.352029763378134],[41.975553513791468,34.352010172635438],[41.975553519320641,34.35199047766806],[41.975555970098434,34.351970887869641],[41.975560840066898,34.351951611515503],[41.97556807744774,34.351932853548341],[41.975577605292905,34.351914813399347],[41.975588097837445,34.351899291833774],[41.97560028645006,34.351884647469774],[41.975614065343024,34.351871007407979],[41.975629314926529,34.351858490032484],[41.975663685133711,34.351837247213794],[41.975702206441682,34.351821654890671],[41.975743544423906,34.351812253199533],[41.975786267082945,34.351809367825616],[41.975828894455688,34.351813098721138],[41.975869949880007,34.351823316642999],[41.975908011147077,34.351839667629861],[41.97594175976748,34.351861585263642],[41.975956644507626,34.351874401161751],[41.975970026644639,34.351888310290583],[41.975981790032307,34.351903191930802],[41.975991832573612,34.351918916922394],[41.976000067106845,34.35193534878578],[41.976006422162165,34.351952344906231],[41.976010842581879,34.351969757771634],[41.976013289999237,34.351987436252848],[41.976013743171436,34.35200522691526],[41.976012198164057,34.35202297535055],[41.976008668385234,34.352040527516799],[41.976003184469356,34.352057731075455]]]},"properties":{"OBJECTID":533,"Name":"خضراء","اسم_المؤسس":null,"Shape_Length":133.20117223852318,"Shape_Area":1411.9074493810995,"رقم_القطعة":null}},{"type":"Feature","id":534,"geometry":{"type":"Polygon","coordinates":[[[41.977538227247202,34.352665253494202],[41.976177899947587,34.352151676231898],[41.97619760543872,34.352109617203517],[41.977560732381868,34.35262425375624],[41.977743136241635,34.352695667400191],[41.977923600161276,34.35277185040556],[41.978101999460158,34.352852750138311],[41.978278210884071,34.352938310705653],[41.978452112690377,34.353028472994687],[41.978623584732134,34.353123174713232],[41.979982322158818,34.353899701804494],[41.979989775000803,34.353905998176636],[41.979993739891711,34.353914185795247],[41.979993608478701,34.353923008395604],[41.97998940092387,34.353931112284343],[41.979981762811413,34.353937254043039],[41.979971866093116,34.353940491312066],[41.979961229270224,34.353940327381473],[41.97995148440215,34.35393678740386],[41.97859278432685,34.353160281606549],[41.978422650592947,34.353066318819238],[41.978250106051675,34.352976860034943],[41.978075269912409,34.352891967059875],[41.977898262967756,34.352811698545786],[41.97771920751012,34.352736109949412],[41.977538227247202,34.352665253494202]]]},"properties":{"OBJECTID":534,"Name":"خضراء","اسم_المؤسس":null,"Shape_Length":816.36033679407706,"Shape_Area":2018.5218081451685,"رقم_القطعة":null}},{"type":"Feature","id":535,"geometry":{"type":"Polygon","coordinates":[[[41.97565426821707,34.352344457150572],[41.975590638102673,34.352502340573601],[41.975533139697667,34.352662558862662],[41.975481858427159,34.352824873982172],[41.975436870479498,34.352989044781317],[41.975398242693068,34.353154827352299],[41.97536393011589,34.35454334011024],[41.975361650125251,34.354551923006724],[41.975355583335016,34.354559128945887],[41.975346653358507,34.354563860888362],[41.975336219704154,34.354565398438346],[41.975325870802344,34.354563507517547],[41.975317182180703,34.354558476001664],[41.975311476603579,34.35455106989383],[41.975309622692954,34.354542416707304],[41.975344021561646,34.35315044859513],[41.975383087706774,34.352982259056006],[41.975428641982951,34.352815709685892],[41.975480615959171,34.352651050672897],[41.975538931560877,34.35248852936548],[41.975603501187173,34.352328389900876],[41.97565426821707,34.352344457150572]]]},"properties":{"OBJECTID":535,"Name":"خضراء","اسم_المؤسس":null,"Shape_Length":509.01888725973305,"Shape_Area":1250.2104376226498,"رقم_القطعة":null}},{"type":"Feature","id":536,"geometry":{"type":"Polygon","coordinates":[[[41.971978162879587,34.351255015531819],[41.971968535857492,34.351251342594068],[41.971961336363549,34.351244893697583],[41.971957660455445,34.351236650628913],[41.971958067755992,34.351227868320898],[41.971962496256161,34.351219883800361],[41.971970271756099,34.351213912637817],[41.971980210506459,34.351210863888184],[41.97199079942343,34.351211201695556],[41.975372977984208,34.351882207494448],[41.97535840369089,34.351925636998907],[41.971978162879587,34.351255015531819]]]},"properties":{"OBJECTID":536,"Name":"خضراء","اسم_المؤسس":null,"Shape_Length":652.90286507532346,"Shape_Area":1609.9134356692591,"رقم_القطعة":null}},{"type":"Feature","id":537,"geometry":{"type":"Polygon","coordinates":[[[41.975997845828729,34.351686852100812],[41.975948995990855,34.351667119236637],[41.976051612609915,34.351511011028187],[41.97615965160341,34.351358605256848],[41.976272979516082,34.351210090181979],[41.976391456359529,34.351065649256967],[41.976514935785126,34.350925460902573],[41.976643265264805,34.35078969828659],[41.976776286279467,34.350658529109907],[41.976913834514782,34.350532115399368],[41.977055740064188,34.350410613307609],[41.977155179320057,34.350321236871416],[41.977250431713138,34.350227410997761],[41.977341298348051,34.35012933160332],[41.97742758948727,34.350027203486491],[41.977509124947311,34.349921239899771],[41.977516393544434,34.349915231682566],[41.977525829008421,34.349911885093576],[41.977536087938034,34.349911676612905],[41.977545709689061,34.349914635923511],[41.977553324337272,34.349920341685092],[41.977557847724889,34.349927981523493],[41.977558635820664,34.349936467694626],[41.977555576416073,34.349944591955037],[41.97747973146393,34.350043471255645],[41.977399834037428,34.350139105841926],[41.977316022794142,34.350231329745306],[41.97722844318389,34.350319982916268],[41.977137247196261,34.350404911502125],[41.977042593096876,34.350485968113972],[41.976909072582558,34.350602976495274],[41.976779583410917,34.35072443119244],[41.976654273569942,34.350850193399772],[41.976533286271234,34.350980119388659],[41.976416759786339,34.351114060671897],[41.976304827288715,34.351251864173349],[41.976197616701526,34.351393372402903],[41.976095250551474,34.351538423636477],[41.975997845828729,34.351686852100812]]]},"properties":{"OBJECTID":537,"Name":"خضراء","اسم_المؤسس":null,"Shape_Length":496.16092911507008,"Shape_Area":1218.2060514194354,"رقم_القطعة":null}},{"type":"Feature","id":538,"geometry":{"type":"Polygon","coordinates":[[[41.975164323984608,34.350208368734428],[41.975166782750463,34.350209915274498],[41.975168947914568,34.350211851606105],[41.97517075836614,34.35021412307718],[41.975172163005986,34.350216665576461],[41.975173122188799,34.350219407343054],[41.975173608842056,34.350222270991836],[41.975173609230197,34.350225175697595],[41.975173123342266,34.350228039476328],[41.975172164892236,34.350230781499171],[41.975170760931917,34.350233324373754],[41.975168951087468,34.350235596328588],[41.975166786440923,34.350237533238776],[41.975164328088468,34.350239080435891],[41.975161645415994,34.350240194251001],[41.975158814140713,34.350240843247164],[41.97515591417411,34.35024100910676],[41.975136623002584,34.350243858908328],[41.97512415556983,34.350242645817382],[41.975114578007684,34.350235915612316],[41.975111942903247,34.350231128886243],[41.97511108736893,34.35022591488007],[41.97511208435526,34.35022071818868],[41.975114848849536,34.350215981930447],[41.975122549455826,34.35020659228347],[41.97512558381009,34.350203811572463],[41.975129038684848,34.350201574722021],[41.975132817688021,34.350199944140968],[41.975136815384218,34.350198965323017],[41.975140920236491,34.350198665577508],[41.975145017718162,34.350199053267431],[41.975148993508213,34.350200117576108],[41.975152736680862,34.350201828809006],[41.975164323984608,34.350208368734428]]]},"properties":{"OBJECTID":538,"Name":"خضراء","اسم_المؤسس":null,"Shape_Length":16.920900954995716,"Shape_Area":22.088710096008068,"رقم_القطعة":null}},{"type":"Feature","id":539,"geometry":{"type":"Polygon","coordinates":[[[41.977550530692071,34.354270463044628],[41.977774725197328,34.354000370998705],[41.978351384288871,34.354329609421399],[41.978365253652122,34.354340991434036],[41.978373716321656,34.354355572263813],[41.978375791805028,34.354371662567665],[41.978371239631898,34.354387398113118],[41.978360587216635,34.354400955769222],[41.978345068753271,34.354410764735889],[41.978326482221718,34.354415688538452],[41.978306981072343,34.354415156700938],[41.978178833113773,34.354390644803964],[41.978193602399912,34.354337527478464],[41.977659009185125,34.354235272859853],[41.977644237333685,34.354288388389847],[41.977550530692071,34.354270463044628]]]},"properties":{"OBJECTID":539,"Name":"خضراء","اسم_المؤسس":null,"Shape_Length":198.83081566837757,"Shape_Area":1263.083348299449,"رقم_القطعة":null}},{"type":"Feature","id":540,"geometry":{"type":"Polygon","coordinates":[[[41.979012080446751,34.351789756278876],[41.978937102563542,34.351881176432748],[41.978185861408477,34.351597562460761],[41.978158632925563,34.351647174753786],[41.978043653602533,34.351603766918615],[41.978037140803103,34.35160137210714],[41.978031099672798,34.351597957956727],[41.978025688482916,34.351593613914552],[41.978021049000965,34.351588453789972],[41.978017302776529,34.351582612772859],[41.978014547956768,34.351576243891756],[41.978012856715083,34.351569514004687],[41.978012273360228,34.351562599427659],[41.978012813175503,34.351555681315354],[41.978014462018301,34.35154894091508],[41.978122709512448,34.351351712319946],[41.978128968453561,34.351343869186032],[41.978136445655217,34.351337177359007],[41.978144932470776,34.351331823570128],[41.978154192080929,34.351327957213542],[41.978163966102052,34.35132568617751],[41.978173981796182,34.351325073833877],[41.978183959681616,34.351326137269709],[41.978193621331698,34.351328846810496],[41.978202697144106,34.351333126848189],[41.979012080446751,34.351789756278876]]]},"properties":{"OBJECTID":540,"Name":"خضراء","اسم_المؤسس":null,"Shape_Length":236.07019557082077,"Shape_Area":1989.1935550964374,"رقم_القطعة":null}},{"type":"Feature","id":541,"geometry":{"type":"Polygon","coordinates":[[[41.979959226857474,34.352324092510109],[41.979824805999222,34.352487989426123],[41.979783473823836,34.352464673131934],[41.97982043957272,34.352419601573018],[41.979366820374537,34.352163691215019],[41.979329854537895,34.352208764446402],[41.979194669015854,34.352132496522941],[41.979188807172001,34.352129188547551],[41.979183573738268,34.352124955925909],[41.979179113097594,34.352119915429967],[41.979175548312639,34.352114206119779],[41.979172977730713,34.352107985507018],[41.97917147227048,34.352101425209462],[41.97917107346543,34.352094706216299],[41.97917179231802,34.352088013894914],[41.979173608996135,34.352081532876845],[41.979176473380235,34.352075441964082],[41.979180306446075,34.352069909196167],[41.979253624472584,34.351980510591282],[41.979261209675421,34.35197355880311],[41.979269846180031,34.351967966536215],[41.979279293030764,34.351963889813007],[41.979289286663587,34.351961442372719],[41.979299548259412,34.351960692498139],[41.9793097915231,34.351961661110522],[41.979319730670944,34.351964321185896],[41.979329088403986,34.351968598509039],[41.979959226857474,34.352324092510109]]]},"properties":{"OBJECTID":541,"Name":"خضراء","اسم_المؤسس":null,"Shape_Length":202.1105920069426,"Shape_Area":1337.0742430265868,"رقم_القطعة":null}},{"type":"Feature","id":542,"geometry":{"type":"Polygon","coordinates":[[[41.980333851225232,34.352535434214197],[41.980963044209204,34.35289038423749],[41.980968910124233,34.35289373561799],[41.980974141837983,34.352898009946202],[41.980978595601627,34.352903089778863],[41.980982149041644,34.352908835540291],[41.9809847045222,34.352915089357488],[41.980986191827803,34.352921679397888],[41.980986570092611,34.352928424590708],[41.980985828923252,34.352935139602124],[41.980983988684422,34.352941639927614],[41.980981099939306,34.352947746961433],[41.980903683355521,34.353042142822467],[41.980896098174462,34.353049094535464],[41.980887461713166,34.353054686746255],[41.980878014921274,34.353058763437097],[41.980868021355938,34.353061210871907],[41.980857759828815,34.353061960769423],[41.980847516627442,34.353060992208164],[41.980837577528099,34.353058332210125],[41.980828219822882,34.35305405498692],[41.98071805981273,34.352991910431889],[41.980755026335295,34.352946838581218],[41.980301401587973,34.352690932008997],[41.98026443497767,34.352736005532115],[41.980199431971798,34.352699333291675],[41.980333851225232,34.352535434214197]]]},"properties":{"OBJECTID":542,"Name":"خضراء","اسم_المؤسس":null,"Shape_Length":201.85161864598052,"Shape_Area":1333.9509800180269,"رقم_القطعة":null}},{"type":"Feature","id":543,"geometry":{"type":"Polygon","coordinates":[[[41.97234424968827,34.352620396120912],[41.972330460119821,34.352619212281361],[41.97231748098406,34.352615171978478],[41.972306157712659,34.35260853838848],[41.97229722787759,34.352599743608401],[41.97229127314727,34.352589360510258],[41.972288681398105,34.352578065425263],[41.972289621449278,34.352566594089112],[41.972294032066664,34.352555693717839],[41.972454767721231,34.352280935262492],[41.972948793204743,34.352607946499603],[41.972804764437399,34.352610911690469],[41.972803131345387,34.352556417819066],[41.972385006503679,34.352565028969799],[41.972386639325627,34.352619522860827],[41.97234424968827,34.352620396120912]]]},"properties":{"OBJECTID":543,"Name":"خضراء","اسم_المؤسس":null,"Shape_Length":170.07842811370492,"Shape_Area":946.4168884253005,"رقم_القطعة":null}},{"type":"Feature","id":544,"geometry":{"type":"Polygon","coordinates":[[[41.974406982631244,34.351528445978524],[41.97439002869708,34.351522410273262],[41.974376488666344,34.351512016038576],[41.974367924644199,34.351498462451993],[41.974365324654727,34.351483313183337],[41.974368988654,34.351468315994602],[41.974378493925705,34.351455201101508],[41.974392743850998,34.351445481559814],[41.974410094425522,34.351440278705503],[41.974829650675147,34.351378293085595],[41.974831757733114,34.35137802273249],[41.974833880733762,34.351378097914392],[41.974835963389424,34.351378516638],[41.974837950482112,34.351379267801583],[41.974839789327518,34.351380331489338],[41.974841431171861,34.351381679499447],[41.974842832484484,34.351383276091752],[41.974843956112025,34.351385078935401],[41.974844772263459,34.351387040231124],[41.974854011998346,34.351430062672598],[41.975650803452687,34.35131233832098],[41.975641563332076,34.351269315959655],[41.975641485568687,34.351267479926761],[41.97564171006713,34.351265656012181],[41.975642230744121,34.351263893638951],[41.975643033490741,34.351262240562484],[41.975644096554795,34.351260741576581],[41.9756453911302,34.351259437299589],[41.975646882137539,34.351258363073804],[41.975648529174663,34.351257548007759],[41.97565028761143,34.351257014187489],[41.975652109799078,34.351256776078039],[41.97593606230518,34.351214820801097],[41.975951573938396,34.351214396977085],[41.975966596893777,34.351217628682356],[41.975979904687946,34.351224252078389],[41.97599041086383,34.351233726426941],[41.97599725768945,34.351245278236028],[41.975999886183814,34.351257964408127],[41.975998081752898,34.351270749235169],[41.97599199170984,34.351282588954405],[41.975892416086701,34.351423155695684],[41.975797603318767,34.351566977990593],[41.97578415371612,34.351588269852023],[41.975769726379163,34.351606258999617],[41.975752553453589,34.35162164886998],[41.97573309657534,34.351634025758592],[41.975711878776693,34.3516430569547],[41.975689470426296,34.351648499685204],[41.975643408201108,34.351659174669024],[41.975598592957702,34.351674250405402],[41.975555444078267,34.351693585815219],[41.975519597463361,34.351708589672967],[41.975482086446618,34.351718739508925],[41.97544356511321,34.351723858338879],[41.975404705165381,34.351723856905032],[41.975366184209825,34.351718735232396],[41.974406982631244,34.351528445978524]]]},"properties":{"OBJECTID":544,"Name":"خضراء","اسم_المؤسس":null,"Shape_Length":351.43431587581023,"Shape_Area":4267.5335051075463,"رقم_القطعة":null}},{"type":"Feature","id":545,"geometry":{"type":"Polygon","coordinates":[[[41.97655799455238,34.35207243569787],[41.976291392304276,34.351971781540925],[41.97626604194577,34.351961227854019],[41.976242611420638,34.351946908933819],[41.976221655797552,34.351929163995251],[41.976203671514796,34.351908413415565],[41.976191539524677,34.351876402136362],[41.976176091953285,34.351845852509221],[41.97617042165772,34.351834181818916],[41.976166565972797,34.351821792672141],[41.976164612131306,34.351808965366601],[41.976164604337839,34.351795990113104],[41.976168864056348,34.35177052471402],[41.976177221836259,34.351746095647989],[41.976189453659444,34.35172335770055],[41.976287755087199,34.351575738681007],[41.976391434847926,34.351431846176524],[41.976420690313184,34.351466398264279],[41.976447684333529,34.351502194196698],[41.976472340205163,34.351539132262921],[41.976494587867641,34.351577107506692],[41.97651436410294,34.351616012024586],[41.976531612715149,34.35165573527258],[41.97654628469018,34.351696164380186],[41.976558338335018,34.351737184471048],[41.976567739396302,34.351778678989497],[41.976574461157647,34.351820530031596],[41.976578484515606,34.351862618680222],[41.976579798033995,34.35190482534292],[41.976578397976468,34.35194703009175],[41.976574288317117,34.351989113004009],[41.976567480729273,34.352030954503007],[41.97655799455238,34.35207243569787]]]},"properties":{"OBJECTID":545,"Name":"خضراء","اسم_المؤسس":null,"Shape_Length":171.70596904649605,"Shape_Area":1707.7970817449122,"رقم_القطعة":null}},{"type":"Feature","id":546,"geometry":{"type":"Polygon","coordinates":[[[41.976371444730702,34.352397992674902],[41.976340867314917,34.352428216884277],[41.976308513101429,34.35245714072947],[41.976274462369751,34.352484692440889],[41.976238799609249,34.352510803653558],[41.976201613309556,34.352535409576795],[41.976162995740921,34.352558449154976],[41.976123042725334,34.35257986521902],[41.976081853398711,34.352599604628303],[41.976039529964922,34.352617618402491],[41.975996177442155,34.352633861843103],[41.97595190340234,34.352648294644418],[41.975906817704185,34.352660880993511],[41.975861032220628,34.352671589659138],[41.975814660561127,34.352680394069196],[41.975767817789809,34.352687272376691],[41.97572062013991,34.352692207513982],[41.975773182792018,34.35254675194534],[41.975830976640637,34.352403294544324],[41.975839444091903,34.352389462897662],[41.975849859283336,34.352377031648018],[41.975861994326706,34.35236627279572],[41.975875583702788,34.35235742174843],[41.97589033007101,34.352350672170331],[41.975905910775403,34.352346171744685],[41.975959691473307,34.352329814297711],[41.976011209649734,34.352307324143524],[41.976029699310587,34.352299828711303],[41.976049106319259,34.352295200852524],[41.976068988732962,34.352293545954296],[41.976088893782801,34.352294901702528],[41.976108368184441,34.352299237223662],[41.976123583327933,34.352304414203076],[41.976371444730702,34.352397992674902]]]},"properties":{"OBJECTID":546,"Name":"خضراء","اسم_المؤسس":null,"Shape_Length":159.93880191233987,"Shape_Area":1463.6400230256231,"رقم_القطعة":null}},{"type":"Feature","id":547,"geometry":{"type":"Polygon","coordinates":[[[41.973747438890697,34.350071206552606],[41.973781679273387,34.350012670347773],[41.973788023983239,34.350005059961298],[41.973795529248747,34.349998591243093],[41.973803992457086,34.349993438823269],[41.97381318513473,34.349989741797003],[41.97382285911533,34.349987599969552],[41.973832753239236,34.349987071161877],[41.973842600403799,34.34998816964972],[41.973852134774077,34.349990865778203],[41.973861098959368,34.349995086762398],[41.97436495169098,34.350279376271743],[41.974376722931105,34.350288387410586],[41.974384813169969,34.350299854447258],[41.974388518770667,34.350312780054921],[41.974387517442494,34.350326040049431],[41.974381896272249,34.350338481163377],[41.974372144150763,34.350349021349736],[41.974359109252973,34.350356743891346],[41.974343925269402,34.350360977131302],[41.974286881881703,34.350369403201832],[41.97427535573707,34.35031573672692],[41.973735253126421,34.350395532158402],[41.973746780062619,34.350449199575266],[41.973610375627906,34.350469351059864],[41.973595504673945,34.350469830383716],[41.97358103503538,34.350466944279944],[41.973568052914686,34.350460909401683],[41.973557532849341,34.35045217877321],[41.973550264555378,34.350441407782469],[41.973546793645284,34.3504294049824],[41.973547380670411,34.350417071394666],[41.973551981562444,34.350405332871965],[41.97356922238199,34.350375860851656],[41.973666960360575,34.350415191502897],[41.973845175427307,34.350110535302271],[41.973747438890697,34.350071206552606]]]},"properties":{"OBJECTID":547,"Name":"خضراء","اسم_المؤسس":null,"Shape_Length":236.63797383549939,"Shape_Area":1607.0076940137471,"رقم_القطعة":null}},{"type":"Feature","id":551,"geometry":{"type":"Polygon","coordinates":[[[41.980775281493258,34.366299483864033],[41.980548170461589,34.366597402118451],[41.980396517446742,34.366796335246022],[41.980052106642567,34.366615793931125],[41.980203760211964,34.36641686120042],[41.980428968088759,34.366121440828792],[41.980775281493258,34.366299483864033]]]},"properties":{"OBJECTID":551,"Name":"خضراء","اسم_المؤسس":null,"Shape_Length":205.1505894966725,"Shape_Area":2440.2973771533793,"رقم_القطعة":null}},{"type":"Feature","id":555,"geometry":{"type":"Polygon","coordinates":[[[41.980055734376137,34.367694514448239],[41.980194307933729,34.367668617119122],[41.980086965200599,34.367809422750923],[41.980055734376137,34.367694514448239]]]},"properties":{"OBJECTID":555,"Name":"خضراء","اسم_المؤسس":" ","Shape_Length":44.634875326376161,"Shape_Area":85.454962929408879,"رقم_القطعة":null}},{"type":"Feature","id":556,"geometry":{"type":"Polygon","coordinates":[[[41.977153462036327,34.365084943301817],[41.97693039323687,34.365387008596024],[41.97692678245334,34.365367823796866],[41.97680131908642,34.364906118389214],[41.977153462036327,34.365084943301817]]]},"properties":{"OBJECTID":556,"Name":"خضراء","اسم_المؤسس":null,"Shape_Length":131.99950312701347,"Shape_Area":743.2317247577198,"رقم_القطعة":null}},{"type":"Feature","id":557,"geometry":{"type":"Polygon","coordinates":[[[41.983042461682643,34.349387100034043],[41.984218740027785,34.350072263709706],[41.984015266479126,34.35034059670658],[41.980194464217874,34.348170385128142],[41.980439181006858,34.347870874658533],[41.983042461682643,34.349387100034043]]]},"properties":{"OBJECTID":557,"Name":"خضراء","اسم_المؤسس":null,"Shape_Length":926.76838083867165,"Shape_Area":16029.274101539839,"رقم_القطعة":null}},{"type":"Feature","id":563,"geometry":{"type":"Polygon","coordinates":[[[41.975539942555514,34.36421449943014],[41.975878145975422,34.364386632874691],[41.975337816234848,34.364487590874781],[41.975539942555514,34.36421449943014]]]},"properties":{"OBJECTID":563,"Name":"خضراء","اسم_المؤسس":null,"Shape_Length":123.06237856956412,"Shape_Area":649.42670182661527,"رقم_القطعة":null}},{"type":"Feature","id":564,"geometry":{"type":"Polygon","coordinates":[[[41.974687200792538,34.364419285470881],[41.974710650920549,34.364431221018457],[41.974826101859961,34.364489984281057],[41.974960065178287,34.364558170069323],[41.974524112203191,34.364639622067763],[41.974687200792538,34.364419285470881]]]},"properties":{"OBJECTID":564,"Name":"خضراء","اسم_المؤسس":null,"Shape_Length":99.289662748642669,"Shape_Area":422.75448883604565,"رقم_القطعة":null}},{"type":"Feature","id":570,"geometry":{"type":"Polygon","coordinates":[[[41.994600555678282,34.370945357376371],[41.995026152468661,34.370815237152335],[41.994705904260826,34.37103714641934],[41.994600555678282,34.370945357376371]]]},"properties":{"OBJECTID":570,"Name":"خضراء","اسم_المؤسس":null,"Shape_Length":94.217986257342062,"Shape_Area":269.52062586465979,"رقم_القطعة":null}},{"type":"Feature","id":572,"geometry":{"type":"Polygon","coordinates":[[[41.995839731781167,34.358130903948137],[41.995531951776421,34.358608823270437],[41.995208244166285,34.358483622456788],[41.995490070484323,34.357982478003784],[41.995839731781167,34.358130903948137]]]},"properties":{"OBJECTID":572,"Name":"خضراء","اسم_المؤسس":null,"Shape_Length":190.53925161466563,"Shape_Area":2095.7895819167393,"رقم_القطعة":null}},{"type":"Feature","id":574,"geometry":{"type":"Polygon","coordinates":[[[41.995506939910115,34.353177462357124],[41.995302116344483,34.353495315493085],[41.994363777179231,34.353079393457662],[41.994568602466032,34.352761542670009],[41.995506939910115,34.353177462357124]]]},"properties":{"OBJECTID":574,"Name":"خضراء","اسم_المؤسس":null,"Shape_Length":275.87175333041705,"Shape_Area":3917.4355640154863,"رقم_القطعة":null}},{"type":"Feature","id":575,"geometry":{"type":"Polygon","coordinates":[[[41.997462715839099,34.350140280160772],[41.997257906443075,34.350458135933835],[41.996319593799008,34.350042227465813],[41.99652440491618,34.349724374040754],[41.997462715839099,34.350140280160772]]]},"properties":{"OBJECTID":575,"Name":"خضراء","اسم_المؤسس":null,"Shape_Length":275.8717533323782,"Shape_Area":3917.4355641149386,"رقم_القطعة":null}},{"type":"Feature","id":576,"geometry":{"type":"Polygon","coordinates":[[[42.00028826869621,34.34575197543905],[42.000083479767774,34.346069835020295],[41.999145205441081,34.345653946149866],[41.999349996090601,34.345336088916191],[42.00028826869621,34.34575197543905]]]},"properties":{"OBJECTID":576,"Name":"خضراء","اسم_المؤسس":null,"Shape_Length":275.8717533323782,"Shape_Area":3917.4355641149386,"رقم_القطعة":null}},{"type":"Feature","id":577,"geometry":{"type":"Polygon","coordinates":[[[42.002243710525043,34.342714730894691],[42.002038935758883,34.343032593110273],[42.001100687951073,34.342616717800041],[42.001305464438282,34.342298857931738],[42.002243710525043,34.342714730894691]]]},"properties":{"OBJECTID":577,"Name":"خضراء","اسم_المؤسس":null,"Shape_Length":275.8717533323782,"Shape_Area":3917.4355641149386,"رقم_القطعة":null}},{"type":"Feature","id":578,"geometry":{"type":"Polygon","coordinates":[[[41.997382569691354,34.349348327733402],[41.997131452845693,34.349738052730871],[41.996652412045265,34.349525715036272],[41.996903428678898,34.349136149366309],[41.997382569691354,34.349348327733402]]]},"properties":{"OBJECTID":578,"Name":"خضراء","اسم_المؤسس":null,"Shape_Length":198.06885710234098,"Shape_Area":2451.7213226552753,"رقم_القطعة":null}},{"type":"Feature","id":579,"geometry":{"type":"Polygon","coordinates":[[[42.000208103417094,34.34496002555435],[41.999957011666012,34.345349755220987],[41.999477990427572,34.345137427531405],[41.999728981976716,34.344747857193894],[42.000208103417094,34.34496002555435]]]},"properties":{"OBJECTID":579,"Name":"خضراء","اسم_المؤسس":null,"Shape_Length":198.06885710430296,"Shape_Area":2451.7213227043621,"رقم_القطعة":null}},{"type":"Feature","id":581,"geometry":{"type":"Polygon","coordinates":[[[41.990082597873183,34.361632584098444],[41.990480830568913,34.361840945575814],[41.990051883778328,34.36178050045271],[41.990082597873183,34.361632584098444]]]},"properties":{"OBJECTID":581,"Name":"خضراء","اسم_المؤسس":null,"Shape_Length":100.04386372863212,"Shape_Area":333.55581705509275,"رقم_القطعة":null}},{"type":"Feature","id":583,"geometry":{"type":"Polygon","coordinates":[[[41.98989435112906,34.363577797736134],[41.990112163368906,34.363607684355813],[41.990112122646657,34.363607731322347],[41.990112108597593,34.363607794763126],[41.9898804088578,34.363640792398897],[41.989659053470845,34.363672316238763],[41.989684654787531,34.363549022940632],[41.98989435112906,34.363577797736134]]]},"properties":{"OBJECTID":583,"Name":"خضراء","اسم_المؤسس":null,"Shape_Length":96.090035673172224,"Shape_Area":277.12135088642577,"رقم_القطعة":null}},{"type":"Feature","id":584,"geometry":{"type":"Polygon","coordinates":[[[41.989760332696527,34.361480602078359],[41.989960398017274,34.361584109532451],[41.989958586923798,34.361592786421916],[41.989743339541022,34.361561883903249],[41.989530363573174,34.361531304962149],[41.989532175828536,34.361522628950787],[41.989562337322639,34.361378162307261],[41.989760332696527,34.361480602078359]]]},"properties":{"OBJECTID":584,"Name":"خضراء","اسم_المؤسس":null,"Shape_Length":101.41071800890695,"Shape_Area":364.54501555022017,"رقم_القطعة":null}},{"type":"Feature","id":588,"geometry":{"type":"Polygon","coordinates":[[[41.99071540245717,34.375655596043792],[41.990224896149563,34.376102573402804],[41.990138850344032,34.376054930884976],[41.990556250890371,34.375536519385221],[41.99071540245717,34.375655596043792]]]},"properties":{"OBJECTID":588,"Name":"خضراء","اسم_المؤسس":null,"Shape_Length":165.50131436037665,"Shape_Area":990.92183511825829,"رقم_القطعة":null}},{"type":"Feature","id":589,"geometry":{"type":"Polygon","coordinates":[[[41.990708149273296,34.375151287150793],[41.990346675316353,34.374951140812144],[41.990505250623357,34.374754240263698],[41.990866722921041,34.374954385289215],[41.990708149273296,34.375151287150793]]]},"properties":{"OBJECTID":589,"Name":"خضراء","اسم_المؤسس":null,"Shape_Length":132.55635272055366,"Shape_Area":1051.1261507378158,"رقم_القطعة":null}},{"type":"Feature","id":590,"geometry":{"type":"Polygon","coordinates":[[[41.991423296948291,34.374608752164534],[41.991011970136618,34.374970881174022],[41.991349975041757,34.374551344528335],[41.991423296948291,34.374608752164534]]]},"properties":{"OBJECTID":590,"Name":"خضراء","اسم_المؤسس":null,"Shape_Length":120.48867633277783,"Shape_Area":256.18981004113971,"رقم_القطعة":null}},{"type":"Feature","id":591,"geometry":{"type":"Polygon","coordinates":[[[41.958636571331361,34.352040641920318],[41.958445684300031,34.352364415123482],[41.957489880417988,34.351976787900391],[41.957680769421437,34.351653016954074],[41.958636571331361,34.352040641920318]]]},"properties":{"OBJECTID":591,"Name":"خضراء","اسم_المؤسس":null,"Shape_Length":275.87159986390145,"Shape_Area":3917.4307836273169,"رقم_القطعة":null}},{"type":"Feature","id":592,"geometry":{"type":"Polygon","coordinates":[[[41.960459184622636,34.348946929726552],[41.960268310951939,34.349270705189738],[41.959312535991756,34.348883090663037],[41.959503411602789,34.348559316555772],[41.960459184622636,34.348946929726552]]]},"properties":{"OBJECTID":592,"Name":"خضراء","اسم_المؤسس":null,"Shape_Length":275.8717349081229,"Shape_Area":3917.4360486386418,"رقم_القطعة":null}},{"type":"Feature","id":593,"geometry":{"type":"Polygon","coordinates":[[[41.9604934657699,34.354639346913757],[41.960472938315185,34.354639514078642],[41.960452565504688,34.354636993576037],[41.960260739246344,34.354599011137793],[41.960069591527706,34.354558744661226],[41.959879161889411,34.354516202475146],[41.959689489723395,34.3544713933791],[41.959500614264755,34.354424326641563],[41.959312574583599,34.354375011998066],[41.959125409576991,34.354323459649059],[41.958939157960849,34.354269680257971],[41.958753858261971,34.354213684948839],[41.958569548810033,34.354155485304098],[41.958386267729665,34.354095093362176],[41.958204052932523,34.354032521614961],[41.958022942109501,34.353967783005253],[41.957842972722872,34.353900890924074],[41.95766418199856,34.353831859207858],[41.957486606918422,34.353760702135681],[41.957310284212589,34.353687434426185],[41.957135250351868,34.353612071234622],[41.956961541540203,34.353534628149667],[41.956789193707131,34.35345512119023],[41.956618242500433,34.353373566802084],[41.956448723278662,34.353289981854509],[41.956280671103869,34.353204383636786],[41.956114120734362,34.353116789854596],[41.955949106617467,34.353027218626387],[41.955785662882441,34.352935688479604],[41.955623823333362,34.352842218346851],[41.955463621442199,34.352746827561994],[41.95530509034181,34.352649535856102],[41.955148262819144,34.352550363353437],[41.954993171308423,34.352449330567254],[41.954839847884443,34.352346458395502],[41.9604934657699,34.354639346913757]]]},"properties":{"OBJECTID":593,"Name":"خضراء","اسم_المؤسس":null,"Shape_Length":1163.9851812147913,"Shape_Area":13215.233786832872,"رقم_القطعة":null}},{"type":"Feature","id":595,"geometry":{"type":"Polygon","coordinates":[[[41.967153489460607,34.373406207030847],[41.966564208972102,34.3741795003465],[41.958441781985201,34.369886837762664],[41.959034077821485,34.369109080530954],[41.967153489460607,34.373406207030847]]]},"properties":{"OBJECTID":595,"Name":"خضراء","اسم_المؤسس":null,"Shape_Length":1976.4653571145441,"Shape_Area":90242.780606549219,"رقم_القطعة":null}},{"type":"Feature","id":596,"geometry":{"type":"Polygon","coordinates":[[[41.964953111784865,34.37418221860802],[41.964956858040686,34.374184623737698],[41.96496004790685,34.374187528210683],[41.964962572877909,34.374190845419726],[41.964964368664681,34.374194478671541],[41.964965375932465,34.374198317631745],[41.964965567551182,34.374202240368319],[41.964964930701889,34.374206130010613],[41.964963489559722,34.374209870593731],[41.96496128571075,34.374213346631983],[41.964697020786495,34.374554493814088],[41.964694443563289,34.374557309163137],[41.964691365201361,34.374559755371742],[41.96468786395144,34.374561770149121],[41.964684027293856,34.374563306304474],[41.964679944239748,34.374564329229415],[41.964675722361036,34.374564806569794],[41.964671462515533,34.374564731373283],[41.964667270255205,34.374564106489174],[41.964663238351768,34.37456294228776],[41.964659482126628,34.374561272028963],[41.964248043179673,34.374342151348749],[41.964244299361589,34.374339753349034],[41.964241113793861,34.374336846949866],[41.964238582264656,34.374333528081465],[41.964236786505047,34.374329894817578],[41.964235778308904,34.374326059478634],[41.96423558975976,34.374322130355843],[41.964236226675361,34.374318241616251],[41.96423766794733,34.374314503741871],[41.964239868539217,34.374311026893395],[41.964504134735385,34.373969881532425],[41.964507034382976,34.373966776233829],[41.964510534147458,34.373964134126268],[41.964514541143465,34.373962034080272],[41.964518919838341,34.373960547887648],[41.964523545408987,34.373959711926204],[41.964528280798405,34.373959554757754],[41.964532970776581,34.373960082849806],[41.964537483088684,34.37396127597242],[41.964541674236862,34.373963103351457],[41.964953111784865,34.37418221860802]]]},"properties":{"OBJECTID":596,"Name":"خضراء","اسم_المؤسس":null,"Shape_Length":195.68876251888733,"Shape_Area":2494.5351629799629,"رقم_القطعة":null}},{"type":"Feature","id":597,"geometry":{"type":"Polygon","coordinates":[[[41.963259395887818,34.373284293377843],[41.963263140907387,34.373286696789449],[41.963266328477772,34.373289600463842],[41.963268857699632,34.373292917607898],[41.96327065131576,34.373296553644394],[41.963271660602189,34.373300390769728],[41.963271846737612,34.373304314545905],[41.963271214094121,34.373308202277045],[41.963269769724086,34.373311945624607],[41.963267568986787,34.373315418854325],[41.963003298433705,34.373656564453974],[41.963000717822517,34.373659377146254],[41.962997645924368,34.373661822254775],[41.962994143706744,34.373663840612863],[41.962990303763625,34.373665375893033],[41.962986224017776,34.373666399581992],[41.962981997856751,34.373666877867954],[41.962977737990414,34.373666800808671],[41.962973544633954,34.373666174088441],[41.962969517233809,34.373665012424134],[41.962965759993743,34.373663342135529],[41.962554329642309,34.373444216166305],[41.962550586901592,34.373441815381597],[41.962547399253161,34.373438908985719],[41.962544868872435,34.373435589149985],[41.962543069916052,34.373431955034263],[41.962542062959741,34.373428121451212],[41.962541877880319,34.373424195844663],[41.96254251487133,34.373420307109676],[41.962543951799567,34.373416567555701],[41.962546155638236,34.373413088854676],[41.962810426472039,34.373071947804391],[41.96281332398442,34.373068842596588],[41.962816828147034,34.373066201331746],[41.962820833007811,34.373064102294322],[41.962825213832247,34.373062615209825],[41.962829839407554,34.373061780214734],[41.96283456922847,34.373061620544078],[41.962839263495063,34.373062148599104],[41.962843774715928,34.373063343615755],[41.962847966808049,34.373065169229797],[41.963259395887818,34.373284293377843]]]},"properties":{"OBJECTID":597,"Name":"خضراء","اسم_المؤسس":null,"Shape_Length":195.68873138430897,"Shape_Area":2494.5444687208533,"رقم_القطعة":null}},{"type":"Feature","id":598,"geometry":{"type":"Polygon","coordinates":[[[41.961565828914125,34.372386485944418],[41.961569573847186,34.372388889412854],[41.961572761325947,34.372391793136593],[41.961575290453865,34.372395110321008],[41.961577083976437,34.372398746387617],[41.961578093172676,34.372402583532015],[41.961578279224028,34.372406507315475],[41.961577646505113,34.372410395042053],[41.961576202070503,34.372414138373188],[41.961574001281598,34.372417611575251],[41.96130972612324,34.372758753765034],[41.961307145477939,34.372761566423399],[41.961304073558139,34.372764011490517],[41.961300571331982,34.372766029800474],[41.961296731393681,34.372767565027083],[41.961292651665708,34.372768588658424],[41.961288425535415,34.372769066884004],[41.961284165711767,34.372768989763216],[41.961279972408903,34.372768362981802],[41.961275945071939,34.372767201258064],[41.961272187903141,34.372765530913334],[41.960860766114379,34.372546398755482],[41.9608570234601,34.372543997913986],[41.960853835903364,34.372541091468754],[41.960851305616643,34.372537771592633],[41.960849506753817,34.372534137446713],[41.960848499887597,34.372530303844663],[41.960848314892282,34.37252637823083],[41.960848951958702,34.372522489500476],[41.960850388951492,34.372518749962829],[41.960852592841867,34.372515271289494],[41.961116868280676,34.372174133649075],[41.961119765830226,34.372171028479421],[41.961123270014433,34.372168387262022],[41.961127274880596,34.37216628827985],[41.961131655693968,34.372164801256766],[41.96113628124219,34.372163966327371],[41.96114101102085,34.372163806724743],[41.961145705231097,34.372164334848051],[41.961150216383395,34.372165529931131],[41.961154408396808,34.372167355607758],[41.961565828914125,34.372386485944418]]]},"properties":{"OBJECTID":598,"Name":"خضراء","اسم_المؤسس":null,"Shape_Length":195.68873138435876,"Shape_Area":2494.5444687382596,"رقم_القطعة":null}},{"type":"Feature","id":606,"geometry":{"type":"Polygon","coordinates":[[[41.98746577968388,34.369108079478131],[41.987480542254303,34.369162489985193],[41.987395287436065,34.369177368868556],[41.987366851511894,34.369182331618653],[41.987352080910142,34.369127081196766],[41.98746577968388,34.369108079478131]]]},"properties":{"OBJECTID":606,"Name":"خضراء","اسم_المؤسس":null,"Shape_Length":33.837612869360768,"Shape_Area":66.605583680884237,"رقم_القطعة":null}},{"type":"Feature","id":607,"geometry":{"type":"Polygon","coordinates":[[[41.977138701600879,34.370576331089197],[41.977186186886755,34.370601223462842],[41.97719487405535,34.37060577762692],[41.977305089074711,34.37066355337155],[41.977415304241156,34.370721329008369],[41.977525519554689,34.370779104537391],[41.977380359502526,34.370969499482833],[41.977359488448279,34.37099687456039],[41.977239075745771,34.371154809783604],[41.977204474191133,34.371136671588701],[41.977175809316712,34.371031196220194],[41.977151921791979,34.370943299774765],[41.977128034323862,34.370855403320959],[41.977122274653802,34.370834210280222],[41.977104146944242,34.37076750775941],[41.977095585022006,34.370736005203256],[41.977092390144399,34.370724247695804],[41.97708025958935,34.370679611288864],[41.977056372291074,34.370591714809954],[41.977037820822588,34.370523448758888],[41.977138701600879,34.370576331089197]]]},"properties":{"OBJECTID":607,"Name":"خضراء","اسم_المؤسس":null,"Shape_Length":175.96597795480446,"Shape_Area":1402.6957877209329,"رقم_القطعة":null}},{"type":"Feature","id":610,"geometry":{"type":"Polygon","coordinates":[[[41.958787651925164,34.345940503806581],[41.958964598273425,34.346154338486848],[41.958641829976465,34.346023518123985],[41.958787651925164,34.345940503806581]]]},"properties":{"OBJECTID":610,"Name":"خضراء","اسم_المؤسس":null,"Shape_Length":78.136517374353545,"Shape_Area":234.32813391298913,"رقم_القطعة":null}},{"type":"Feature","id":611,"geometry":{"type":"Polygon","coordinates":[[[41.961565757637487,34.345714363738743],[41.961446532131518,34.345916748940176],[41.961308185145157,34.345860678729025],[41.961565423591615,34.345714228503404],[41.961566045799678,34.345713874513201],[41.961565757637487,34.345714363738743]]]},"properties":{"OBJECTID":611,"Name":"خضراء","اسم_المؤسس":null,"Shape_Length":68.026468270206863,"Shape_Area":177.61224352638499,"رقم_القطعة":null}},{"type":"Feature","id":612,"geometry":{"type":"Polygon","coordinates":[[[41.95958344258225,34.346165022490375],[41.959469239883433,34.346358871602874],[41.959337047314293,34.346305293155169],[41.95958344258225,34.346165022490375]]]},"properties":{"OBJECTID":612,"Name":"خضراء","اسم_المؤسس":null,"Shape_Length":65.000586429283587,"Shape_Area":162.1626374264097,"رقم_القطعة":null}},{"type":"Feature","id":613,"geometry":{"type":"Polygon","coordinates":[[[41.970538875927019,34.374530999180955],[41.970302290815944,34.374833343860494],[41.969414189200194,34.374362593513453],[41.969650774395411,34.374060254091638],[41.970538875927019,34.374530999180955]]]},"properties":{"OBJECTID":613,"Name":"خضراء","اسم_المؤسس":null,"Shape_Length":274.00192640503019,"Shape_Area":3879.9608408621816,"رقم_القطعة":null}},{"type":"Feature","id":617,"geometry":{"type":"Polygon","coordinates":[[[41.965139082851806,34.344327793953703],[41.964825898789336,34.344859482710625],[41.963798231171062,34.344443010647872],[41.964473990410617,34.344058260671261],[41.965139082851806,34.344327793953703]]]},"properties":{"OBJECTID":617,"Name":"خضراء","اسم_المؤسس":null,"Shape_Length":314.56807028518824,"Shape_Area":5695.3645153035413,"رقم_القطعة":null}},{"type":"Feature","id":618,"geometry":{"type":"Polygon","coordinates":[[[41.997202753624627,34.368326139056563],[41.996784151026162,34.368873393172457],[41.996646516965441,34.368801004386569],[41.996786854815987,34.368617536665575],[41.997062718766955,34.368253228168129],[41.997202753624627,34.368326139056563]]]},"properties":{"OBJECTID":618,"Name":"خضراء","اسم_المؤسس":null,"Shape_Length":174.0019306887919,"Shape_Area":1083.5816154121476,"رقم_القطعة":null}},{"type":"Feature","id":619,"geometry":{"type":"Polygon","coordinates":[[[41.976681109368009,34.371465111037153],[41.976477193119891,34.371732564803999],[41.976247576795984,34.371612197473397],[41.976038540352775,34.371886364353536],[41.975827293262519,34.37177562584489],[41.975693745327071,34.371950905705702],[41.975331128736762,34.371760815175051],[41.975396744666696,34.371674755377484],[41.97529571400564,34.371621794140623],[41.975149411860734,34.371813552048152],[41.973693378834895,34.372096031549773],[41.973387915766835,34.371936015624748],[41.973367134718828,34.371853753138971],[41.973632143626169,34.37180412419773],[41.973691853690056,34.372023867000102],[41.975069914472854,34.371766404417755],[41.974995870453256,34.371493924440706],[41.975525889425491,34.371394896061929],[41.975540221453706,34.371447633976089],[41.975561420724624,34.37144367300737],[41.975621136522768,34.371663414601969],[41.976681109368009,34.371465111037153]]]},"properties":{"OBJECTID":619,"Name":"خضراء","اسم_المؤسس":null,"Shape_Length":803.29094402995452,"Shape_Area":5449.5279806046583,"رقم_القطعة":null}},{"type":"Feature","id":620,"geometry":{"type":"Polygon","coordinates":[[[41.988698094060524,34.363900275519548],[41.988584442053089,34.363963700262929],[41.988472742498871,34.364026035186498],[41.988515612606975,34.363820710934185],[41.988774150470064,34.363857831715762],[41.988698094060524,34.363900275519548]]]},"properties":{"OBJECTID":620,"Name":"خضراء","اسم_المؤسس":null,"Shape_Length":80.714501444207784,"Shape_Area":279.25710199029862,"رقم_القطعة":null}},{"type":"Feature","id":621,"geometry":{"type":"Polygon","coordinates":[[[41.989304956053417,34.361977219514316],[41.98901955092343,34.361936241277945],[41.988910274180803,34.361911415074879],[41.988908721398381,34.361912682520284],[41.989431858851425,34.361369382166394],[41.98939591241939,34.361541556501159],[41.989304956053417,34.361977219514316]]]},"properties":{"OBJECTID":621,"Name":"خضراء","اسم_المؤسس":null,"Shape_Length":182.91990604278573,"Shape_Area":1282.2334358795972,"رقم_القطعة":null}},{"type":"Feature","id":622,"geometry":{"type":"Polygon","coordinates":[[[41.987515644637639,34.362678183710841],[41.987493400444613,34.362784718012165],[41.987270950530053,34.363850061009416],[41.986891304731145,34.363795546064907],[41.986894656320302,34.363788457697616],[41.986906215020518,34.363763813507163],[41.986917694528124,34.363739143306809],[41.98692909158509,34.363714447176122],[41.986940408395526,34.363689725962708],[41.986951644927508,34.363664978765947],[41.986962799041031,34.363640206539536],[41.98697387182218,34.363615409256973],[41.986984864389044,34.363590587792331],[41.986995774505651,34.36356574039749],[41.987006603322065,34.363540868847167],[41.987017350838371,34.36351597314134],[41.987028015968583,34.363491053306603],[41.987038599830811,34.363466110217033],[41.987049102361112,34.363441142071423],[41.987059522569517,34.363416151598138],[41.987069860392104,34.363391136996007],[41.98708011586092,34.363366099165631],[41.987090290062071,34.363341038080499],[41.987100381941595,34.363315954667783],[41.987110391467567,34.363290848026885],[41.987120318672027,34.363265719058425],[41.987130163587047,34.363240568663031],[41.987139925062685,34.363215395066021],[41.987149605335055,34.363190200015573],[41.987159202232156,34.363164983564786],[41.987168715722063,34.36313974481304],[41.987178148040911,34.363114485508504],[41.98718749589866,34.36308920483021],[41.987196761467466,34.363063902725074],[41.987205944779369,34.363038580093729],[41.987215043662403,34.363013236989282],[41.987224060256679,34.362987872458028],[41.987232993572221,34.362962489228359],[41.987241843513154,34.362937084598492],[41.987250610175487,34.362911661270225],[41.987259293495327,34.362886217442373],[41.987267893504743,34.362860754015564],[41.987276409149757,34.36283527191695],[41.98728484151647,34.362809771120006],[41.987293190572977,34.36278425072414],[41.987301456351318,34.362758711629965],[41.987309637765563,34.362733153864035],[41.987317735901819,34.362707577399838],[41.987325749706088,34.362681983164507],[41.987333679178469,34.362656371158067],[41.987341525405064,34.362630741353996],[41.987346193472355,34.362613530651146],[41.987350777242476,34.362596303078028],[41.987355276811435,34.362579061336504],[41.987359691029305,34.362561803651857],[41.987364021046126,34.362544531798839],[41.987368265775913,34.362527245803932],[41.987372425186749,34.362509944766558],[41.987376500428674,34.362492630461404],[41.987380490383735,34.36247530201441],[41.987384395083971,34.362457960326182],[41.987388215647442,34.362440606270781],[41.98739194987018,34.362423239000712],[41.987395598870236,34.362405859390016],[41.987399162647677,34.362388467438713],[41.987402641202529,34.362371063146817],[41.987406034566867,34.36235364741492],[41.987409341686686,34.362336221170196],[41.98741256361609,34.362318783485485],[41.987415700387096,34.3623013352614],[41.98741875088178,34.362283875623881],[41.987421715196156,34.362266407274745],[41.987424594320302,34.362248927485659],[41.987427387264262,34.362231438984942],[41.987430095114078,34.362213941746127],[41.987432716751805,34.362196434895083],[41.98743525220948,34.362178919332443],[41.98743770148716,34.362161395058216],[41.987440064616905,34.362143862973006],[41.987442341598758,34.362126323076815],[41.987444533550772,34.362108776243723],[41.987446638268977,34.36209122162618],[41.98744865687145,34.362073660098282],[41.987450589358239,34.36205609166003],[41.987452435729388,34.362038516311394],[41.987454196048951,34.362020935853629],[41.987455869198946,34.362003349412618],[41.987456641568137,34.361994798882513],[41.987457040489382,34.36199186142084],[41.987457459555507,34.361985757782897],[41.987458958398562,34.361968160276085],[41.987460372276253,34.361950557633577],[41.987461701220617,34.361932950756028],[41.987462943059704,34.361915339696459],[41.987464097793541,34.361897724454899],[41.987465166540183,34.361880105905414],[41.987466149267711,34.361862483147391],[41.987466509667897,34.361855401130732],[41.987466510784245,34.361855371357557],[41.987471994904389,34.361776341368014],[41.987471118810127,34.361700083479604],[41.987471211299848,34.361686132198663],[41.987471241210287,34.361668491251272],[41.987471184144198,34.361650849724313],[41.987471041251631,34.361633209392451],[41.98747081141466,34.361615569381598],[41.987470494633321,34.361597929691747],[41.987470092025681,34.361580291197001],[41.987469602537765,34.361562654824468],[41.987469506235897,34.361559698812435],[41.987468630162745,34.361483471568675],[41.987462482259126,34.361420429746545],[41.987461302333003,34.361404041538961],[41.987459947655232,34.361386436215518],[41.987458506193761,34.3613688357161],[41.987456979034626,34.361351240014137],[41.98745536509189,34.361333649136157],[41.987453664429594,34.361316064883383],[41.987451878069798,34.361298485428044],[41.987450004990542,34.361280912597898],[41.987448046277876,34.361263346366407],[41.987446000845857,34.36124578676008],[41.987443868726515,34.36122823467953],[41.98744330165799,34.361223745182983],[41.987438860013491,34.361178199137065],[41.987431760548823,34.361139531626392],[41.987429273115808,34.361123084315693],[41.987426538690691,34.361105589312288],[41.987423719814664,34.361088103582759],[41.987420814315762,34.361070627180155],[41.987417823344025,34.361053161879148],[41.987414745749525,34.361035705905046],[41.987411583736304,34.361018260105411],[41.987408335196392,34.361000826334475],[41.987405002237864,34.360983402737958],[41.987401582752739,34.360965991170147],[41.987398077795085,34.360948590703892],[41.987394487396934,34.360931202239783],[41.987390812676338,34.360913826651888],[41.987387536221512,34.360898697516809],[41.987387516892653,34.36089861235682],[41.987387051429337,34.360896463092644],[41.987383205860013,34.360879112409599],[41.987379274882358,34.360861774629271],[41.987375259614453,34.36084445062572],[41.987371157884326,34.360827140452031],[41.987366971864027,34.360809844055069],[41.98736270158561,34.36079256233549],[41.987358345931113,34.360775294419177],[41.987353904964571,34.360758042107349],[41.98734937974006,34.360740804472847],[41.987344770289582,34.36072358241627],[41.987340076613208,34.360706375937589],[41.987335297656969,34.36068918596397],[41.987330434474913,34.360672011568241],[41.987325488185107,34.360654853624446],[41.987320456647538,34.360637713086291],[41.987315340948292,34.360620589927201],[41.98731014105541,34.360603483246543],[41.987304858118932,34.360586394819023],[41.987299491052866,34.360569324671154],[41.987294039825308,34.360552271902293],[41.987288505586243,34.360535238287127],[41.987282887249755,34.360518223852161],[41.987277185869878,34.360501227670284],[41.987271400424618,34.360484251569176],[41.987265531968063,34.360467294621728],[41.987259580532225,34.360450357728489],[41.987253546117152,34.360433440889501],[41.987247427668869,34.360416545031839],[41.987241227359434,34.36039967010246],[41.987234944102873,34.360382816127881],[41.987228577899231,34.360365983108061],[41.987222129866538,34.360349171917093],[41.987215598918844,34.360332382581468],[41.987208985088166,34.360315616001792],[41.987202289428552,34.360298871250933],[41.987195511972047,34.360282149229441],[41.9871886516327,34.360265449963869],[41.9871817106145,34.360248774301709],[41.987174686777507,34.360232123196667],[41.98716758114378,34.360215494820935],[41.987160394863309,34.360198890949214],[41.987153126818171,34.360182310707401],[41.987145777072371,34.360165755896695],[41.987138345625944,34.360149226517073],[41.987130834618938,34.360132721614875],[41.98712324082539,34.36011624217025],[41.987115567535305,34.360099789004224],[41.987107813630743,34.360083361242701],[41.987099978057728,34.360066959812784],[41.987092063020278,34.360050585562036],[41.987084067400438,34.36003423761634],[41.987075991230235,34.360017916876274],[41.987067835627691,34.360001624215954],[41.98705959947484,34.359985358761229],[41.987051283889727,34.359969121386179],[41.987042888872367,34.359952912090812],[41.987034414422794,34.359936730875077],[41.987025860573027,34.359920578639567],[41.987017226237114,34.35990445541082],[41.987008514705039,34.359888362009819],[41.986999722686889,34.359872297615524],[41.986990853472633,34.35985626304894],[41.986981903804363,34.359840258389653],[41.986972876972025,34.359824284458668],[41.986963771889691,34.359808341282466],[41.986954587471402,34.359792428887573],[41.986945325889145,34.359776547220939],[41.986935986088973,34.35976069720963],[41.986926569156864,34.359744878827151],[41.986917074006911,34.359729092099975],[41.986907501757088,34.3597133379022],[41.986897852407409,34.359697616233774],[41.98689234008252,34.359688725227315],[41.986845821764533,34.359586674543799],[41.986836585672066,34.359565305262215],[41.986830204576947,34.359543230148468],[41.986826754062271,34.35952071068666],[41.986826274997703,34.359498013624119],[41.98682877305545,34.359475407811644],[41.986834218643203,34.359453161018955],[41.986842547254753,34.359431536762912],[41.986853660234189,34.359410791186136],[41.986867425944638,34.359391170022917],[41.986883681327548,34.359372905688588],[41.986902233834215,34.359356214526422],[41.986922863706624,34.359341294245191],[41.986945326580539,34.359328321577216],[41.986969356380001,34.359317450185046],[41.986994668469023,34.359308808841313],[41.98702096302312,34.359302499903457],[41.987023887163218,34.359301957960795],[41.987027138364546,34.359307412196522],[41.987674487305853,34.361015445288906],[41.988077828409502,34.36130594828532],[41.98805021704505,34.361438191667816],[41.988027970871698,34.36154473691937],[41.988005727526016,34.361651271281318],[41.987983483047877,34.361757805667089],[41.987961239609326,34.361864340023637],[41.987938996124335,34.361970874377477],[41.987916751506901,34.362077408755155],[41.98789450792907,34.362183943103581],[41.987872263218769,34.36229047747586],[41.987850019548063,34.362397011818899],[41.987582378024165,34.362358580764138],[41.987515644637639,34.362678183710841]]]},"properties":{"OBJECTID":622,"Name":"خضراء","اسم_المؤسس":null,"Shape_Length":1124.4264612074437,"Shape_Area":14666.825334222354,"رقم_القطعة":null}},{"type":"Feature","id":665,"geometry":{"type":"Polygon","coordinates":[[[41.996981866280834,34.369088605199707],[41.996514485594901,34.369595524322662],[41.996469038169188,34.369571581207026],[41.996881071938638,34.369033822909941],[41.996981866280834,34.369088605199707]]]},"properties":{"OBJECTID":665,"Name":"خضراء","اسم_المؤسس":null,"Shape_Length":157.58067148138178,"Shape_Area":566.92721430985603,"رقم_القطعة":null}},{"type":"Feature","id":685,"geometry":{"type":"Polygon","coordinates":[[[41.987248705826197,34.363956595281017],[41.987226461075913,34.364063129549926],[41.987204215193145,34.364169663842652],[41.987195208946154,34.364212796330307],[41.987135020567585,34.364501045689586],[41.986377824688923,34.364923585884668],[41.986529475207071,34.365110463566644],[41.986318079980634,34.365228427691186],[41.986674498583781,34.365667634585598],[41.986667384933838,34.365677818259265],[41.986538770133791,34.365715608497858],[41.986408587095298,34.365747581070714],[41.986277098827742,34.365773671383486],[41.986144570977459,34.365793826725813],[41.986011271291055,34.365808006377755],[41.985877469074481,34.365816181692104],[41.985743434648953,34.365818336152238],[41.985609438804822,34.365814465405485],[41.98560550222134,34.365814266756956],[41.985591365119355,34.365813485155243],[41.985714495291596,34.365655736390806],[41.985714590737295,34.365655730454989],[41.98578887419054,34.365554814330473],[41.985881545326627,34.365435379936599],[41.986030349482526,34.365237316691136],[41.986123473932068,34.3651088102797],[41.986168047251034,34.365043542874901],[41.986168612445439,34.365042715118129],[41.986171161135331,34.365038910309821],[41.986307902683514,34.364834786493411],[41.986460048529722,34.364591822216831],[41.98661573446347,34.364323746003862],[41.986765020324476,34.364044802810618],[41.986836133270728,34.363897352622942],[41.987248705826197,34.363956595281017]]]},"properties":{"OBJECTID":685,"Name":"خضراء","اسم_المؤسس":null,"Shape_Length":635.37430569569381,"Shape_Area":9545.4742772716763,"رقم_القطعة":null}},{"type":"Feature","id":686,"geometry":{"type":"Polygon","coordinates":[[[41.964388500984597,34.355906940191517],[41.965447559266075,34.355881862592582],[41.965322286707973,34.356178330064537],[41.964388500984597,34.355906940191517]]]},"properties":{"OBJECTID":686,"Name":"خضراء","اسم_المؤسس":null,"Shape_Length":223.46206107531475,"Shape_Area":1587.7028852791827,"رقم_القطعة":null}},{"type":"Feature","id":687,"geometry":{"type":"Polygon","coordinates":[[[41.966604580089587,34.355854454788208],[41.966529286574691,34.356032650245112],[41.965968018893477,34.355869534874287],[41.966604580089587,34.355854454788208]]]},"properties":{"OBJECTID":687,"Name":"خضراء","اسم_المؤسس":null,"Shape_Length":134.31497195965932,"Shape_Area":573.59908899137713,"رقم_القطعة":null}},{"type":"Feature","id":688,"geometry":{"type":"Polygon","coordinates":[[[41.96277870036559,34.355439055753806],[41.963122375155827,34.355450251950032],[41.963268041456146,34.355452113308935],[41.963272530791969,34.355582589261694],[41.96277870036559,34.355439055753806]]]},"properties":{"OBJECTID":688,"Name":"خضراء","اسم_المؤسس":null,"Shape_Length":107.72015597852364,"Shape_Area":320.76291261925292,"رقم_القطعة":null}},{"type":"Feature","id":689,"geometry":{"type":"Polygon","coordinates":[[[41.967209253267114,34.355840126954448],[41.967146870621306,34.355987770363264],[41.966736752280468,34.355868583696669],[41.966744119507247,34.355851148643836],[41.967209253267114,34.355840126954448]]]},"properties":{"OBJECTID":689,"Name":"خضراء","اسم_المؤسس":null,"Shape_Length":102.24473488349106,"Shape_Area":388.27544827402625,"رقم_القطعة":null}},{"type":"Feature","id":691,"geometry":{"type":"Polygon","coordinates":[[[41.961516144883028,34.355664020924358],[41.966652854017248,34.357156956199134],[41.966241685863849,34.358130042096732],[41.966231947377302,34.358144079461994],[41.966220523699178,34.35815721415932],[41.966207535391455,34.358169307568225],[41.966193119529024,34.358180232057691],[41.966160627165294,34.358198126653122],[41.966124414654523,34.358210144516185],[41.966086006677799,34.358215779649399],[41.966047020355234,34.358214794791998],[41.966009097158107,34.358207231409693],[41.965973833795623,34.358193407948946],[41.96172710057386,34.355966173676713],[41.961592814193033,34.355893064831264],[41.961461530505829,34.355814691820399],[41.961333455765569,34.355731177772086],[41.961208791184156,34.355642653891131],[41.961087732615972,34.355549259253024],[41.961072291784738,34.355534745145597],[41.961059710205987,34.355518442727309],[41.961050284113824,34.355500735841744],[41.9610442354453,34.355482041400712],[41.961041706615092,34.35546279956796],[41.961042757162474,34.355443463395353],[41.961047362349731,34.355424488155705],[41.961055413744795,34.35540632062331],[41.961066721774515,34.355389388554585],[41.961081020188388,34.355374090616586],[41.9610979723276,34.355360787000386],[41.961117179051726,34.355349790940387],[41.961138188136601,34.35534136133932],[41.961160504921914,34.355335696672398],[41.961183603957892,34.355332930314304],[41.961206941376958,34.355333127398907],[41.962067151598873,34.355395334384092],[41.962013552866509,34.355522169331088],[41.961500915075192,34.355373167447873],[41.961429047175642,34.355543228517782],[41.961393112598216,34.355628259504471],[41.961364364651814,34.355696283753069],[41.961487398114294,34.355732045170733],[41.961516144883028,34.355664020924358]]]},"properties":{"OBJECTID":691,"Name":"خضراء","اسم_المؤسس":null,"Shape_Length":1418.4989545006667,"Shape_Area":39793.323602541794,"رقم_القطعة":null}},{"type":"Feature","id":695,"geometry":{"type":"Polygon","coordinates":[[[41.989978439944743,34.363968812739472],[41.98989079630595,34.363984763881774],[41.989881565390803,34.363986407445978],[41.989872352145184,34.363988119984512],[41.989853216628454,34.363991169387724],[41.989772781510744,34.364010319401004],[41.989693946810519,34.364035251733604],[41.989617127618018,34.364065835108725],[41.989542728411209,34.364101908494973],[41.989419719237929,34.363898109543236],[41.989608301149254,34.363790889042569],[41.989919866869641,34.363740576964489],[41.989978439944743,34.363968812739472]]]},"properties":{"OBJECTID":695,"Name":"خضراء","اسم_المؤسس":null,"Shape_Length":144.49367604413203,"Shape_Area":1227.4073305061293,"رقم_القطعة":null}},{"type":"Feature","id":697,"geometry":{"type":"Polygon","coordinates":[[[41.985978840516175,34.359463190247773],[41.985878925422902,34.359594344684481],[41.984985204058077,34.359126088290672],[41.985101363302491,34.358973687088053],[41.985273201597501,34.358759635362567],[41.985306651361647,34.358785756988148],[41.985445006029224,34.358902711110105],[41.985577669339008,34.359024118055551],[41.985704430125132,34.359149785593281],[41.985825093347401,34.359279516591556],[41.98593946597353,34.359413109362691],[41.985978840516175,34.359463190247773]]]},"properties":{"OBJECTID":697,"Name":"خضراء","اسم_المؤسس":null,"Shape_Length":264.85690255054146,"Shape_Area":3392.6892528409685,"رقم_القطعة":null}},{"type":"Feature","id":700,"geometry":{"type":"Polygon","coordinates":[[[41.978328985421726,34.349934458591093],[41.98019635016923,34.347729304931782],[41.980305871850312,34.347793155867052],[41.978490927468762,34.350025050060815],[41.978328985421726,34.349934458591093]]]},"properties":{"OBJECTID":700,"Name":"خضراء","اسم_المؤسس":null,"Shape_Length":628.17124392313747,"Shape_Area":4529.093782068303,"رقم_القطعة":null}},{"type":"Feature","id":701,"geometry":{"type":"Polygon","coordinates":[[[41.968940156932021,34.343298128753787],[41.968485199235367,34.344076439873255],[41.967996483944866,34.343879891249557],[41.96845144537712,34.343101581747547],[41.968940156932021,34.343298128753787]]]},"properties":{"OBJECTID":701,"Name":"خضراء","اسم_المؤسس":null,"Shape_Length":291.99981517237205,"Shape_Area":4799.9927964239378,"رقم_القطعة":null}},{"type":"Feature","id":702,"geometry":{"type":"Polygon","coordinates":[[[41.973094297804202,34.344968696956983],[41.972791013989102,34.345487579767486],[41.972165435952363,34.345236020593362],[41.972468722924205,34.34471713826224],[41.973094297804202,34.344968696956983]]]},"properties":{"OBJECTID":702,"Name":"خضراء","اسم_المؤسس":null,"Shape_Length":256.00000992212102,"Shape_Area":4096.0003175042411,"رقم_القطعة":null}},{"type":"Feature","id":703,"geometry":{"type":"Polygon","coordinates":[[[41.968321080941429,34.345452364001865],[41.968411715767452,34.345669053904004],[41.967834731997527,34.345437010736994],[41.967920040083364,34.345291077842539],[41.968321080941429,34.345452364001865]]]},"properties":{"OBJECTID":703,"Name":"خضراء","اسم_المؤسس":null,"Shape_Length":143.51470226777451,"Shape_Area":900.52840316678203,"رقم_القطعة":null}},{"type":"Feature","id":704,"geometry":{"type":"Polygon","coordinates":[[[41.971971152343819,34.345898868054846],[41.971890464843675,34.346036911379116],[41.971653650817125,34.345470796487817],[41.971839629468128,34.345545583354017],[41.971756165737411,34.345688375895072],[41.97181854594411,34.345837501029031],[41.971971152343819,34.345898868054846]]]},"properties":{"OBJECTID":704,"Name":"خضراء","اسم_المؤسس":null,"Shape_Length":153.30235110015207,"Shape_Area":342.47704505883081,"رقم_القطعة":null}},{"type":"Feature","id":705,"geometry":{"type":"Polygon","coordinates":[[[41.968607943734604,34.346138194872523],[41.968723904270583,34.346415431533202],[41.968498800767264,34.34632490447575],[41.968607943734604,34.346138194872523]]]},"properties":{"OBJECTID":705,"Name":"خضراء","اسم_المؤسس":null,"Shape_Length":78.627461493835909,"Shape_Area":265.17756964539308,"رقم_القطعة":null}},{"type":"Feature","id":706,"geometry":{"type":"Polygon","coordinates":[[[41.968779145522277,34.346547499573596],[41.968885035459643,34.346800656222484],[41.9686794818954,34.346717992079832],[41.968779145522277,34.346547499573596]]]},"properties":{"OBJECTID":706,"Name":"خضراء","اسم_المؤسس":null,"Shape_Length":71.798216781358477,"Shape_Area":221.11385381007636,"رقم_القطعة":null}},{"type":"Feature","id":707,"geometry":{"type":"Polygon","coordinates":[[[41.972752564029221,34.346833903893362],[41.972525096038353,34.347223066100973],[41.972358663472605,34.347156141584698],[41.972116941513271,34.346578309054649],[41.972752564029221,34.346833903893362]]]},"properties":{"OBJECTID":707,"Name":"خضراء","اسم_المؤسس":null,"Shape_Length":197.93544616490504,"Shape_Area":1969.2761370056432,"رقم_القطعة":null}},{"type":"Feature","id":708,"geometry":{"type":"Polygon","coordinates":[[[41.966857232144164,34.347026545344818],[41.96658234004061,34.347496771752141],[41.966015410440107,34.347268767065529],[41.966290305161905,34.346798541792076],[41.966857232144164,34.347026545344818]]]},"properties":{"OBJECTID":708,"Name":"خضراء","اسم_المؤسس":null,"Shape_Length":232.00006141352455,"Shape_Area":3364.001780992447,"رقم_القطعة":null}},{"type":"Feature","id":709,"geometry":{"type":"Polygon","coordinates":[[[41.975206737022937,34.344576510458751],[41.973443938608995,34.347592539037734],[41.973248438890522,34.347513928137502],[41.975011244182717,34.344497902038633],[41.975206737022937,34.344576510458751]]]},"properties":{"OBJECTID":709,"Name":"خضراء","اسم_المؤسس":null,"Shape_Length":784.00008028873594,"Shape_Area":7440.0087711067936,"رقم_القطعة":null}},{"type":"Feature","id":710,"geometry":{"type":"Polygon","coordinates":[[[41.971255604910205,34.348775296463785],[41.970971254999824,34.349261747248548],[41.970482503558323,34.349065209683118],[41.970766855836104,34.348578760809986],[41.971255604910205,34.348775296463785]]]},"properties":{"OBJECTID":710,"Name":"خضراء","اسم_المؤسس":null,"Shape_Length":219.99997727832405,"Shape_Area":2999.9991016646363,"رقم_القطعة":null}},{"type":"Feature","id":712,"geometry":{"type":"Polygon","coordinates":[[[41.991188139612383,34.379492200929889],[41.99029509323038,34.380336731867686],[41.990149011680522,34.380230854340041],[41.991040507563312,34.379385327588118],[41.991188139612383,34.379492200929889]]]},"properties":{"OBJECTID":712,"Name":"خضراء","اسم_المؤسس":null,"Shape_Length":285.19141851155729,"Shape_Area":2236.8327153865639,"رقم_القطعة":null}},{"type":"Feature","id":714,"geometry":{"type":"Polygon","coordinates":[[[41.989083446393799,34.380896687027629],[41.988546698573153,34.381405734486563],[41.988341102385768,34.381256285137468],[41.988878735640007,34.380747881244915],[41.989083446393799,34.380896687027629]]]},"properties":{"OBJECTID":714,"Name":"خضراء","اسم_المؤسس":null,"Shape_Length":200.29959594872111,"Shape_Area":1884.0658524321414,"رقم_القطعة":null}},{"type":"Feature","id":715,"geometry":{"type":"Polygon","coordinates":[[[41.98673631520937,34.381407828440366],[41.986986249644289,34.38158951451318],[41.986702272694082,34.381440017541401],[41.98673631520937,34.381407828440366]]]},"properties":{"OBJECTID":715,"Name":"خضراء","اسم_المؤسس":null,"Shape_Length":66.292280367586343,"Shape_Area":72.666272683615432,"رقم_القطعة":null}},{"type":"Feature","id":719,"geometry":{"type":"Polygon","coordinates":[[[41.985302398169971,34.383319758122688],[41.985049667431149,34.383558725117908],[41.985035935820918,34.383484044967673],[41.984951281207508,34.383172368838828],[41.985004389090591,34.383103125538263],[41.985302398169971,34.383319758122688]]]},"properties":{"OBJECTID":719,"Name":"خضراء","اسم_المؤسس":null,"Shape_Length":124.69391242944809,"Shape_Area":772.35161578392785,"رقم_القطعة":null}},{"type":"Feature","id":720,"geometry":{"type":"Polygon","coordinates":[[[41.986635154232189,34.383218852297205],[41.986067733903361,34.383756949609854],[41.985890719252183,34.383628274641538],[41.9863280944531,34.383057205290314],[41.986635154232189,34.383218852297205]]]},"properties":{"OBJECTID":720,"Name":"خضراء","اسم_المؤسس":null,"Shape_Length":209.53909623780544,"Shape_Area":2115.6502839334471,"رقم_القطعة":"18152"}},{"type":"Feature","id":721,"geometry":{"type":"Polygon","coordinates":[[[41.985416062636155,34.384067024908092],[41.985195495557107,34.384275577299547],[41.985096944699741,34.383835050848745],[41.985416062636155,34.384067024908092]]]},"properties":{"OBJECTID":721,"Name":"خضراء","اسم_المؤسس":null,"Shape_Length":119.56413029019373,"Shape_Area":601.10822272798146,"رقم_القطعة":null}},{"type":"Feature","id":722,"geometry":{"type":"Polygon","coordinates":[[[41.98472349373688,34.38467445127047],[41.984858355060737,34.385319630758133],[41.984739444871963,34.385233192589077],[41.984406174370655,34.384990928640669],[41.984641589983646,34.384768339232046],[41.984661664962296,34.384749358065243],[41.984580661891322,34.384690474601115],[41.984495729316109,34.384628735853482],[41.984592822383114,34.384536664866587],[41.984677841359421,34.384456043252591],[41.98472349373688,34.38467445127047]]]},"properties":{"OBJECTID":722,"Name":"خضراء","اسم_المؤسس":null,"Shape_Length":234.0365185870067,"Shape_Area":1586.7833735193981,"رقم_القطعة":null}},{"type":"Feature","id":726,"geometry":{"type":"Polygon","coordinates":[[[41.985650141173835,34.38483572363748],[41.985369635445622,34.385100950136987],[41.985254853251263,34.384548383691474],[41.985650141173835,34.38483572363748]]]},"properties":{"OBJECTID":726,"Name":"خضراء","اسم_المؤسس":null,"Shape_Length":149.75463861068965,"Shape_Area":946.91312034802786,"رقم_القطعة":null}},{"type":"Feature","id":727,"geometry":{"type":"Polygon","coordinates":[[[41.988158815918055,34.377516311525198],[41.987166890401966,34.378662528248476],[41.987046852809257,34.378573028745016],[41.988158670836263,34.377516206002717],[41.988158815918055,34.377516311525198]]]},"properties":{"OBJECTID":727,"Name":"خضراء","اسم_المؤسس":null,"Shape_Length":327.09526071967969,"Shape_Area":1157.3576825344089,"رقم_القطعة":null}},{"type":"Feature","id":728,"geometry":{"type":"Polygon","coordinates":[[[41.988684256464857,34.376878297821555],[41.988612497043171,34.376826134307777],[41.988887103314475,34.376571725001078],[41.988684256464857,34.376878297821555]]]},"properties":{"OBJECTID":728,"Name":"خضراء","اسم_المؤسس":null,"Shape_Length":85.485132603451163,"Shape_Area":166.3821255794366,"رقم_القطعة":null}},{"type":"Feature","id":729,"geometry":{"type":"Polygon","coordinates":[[[41.983618889944907,34.384807656572356],[41.984031253842645,34.384416627746141],[41.984095643740474,34.384463435542735],[41.983683709059854,34.384854056595209],[41.983618889944907,34.384807656572356]]]},"properties":{"OBJECTID":729,"Name":"خضراء","اسم_المؤسس":null,"Shape_Length":130.99474276505859,"Shape_Area":454.01688863079698,"رقم_القطعة":null}},{"type":"Feature","id":730,"geometry":{"type":"Polygon","coordinates":[[[41.985453447063946,34.385406901840504],[41.985436395176635,34.385422315532765],[41.985429590751608,34.385389560264514],[41.985453447063946,34.385406901840504]]]},"properties":{"OBJECTID":730,"Name":"خضراء","اسم_المؤسس":null,"Shape_Length":8.9296845207339022,"Shape_Area":3.3875787255778498,"رقم_القطعة":null}},{"type":"Feature","id":738,"geometry":{"type":"Polygon","coordinates":[[[41.985644160968732,34.380431371885699],[41.985398238201043,34.380728786014124],[41.985138071588722,34.380591085335041],[41.985510479547436,34.380360617658575],[41.985644160968732,34.380431371885699]]]},"properties":{"OBJECTID":738,"Name":"خضراء","اسم_المؤسس":null,"Shape_Length":125.78101589587696,"Shape_Area":859.93679275215402,"رقم_القطعة":"18147"}},{"type":"Feature","id":739,"geometry":{"type":"Polygon","coordinates":[[[41.98859494582387,34.379463966937287],[41.988453446870068,34.379597774349769],[41.987700208403041,34.379050221009592],[41.988460819565645,34.37816820456905],[41.988657666230864,34.378311299419856],[41.987941251917505,34.37898877645307],[41.98859494582387,34.379463966937287]]]},"properties":{"OBJECTID":739,"Name":"خضراء","اسم_المؤسس":null,"Shape_Length":436.36567164924986,"Shape_Area":3751.9369792635607,"رقم_القطعة":null}},{"type":"Feature","id":740,"geometry":{"type":"Polygon","coordinates":[[[41.984953669572292,34.381266441874217],[41.984534125386347,34.381773821565396],[41.98534644061732,34.385503631473654],[41.985107427965566,34.385719691156353],[41.984176537929905,34.381258608967862],[41.984143004319463,34.381098167008545],[41.984319401324996,34.380931145474243],[41.984447176355893,34.380998298098604],[41.984445860136049,34.380999564228659],[41.984953669572292,34.381266441874217]]]},"properties":{"OBJECTID":740,"Name":"خضراء","اسم_المؤسس":null,"Shape_Length":1136.0960913929687,"Shape_Area":14650.081003090556,"رقم_القطعة":"18145"}},{"type":"Feature","id":743,"geometry":{"type":"Polygon","coordinates":[[[41.988614762376734,34.376983324405096],[41.988597597834712,34.377009267662544],[41.988596634935902,34.377010377370979],[41.98825262889747,34.377406158667384],[41.988103461579627,34.377297723598616],[41.988518420862967,34.376913289508593],[41.988614762376734,34.376983324405096]]]},"properties":{"OBJECTID":743,"Name":"خضراء","اسم_المؤسس":null,"Shape_Length":144.88744189780263,"Shape_Area":871.09524674492195,"رقم_القطعة":null}},{"type":"Feature","id":746,"geometry":{"type":"Polygon","coordinates":[[[41.9940974389338,34.370905799592002],[41.99398138671156,34.370941397491208],[41.993944586648283,34.370807213813933],[41.994066414395775,34.370785233326011],[41.9940974389338,34.370905799592002]]]},"properties":{"OBJECTID":746,"Name":"خضراء","اسم_المؤسس":null,"Shape_Length":51.817657338340993,"Shape_Area":164.71905989676719,"رقم_القطعة":null}},{"type":"Feature","id":753,"geometry":{"type":"Polygon","coordinates":[[[41.993874170649072,34.377353659084825],[41.993906476324923,34.37739438313524],[41.993932893530605,34.3774391518321],[41.993952923338142,34.377487119652407],[41.993966187455015,34.377537380652974],[41.993972435368768,34.37758898558053],[41.993971549078324,34.377640959799756],[41.993951239436662,34.377690505250996],[41.993925360464658,34.377737382879893],[41.993894256357279,34.377780969205588],[41.993858340804721,34.377820684522128],[41.993818091490283,34.377856000608695],[41.993547022408826,34.377650901544833],[41.993874170649072,34.377353659084825]]]},"properties":{"OBJECTID":753,"Name":"خضراء","اسم_المؤسس":null,"Shape_Length":140.3245155472091,"Shape_Area":1186.7819864624053,"رقم_القطعة":null}},{"type":"Feature","id":756,"geometry":{"type":"Polygon","coordinates":[[[41.978697396389499,34.378987228399453],[41.978882923589232,34.379086982430387],[41.978499816162206,34.379239834093781],[41.978175716163214,34.379369142521568],[41.978161488188924,34.379373587218453],[41.97814628641698,34.379373821631461],[41.978131868944111,34.379369818650439],[41.978119903161996,34.379362041223139],[41.978111772921558,34.379351388814747],[41.978108418489413,34.379339093383912],[41.978110227805821,34.379326576905477],[41.978116991620027,34.379315286917944],[41.978226701161525,34.379175024489022],[41.978697396389499,34.378987228399453]]]},"properties":{"OBJECTID":756,"Name":"خضراء","اسم_المؤسس":null,"Shape_Length":170.43806719644388,"Shape_Area":1137.2824862259313,"رقم_القطعة":null}},{"type":"Feature","id":757,"geometry":{"type":"Polygon","coordinates":[[[41.978697396389499,34.378987228399453],[41.978226701161525,34.379175024489022],[41.978381442998639,34.378977188356302],[41.978469452951607,34.37886466821287],[41.978697396389499,34.378987228399453]]]},"properties":{"OBJECTID":757,"Name":"خضراء","اسم_المؤسس":null,"Shape_Length":114.12262846849541,"Shape_Area":513.18749198487001,"رقم_القطعة":null}},{"type":"Feature","id":758,"geometry":{"type":"Polygon","coordinates":[[[41.991886565514136,34.371344310488603],[41.991899786711151,34.371401837210549],[41.991937759884479,34.371422745148756],[41.991742641236748,34.371666555510906],[41.991561163046562,34.371567421348487],[41.991471490782345,34.371680276744108],[41.991290013968801,34.371581143037922],[41.991139989166861,34.371505146338755],[41.991134969623083,34.371479893229356],[41.991886565514136,34.371344310488603]]]},"properties":{"OBJECTID":758,"Name":"خضراء","اسم_المؤسس":null,"Shape_Length":187.97722126791413,"Shape_Area":1453.2489458799723,"رقم_القطعة":null}},{"type":"Feature","id":759,"geometry":{"type":"Polygon","coordinates":[[[41.992028281530935,34.371472586369087],[41.992146480181461,34.371537666104231],[41.99133914836294,34.372552872764473],[41.991333903181072,34.372556381704257],[41.991328154088066,34.372558984110995],[41.991322056376511,34.372560609689351],[41.991315774755755,34.372561214529739],[41.991309478902842,34.372560782294407],[41.991303338879263,34.372559324658766],[41.991297520537287,34.372556880995973],[41.991233578650196,34.372521952443954],[41.991230027710877,34.372520022982172],[41.991226844309502,34.372517533414239],[41.991224115925917,34.372514552153469],[41.991221917536066,34.372511161124883],[41.9912203095517,34.372507453513919],[41.991219336160206,34.372503531205695],[41.991219024110386,34.37249950198521],[41.991219381977352,34.372495476575416],[41.991220399926938,34.372491565594537],[41.991222049985886,34.372487876516296],[41.991224286810592,34.372484510716532],[41.992028281530935,34.371472586369087]]]},"properties":{"OBJECTID":759,"Name":"خضراء","اسم_المؤسس":null,"Shape_Length":298.45137707074139,"Shape_Area":1787.289716264107,"رقم_القطعة":"11799"}},{"type":"Feature","id":760,"geometry":{"type":"Polygon","coordinates":[[[41.992816111854438,34.376903668307421],[41.992701880703642,34.377003973612766],[41.992306828458808,34.376694685123638],[41.99242105760878,34.376594382035023],[41.992816111854438,34.376903668307421]]]},"properties":{"OBJECTID":760,"Name":"خضراء","اسم_المؤسس":null,"Shape_Length":130.62260887574811,"Shape_Area":765.56407525750478,"رقم_القطعة":null}},{"type":"Feature","id":761,"geometry":{"type":"Polygon","coordinates":[[[41.976873072388663,34.356154430886335],[41.976852235102797,34.356586568987368],[41.976363735948226,34.356570367369926],[41.976355271010618,34.356569531350594],[41.976347068645239,34.356567607267493],[41.97633933054825,34.356564643394769],[41.976332246212742,34.356560711739796],[41.976325990820527,34.35655590989731],[41.976320718503374,34.356550354903561],[41.976316559148799,34.356544185116924],[41.976313613705805,34.356537550416682],[41.976311956516099,34.35653061665321],[41.976311628320431,34.356523552297418],[41.976328126948339,34.356181442919244],[41.976329328437956,34.356173653575013],[41.976332142312501,34.356166155806065],[41.976336484231801,34.356159177013382],[41.97634222041448,34.356152929575842],[41.976349178242572,34.35614760338116],[41.976357146038531,34.356143359521504],[41.976365880603169,34.356140328307347],[41.976375116702329,34.356138600924012],[41.97638457466855,34.356138229246795],[41.976873072388663,34.356154430886335]]]},"properties":{"OBJECTID":761,"Name":"خضراء","اسم_المؤسس":null,"Shape_Length":191.6899667203372,"Shape_Area":2389.0909446986579,"رقم_القطعة":"9393"}},{"type":"Feature","id":762,"geometry":{"type":"Polygon","coordinates":[[[41.989354460794679,34.374161425233183],[41.989464133995831,34.374219593147721],[41.989564277347334,34.374272707307924],[41.98966441526283,34.374325817909352],[41.989749674856341,34.374371037288562],[41.989844297288599,34.374421222376228],[41.989924130009463,34.374463563682838],[41.99000403370097,34.374505941959043],[41.990094634333914,34.374553994249482],[41.990196797256679,34.374608178005232],[41.990022717087761,34.374836717461385],[41.989918973921462,34.374781695154738],[41.989828374241739,34.374733643617191],[41.989748470404741,34.374691265234169],[41.989668636452336,34.37464892384736],[41.989574010525203,34.374598736911643],[41.989488756303395,34.374553519987494],[41.989388613764788,34.374500406656558],[41.989288472435327,34.374447293209982],[41.989178800120641,34.374389125122242],[41.989069126867264,34.374330956954175],[41.989244788827165,34.374103257185219],[41.989354460794679,34.374161425233183]]]},"properties":{"OBJECTID":762,"Name":"خضراء","اسم_المؤسس":null,"Shape_Length":268.17322011403184,"Shape_Area":3122.5902600714294,"رقم_القطعة":null}},{"type":"Feature","id":763,"geometry":{"type":"Polygon","coordinates":[[[41.981257100970083,34.371371370720951],[41.981294154818947,34.371390949669461],[41.981100580994216,34.371642826836563],[41.981188687019255,34.371813131327521],[41.981190556682478,34.371816745395833],[41.981118331918211,34.371739491089834],[41.98109670856536,34.371708062105498],[41.981079448126991,34.3716663437351],[41.98107269440203,34.371638729294595],[41.981076817068107,34.371607254955215],[41.98109449070806,34.371584072073823],[41.981257100970083,34.371371370720951]]]},"properties":{"OBJECTID":763,"Name":"خضراء","اسم_المؤسس":null,"Shape_Length":115.59201154761122,"Shape_Area":179.8658838006443,"رقم_القطعة":null}},{"type":"Feature","id":765,"geometry":{"type":"Polygon","coordinates":[[[41.983162428244555,34.380325547242336],[41.983298835944609,34.380394108497882],[41.983396169464342,34.38044455411881],[41.983328868643483,34.380508261467007],[41.983124640885627,34.380359954924444],[41.983162428244555,34.380325547242336]]]},"properties":{"OBJECTID":765,"Name":"خضراء","اسم_المؤسس":null,"Shape_Length":64.787627656575566,"Shape_Area":182.79448995751034,"رقم_القطعة":"12265"}},{"type":"Feature","id":775,"geometry":{"type":"Polygon","coordinates":[[[41.940836072713026,34.3520648184682],[41.935486836550133,34.34750762179052],[41.935814993701129,34.346528662740624],[41.936701535898329,34.345977917831689],[41.942379412877465,34.350806597347479],[41.940836072713026,34.3520648184682]]]},"properties":{"OBJECTID":775,"Name":"خضراء","اسم_المؤسس":null,"Shape_Length":1868.3954973958662,"Shape_Area":148144.39462562039,"رقم_القطعة":null}},{"type":"Feature","id":781,"geometry":{"type":"Polygon","coordinates":[[[41.961321400779383,34.379746125512625],[41.961282733000274,34.379749041476884],[41.9612419968891,34.379752036365701],[41.961201664730055,34.379754925008541],[41.961161324407129,34.379757736315739],[41.961120977070166,34.379760472062188],[41.961080621601255,34.379763131373579],[41.961040259055082,34.379765713322961],[41.961000066335131,34.379768209119334],[41.96095951285821,34.379770648738173],[41.960919130294023,34.379773002177657],[41.96087874065298,34.379775278255082],[41.960838345084923,34.379777478745396],[41.960797943526508,34.379779601847325],[41.960757537095851,34.37978164843517],[41.960717123620498,34.379783618561532],[41.960676706359386,34.379785512147514],[41.960636283140083,34.379787329245673],[41.960595855048965,34.379789069829719],[41.960555422086145,34.37979073389964],[41.960514984251724,34.379792321455426],[41.960474543686644,34.379793831543815],[41.960434097195645,34.379795266044987],[41.960393647974172,34.379796623078747],[41.960353194967851,34.379797903572054],[41.96031273926301,34.379799107498563],[41.960272278687235,34.379800234910867],[41.960231816499451,34.379801285730075],[41.960191350527218,34.379802260008745],[41.960150882943196,34.379803157694319],[41.960110412629504,34.379803977912431],[41.960069939649692,34.379804722464321],[41.9600294650267,34.379805389522438],[41.959988988792368,34.379805979987417],[41.959948510946788,34.379806493859228],[41.959908031490073,34.379806931137878],[41.95986755150863,34.37980729179705],[41.959827070970832,34.37980757493613],[41.959786588853952,34.379807782382635],[41.959746106180944,34.379807912309033],[41.959705624101623,34.379807966490255],[41.959665141466388,34.379807943151363],[41.959624659393356,34.37980784316666],[41.959584176828059,34.379807667463083],[41.959543695879738,34.379807414186786],[41.959503215493946,34.379807084264641],[41.95946273567079,34.379806677696692],[41.959422202033345,34.379806193996245],[41.959381779885362,34.379805634570715],[41.959341304977883,34.379804997085763],[41.95930083175147,34.379804283829316],[41.959260360174518,34.379803493900724],[41.959219891333419,34.379802627273712],[41.959179424142,34.379801683974563],[41.959138960772925,34.379800663950668],[41.95909850014003,34.379799567228346],[41.959058042243413,34.379798393807597],[41.95901758708321,34.379797143688386],[41.958977136832075,34.379795816818159],[41.958936689317554,34.379794413249478],[41.95889624562605,34.379792932956057],[41.958855806875647,34.37979137681225],[41.958815371916756,34.379789743043055],[41.958774942985464,34.379788033397176],[41.95873451679136,34.379786247052856],[41.958694096593362,34.379784383931195],[41.958653682391585,34.37978244403223],[41.958613273099857,34.379780427382229],[41.958572868750011,34.379778334881806],[41.958532471482989,34.379776165577809],[41.958492079126366,34.379773919522769],[41.958451693852794,34.379771596664114],[41.958411314607808,34.37976919792878],[41.958370942446088,34.379766722389853],[41.958330577399451,34.379764170947951],[41.958290218318339,34.379761541828103],[41.958249867438802,34.379758836779011],[41.958209524760946,34.379756055800677],[41.958169189166924,34.379753198018733],[41.958128861743091,34.379750263406926],[41.958088541435018,34.379747252892166],[41.958048230383653,34.379744165521252],[41.958007928620788,34.379741002194827],[41.957967635060271,34.379737762939179],[41.95792735075679,34.379734446827392],[41.957887075710453,34.379731053859459],[41.957846522067754,34.37972756035127],[41.957806553484737,34.379724040057106],[41.95776630739185,34.379720419196403],[41.957726070556554,34.379716721479596],[41.957685845183178,34.379712947754733],[41.957645629099318,34.379709098074422],[41.957605424445909,34.379705171485412],[41.957565231254769,34.37970116888841],[41.957525048439727,34.379697090309648],[41.957484877087168,34.379692935722865],[41.957444718283462,34.37968870510182],[41.957404569856187,34.379684398499052],[41.957364433946303,34.379680014961359],[41.957324310617309,34.37967555629006],[41.957284198751331,34.379671021610761],[41.957244100489348,34.379666409970312],[41.957204014808575,34.379661723196264],[41.957163941677422,34.379656960387969],[41.957123882182273,34.379652121519179],[41.957083835236972,34.379647206616163],[41.957043803045842,34.379642216527017],[41.957003784491057,34.379637150377398],[41.956963779572689,34.379632008167313],[41.956923789377157,34.3796267898705],[41.956883813936244,34.3796214963876],[41.956843852132081,34.379616126844255],[41.956803906137331,34.379610681187927],[41.956763974897527,34.379605160345541],[41.956724059467341,34.379599563390201],[41.956684158792299,34.379593891248824],[41.956644273958801,34.379588143895127],[41.956604406021505,34.37958232040225],[41.956564552839687,34.379576421723357],[41.956524717640583,34.379570446879015],[41.956484898315104,34.379564397723044],[41.956445094799996,34.379558272454197],[41.956405309267929,34.379552071019937],[41.956365540696069,34.379545795247829],[41.956325790139147,34.379539444210955],[41.956286056479279,34.379533017034987],[41.956246641586603,34.379526565012327],[41.956206643236733,34.37951993778951],[41.956166963654262,34.379513285720037],[41.956127303173503,34.379506558359594],[41.956087660708306,34.379499755734493],[41.956048037345013,34.379492877818464],[41.956008431997489,34.379485924637784],[41.95596884687005,34.37947889704057],[41.95592928193112,34.379471794126218],[41.955889736094534,34.37946461592098],[41.955850209392061,34.379457363325521],[41.955810703964694,34.379450035386689],[41.955771217671646,34.379442633057671],[41.955731752685573,34.379435156285943],[41.955692308974903,34.379427604170886],[41.95565288545346,34.379419976738795],[41.955613482184702,34.379412275790926],[41.955574101277925,34.379404499473523],[41.955534741678647,34.379396648713502],[41.955495404473211,34.379388723484603],[41.955456088575467,34.379380723813107],[41.95541679507177,34.379372649672774],[41.955377523962255,34.379364501063627],[41.955338275246994,34.379356277985657],[41.955299048926101,34.379347980438908],[41.95525984608593,34.379339608397125],[41.955220665671995,34.379331162787246],[41.955181509825273,34.379322642656085],[41.955142377459588,34.379314048029968],[41.955103267520414,34.379305379835778],[41.955064183235038,34.379296637094136],[41.955025122430982,34.379287819857581],[41.954986086257975,34.379278929901126],[41.954947073566473,34.379269965449772],[41.954908086529173,34.379260926451082],[41.954869125177794,34.379251813805631],[41.954830188457841,34.379242628440387],[41.954791277392346,34.379233368527821],[41.954752390895152,34.379224034094207],[41.954713601419975,34.379214645022316],[41.954674697195699,34.379205146035837],[41.95463588996197,34.379195591510502],[41.954597108446528,34.379185964239205],[41.954558354758653,34.379176262368212],[41.954519626789263,34.379166487751306],[41.954480926679302,34.379156639435379],[41.954442253374289,34.379146718347343],[41.954403606842625,34.379136723586569],[41.954364989256959,34.379126655100592],[41.954326398508165,34.379116514743188],[41.954287835587628,34.379106299786251],[41.95424930167669,34.379096012905435],[41.954210796712132,34.379085652299494],[41.954172319671081,34.379075219795986],[41.954133871576587,34.379064713567416],[41.954095452460415,34.379054134514412],[41.954057062322647,34.379043482637023],[41.954018702281303,34.379032758809643],[41.953980372273158,34.379021961231047],[41.95394207127535,34.379011091728778],[41.953903800374235,34.379000150276568],[41.953865560592874,34.378989135046979],[41.95382734982212,34.378978047893767],[41.953789171320857,34.37896688873824],[41.953751022885015,34.378955656732252],[41.953712905632592,34.378944352750231],[41.953674819563659,34.378932976792214],[41.953636764646681,34.37892152795758],[41.953598742031303,34.378910008021364],[41.953560750568045,34.37889841520861],[41.95352279140657,34.378886751294324],[41.953484864483677,34.378875014477281],[41.953446969862718,34.378863206558762],[41.953409108598422,34.378851326611951],[41.95337127960461,34.378839374663087],[41.95333348399928,34.378827351586601],[41.953295721750884,34.378815256481886],[41.953257991804868,34.378803090275838],[41.953220148938989,34.378790804194836],[41.953182635306298,34.378778543501788],[41.953145007636003,34.378766162059449],[41.953107414472612,34.378753710364037],[41.95306985578457,34.378741187514954],[41.953032331571961,34.378728593512228],[41.952994841834879,34.378715928355888],[41.952957387659652,34.378703192019721],[41.952919967960121,34.378690384529996],[41.952882583854262,34.378677506761136],[41.952845235310505,34.378664557812527],[41.952807923415229,34.378651537657987],[41.952770647113866,34.37863844722439],[41.952733406406516,34.378625286511785],[41.952696202379506,34.378612055493946],[41.95265903500129,34.378598753270289],[41.952621904303598,34.378585380741455],[41.952584811404385,34.378571938781889],[41.9525477551542,34.378558425616589],[41.952510735616421,34.378544843046853],[41.95247375381409,34.378531189245201],[41.952436809810578,34.37851746601293],[41.952399904692221,34.37850367332387],[41.95236303625493,34.378489810329839],[41.952326206671309,34.378475876978413],[41.952289415973077,34.378461874170299],[41.952252664160305,34.378447801905473],[41.952215950146822,34.378433660210241],[41.952179276105213,34.378419449032123],[41.95214264091765,34.378405167496808],[41.952106045733764,34.378390817379312],[41.952069489435722,34.378376397805305],[41.952032974196122,34.378361908722347],[41.951996497874156,34.378347351083548],[41.951960062610773,34.378332723935863],[41.95192366735143,34.378318028206188],[41.951887312064564,34.378303262993924],[41.951850997868142,34.378288429173487],[41.951814724762237,34.378273526744941],[41.951778142994279,34.378258410012208],[41.951742302876902,34.378243515136752],[41.951706154129234,34.378228406857815],[41.951670047558643,34.37821322994467],[41.951633982078917,34.378197984423558],[41.951597958808023,34.37818267116895],[41.951561978800669,34.378167289254002],[41.95152603991604,34.378151839631833],[41.951490144295072,34.378136321349395],[41.951454291969469,34.378120735307384],[41.951418481853061,34.37810508153202],[41.951382716118403,34.3780893599709],[41.951346992593066,34.37807357067652],[41.951311313449636,34.378057713596441],[41.951275678688162,34.378041788730748],[41.951240087222473,34.378025796105661],[41.951204539084237,34.378009736621856],[41.951169036446053,34.377993610226937],[41.951133578190095,34.377977416046519],[41.951098164348075,34.377961154981264],[41.95106279597465,34.377944826104361],[41.951027472046896,34.377928431243348],[41.950992193587894,34.37791196857075],[41.950956960660939,34.377895439887901],[41.950921773234484,34.377878844294173],[41.950886632394827,34.37786218176339],[41.950851537087409,34.377845453222463],[41.950816487280683,34.37782865777077],[41.950781485178823,34.377811796256594],[41.950746528577767,34.377794867831696],[41.950711619713303,34.377777874244998],[41.950676757436021,34.377760813721494],[41.950641941777612,34.377743687161818],[41.950607173855978,34.377726495440477],[41.950572453607954,34.377709236756196],[41.950537780010578,34.377691912936498],[41.950503155236419,34.377674523929009],[41.950468578167644,34.377657068859371],[41.950434049922215,34.377639548601998],[41.950399569382292,34.377621962282547],[41.950365309290966,34.377604399478528],[41.950330753718177,34.377586595007564],[41.95029641964873,34.377568813125293],[41.950262134434503,34.377550966956143],[41.950227899130191,34.377533055573295],[41.950193712649586,34.377515079003004],[41.950159576110615,34.377497038119728],[41.950125489513319,34.377478932923523],[41.950091452826143,34.377460762513785],[41.950057466080757,34.377442527791175],[41.950023529277203,34.377424228755743],[41.949989643533399,34.377405866281947],[41.949955808786179,34.377387438568569],[41.949922025098815,34.377368947416926],[41.949888291353474,34.377350391952611],[41.949854609722735,34.377331772123256],[41.949820979183599,34.377313089756392],[41.949787400759149,34.377294343024559],[41.949753873363171,34.37727553195402],[41.949720398145203,34.377256658319887],[41.949686975073661,34.377237721221533],[41.949653604148608,34.37721872065903],[41.949620286487935,34.377199657506836],[41.949587020973844,34.377180530890584],[41.949553807606357,34.377161340810275],[41.94952064858964,34.377142088114212],[41.949487541751253,34.377122772854833],[41.949454488177452,34.377103395005953],[41.949421488954542,34.377083954541447],[41.949388541910082,34.377064451513732],[41.949355650302856,34.377044885844263],[41.9493228119604,34.37702525758548],[41.949290028000611,34.37700556761186],[41.949257298423532,34.376985815923447],[41.949224623197587,34.376966001619628],[41.949192002386027,34.37694612650175],[41.94915943701195,34.376926188742345],[41.949126926020732,34.376906189268318],[41.949094470498665,34.376886128053521],[41.949062047129097,34.376865991237885],[41.949029727011563,34.376845822176783],[41.948997437960351,34.376825577541133],[41.948965205496293,34.376805272039292],[41.948933028501578,34.376784904796885],[41.94890090809406,34.3767644766884],[41.94886884427379,34.376743987713859],[41.948836837072399,34.376723438773951],[41.948804885372077,34.376702828994254],[41.9487729924316,34.376682158296255],[41.948741154992248,34.376661426758581],[41.948709375289759,34.376640636130141],[41.948677653260951,34.376619784609716],[41.948645988937471,34.376598873097983],[41.948614382319342,34.376577901594985],[41.948582833438167,34.376556871001398],[41.948551342230829,34.376535779516011],[41.948519909846752,34.376514628913917],[41.948488535199729,34.376493419221369],[41.948457219344462,34.376472149511592],[41.948425962344139,34.376450821585884],[41.9483947641356,34.376429433643032],[41.948363624750485,34.3764079865837],[41.948332545275051,34.376386480381747],[41.948301524654688,34.376364915964061],[41.948270563944028,34.376343292403824],[41.948239662088497,34.376321610627933],[41.948208821228995,34.376299869683422],[41.948178039224643,34.376278070523327],[41.948147318247948,34.376256213095317],[41.948116657244292,34.376234298326274],[41.948086056150501,34.376212324414993],[41.94805551720227,34.376190293110355],[41.948025037140901,34.376168204491023],[41.947994619193544,34.376146057577799],[41.947964262305554,34.376123853297578],[41.947933967531625,34.376101590723579],[41.947903732762462,34.3760792717095],[41.947873560138959,34.376056895302369],[41.947843254295734,34.376034315678034],[41.947813400274427,34.376011971235911],[41.947783414119648,34.3759894235505],[41.94775348905597,34.375966819399054],[41.947723627255868,34.375944158729233],[41.947693827633131,34.37592144156725],[41.947664090156195,34.375898667012521],[41.947634415974463,34.375875836840194],[41.947604805087963,34.375852951050305],[41.947575257465125,34.37583000874227],[41.947545773105951,34.375807009916116],[41.94751635207362,34.375783956373184],[41.947486994305002,34.375760846312225],[41.947457700949485,34.375737681508397],[41.947428470857695,34.375714460186636],[41.947399305179019,34.375691184122097],[41.947370203913486,34.375667853314795],[41.94734249503513,34.375645538169827],[41.930207104928783,34.363732127565306],[41.929331701302644,34.363226296701242],[41.929281343186034,34.363195392283089],[41.929232774786584,34.363161745090864],[41.929186145326931,34.36312545850295],[41.916741120707215,34.352845246114697],[41.916701362019495,34.352814591025428],[41.916663614295949,34.352782234498264],[41.916627983242556,34.352748267143831],[41.916594568637429,34.352712784083629],[41.916563464051436,34.352675884683578],[41.916534756586167,34.352637672275812],[41.916508526630032,34.352598253869225],[41.916484847633178,34.352557739849829],[41.91646378590184,34.352516243671623],[41.916445400412641,34.352473881538849],[41.916429742647537,34.352430772080552],[41.916416856449644,34.352387036018435],[41.916406777900534,34.352342795828662],[41.916399535219213,34.352298175399028],[41.916395148683165,34.352253299681863],[41.916393630571605,34.352208294344258],[41.916394985131141,34.35216328541604],[41.916399208563966,34.352118398936931],[41.916406289038498,34.352073760603531],[41.91641620672258,34.352029495417334],[41.916428933839093,34.35198572733475],[41.916444434743767,34.351942578919903],[41.916462666025026,34.351900171001489],[41.916483576625637,34.351858622334397],[41.916507107985723,34.351818049267138],[41.91653319420675,34.351778565416105],[41.916561762236135,34.351740281347396],[41.916592732071855,34.351703304267204],[41.91662601698647,34.351667737721627],[41.916661523770017,34.35163368130673],[41.9166991529911,34.351601230389662],[41.91673879927523,34.351570475841612],[41.929585170782872,34.340890263090813],[41.942428280075866,34.330208851966631],[41.942495811089074,34.330157237679948],[41.942522748536234,34.330138937597887],[41.942563763845577,34.330111973546629],[41.94260555457749,34.330084595115601],[41.942647400587205,34.330057275735761],[41.942689301843259,34.330030014506455],[41.942731259431326,34.330002811401485],[41.942773271243098,34.329975668274322],[41.942815338301273,34.329948583297472],[41.942857460637384,34.329921557371556],[41.94289963825144,34.329894590496501],[41.942941870057815,34.329867682698378],[41.942984157142206,34.329840833950982],[41.94302649841898,34.329814044280418],[41.943068893919644,34.329787314587243],[41.943111343612749,34.329760643970758],[41.943153848583982,34.329734032404779],[41.943196406693552,34.329707480842139],[41.943239019027139,34.329680989256666],[41.943281685553281,34.32965455674767],[41.943324405217872,34.329628184241805],[41.943367178020928,34.329601871739065],[41.943410005048122,34.329575619213287],[41.943452885213851,34.32954942669047],[41.943495818518159,34.329523294170585],[41.943538806046696,34.32949722162747],[41.943581844574084,34.329471210040069],[41.943624937325779,34.329445258429296],[41.943668082130543,34.329419366847368],[41.943711280105525,34.32939353616873],[41.94375453013366,34.329367765518782],[41.943797833332084,34.329342055772038],[41.943841187498087,34.329316406079997],[41.943884594865956,34.32929081819168],[41.943928054287113,34.329265290331847],[41.943971564738931,34.329239824327843],[41.944014963236498,34.329214513340531],[41.944058741834212,34.329189073305542],[41.94410240745507,34.329163790114542],[41.944146124075274,34.329138567878523],[41.944189892780493,34.32911340657126],[41.944233711430989,34.329088307145661],[41.944277582166578,34.329063268648696],[41.944321503933168,34.329038292007155],[41.944365475645164,34.329013377247044],[41.944409498356748,34.328988523441566],[41.944453571013824,34.328963731517433],[41.944497694702065,34.328939001448461],[41.944541868304391,34.328914332360078],[41.944586092969487,34.328889726027377],[41.944630366494614,34.328865181601941],[41.94467468996546,34.328840699057558],[41.944719063413572,34.328816279294813],[41.94476348677599,34.32879192051238],[41.944807959030143,34.328767624537605],[41.944852481261691,34.328743391344318],[41.944897052353568,34.328719220057941],[41.944941672337322,34.32869511157908],[41.944986342267121,34.328671064980867],[41.945031060003267,34.328647081216175],[41.945075826631424,34.328623160258829],[41.945120642151672,34.328599302108735],[41.945165506564017,34.328575506765887],[41.945210418782921,34.328551774256319],[41.945255378808419,34.328528104580002],[41.945300387726199,34.328504497710739],[41.945345444482179,34.328480954575248],[41.945390547927801,34.328457473398323],[41.945435700328858,34.328434056829579],[41.945480900505267,34.328410702193139],[41.945526147465991,34.328387412217054],[41.945571441148054,34.328364185099936],[41.945616782637138,34.328341020815635],[41.945662171964834,34.328317920264723],[41.945707606991405,34.328294884400059],[41.945753089825196,34.328271911368027],[41.945798618326485,34.328249002121503],[41.945844193580967,34.328226156634265],[41.945889815588707,34.328203374906309],[41.945935484349761,34.328180656937519],[41.945981198810053,34.328158003654679],[41.946026958938155,34.328135414157053],[41.946072764734133,34.328112888444593],[41.946118617315165,34.328090427391764],[41.946164514478554,34.328068030150135],[41.946210458427132,34.328045697568037],[41.946256446958188,34.328023428797025],[41.946302480103313,34.328001224737683],[41.946348558948181,34.327979085363857],[41.946394593719056,34.327957053400517],[41.946440851566159,34.327935000724722],[41.946487065307892,34.327913054558678],[41.946533322609902,34.327891174030839],[41.946579625611967,34.327869358188238],[41.946625972142925,34.327847607083072],[41.94667236328845,34.327825920689179],[41.946718797994535,34.327804299933277],[41.946765276229698,34.327782743914675],[41.946811799079626,34.327761252607154],[41.9468583654903,34.327739826937488],[41.946904975430272,34.327718466004953],[41.946951628931117,34.327697170710138],[41.946998324907298,34.327675941079164],[41.947045064412968,34.327654776185156],[41.947091847511231,34.327633677829375],[41.947138671967927,34.327612644262757],[41.947185539985824,34.327591676333611],[41.947232451565021,34.327570774041867],[41.947279404534349,34.327549937439798],[41.947326400011036,34.327529167401821],[41.947373436846483,34.327508462152736],[41.94742051727502,34.327487823441523],[41.947467639093986,34.327467250419751],[41.947514802334979,34.327446743988041],[41.94756200696655,34.327426303245666],[41.947609254074372,34.327405928166428],[41.947656541518832,34.327385619703243],[41.94770387038561,34.327365377829892],[41.947751240643264,34.327345201645677],[41.947798652323378,34.327325092051218],[41.947846104340449,34.327305049072578],[41.947893596694527,34.327285072709749],[41.9479411304713,34.32726516293647],[41.947988704553715,34.327245318878241],[41.948036317919311,34.32722554236247],[41.948083972707828,34.327205832436107],[41.948131666748147,34.32718618915144],[41.948179401125941,34.327166612482245],[41.948227174755687,34.327147102454646],[41.948274988754612,34.327127659943066],[41.948322840920035,34.327108284099126],[41.948370733454809,34.32708897577114],[41.948418665241839,34.327069734084532],[41.948466635227149,34.327050559966054],[41.948514645550503,34.32703145246272],[41.948562694072308,34.327012412527409],[41.948610780792649,34.326993440160102],[41.948658905680063,34.326974534460106],[41.948707069883291,34.326955697202465],[41.948755272253784,34.326936926612056],[41.94880351282314,34.326918223589416],[41.948851790505827,34.326899588160693],[41.948900101054157,34.32688102313243],[41.948948460499928,34.326862520906957],[41.948996851725909,34.326844089107993],[41.949045281151179,34.326825724876585],[41.949093746604611,34.326807428265006],[41.949142250257509,34.326789199220876],[41.949190789970281,34.326771038697132],[41.949239367882697,34.326752945740751],[41.949287980769569,34.326734921330804],[41.949336631887789,34.326716965388769],[41.949385319034697,34.32669907706628],[41.949434042210406,34.326681256363266],[41.949482801478048,34.326663505081008],[41.949531596774669,34.326645821418161],[41.949580428131888,34.326628206275302],[41.949629294464188,34.326610659678558],[41.949678197942859,34.326593181575561],[41.949727135279666,34.326575771144107],[41.94977610979457,34.326558430106935],[41.949825118199328,34.32654115764187],[41.949874161579629,34.326523953722692],[41.94992324102116,34.326506818323168],[41.949972354384386,34.32648975239627],[41.950021502691875,34.326472754114462],[41.950070684921251,34.326455825305167],[41.950119902158164,34.326438965942174],[41.9501691532856,34.326422175150981],[41.950218438303629,34.326405452931489],[41.950267757243914,34.326388800184361],[41.950317111160587,34.326372215982687],[41.950366497914104,34.326355701279432],[41.950415917504571,34.32633925607454],[41.950465370986102,34.326322879441165],[41.950514858421926,34.326306573180538],[41.950564377577834,34.326290335543675],[41.950613930625117,34.326274166478193],[41.950663516541375,34.326258067811487],[41.950713135295182,34.326242038642881],[41.950762785801004,34.326226078998538],[41.950812469144552,34.32621018885218],[41.950862185325924,34.326194368203808],[41.950911932174037,34.326178617105725],[41.950961711860181,34.326162935505508],[41.951011523330408,34.326147324329959],[41.951061366521706,34.326131781777732],[41.951111241528864,34.326116310550717],[41.951161148257292,34.326100907946959],[41.951211084599031,34.326085575820038],[41.951261053779405,34.326070313190733],[41.951311052573303,34.326055121038202],[41.951361083151994,34.326039999310012],[41.951411144398442,34.326024947131692],[41.951461235258719,34.326009965430003],[41.951511442813221,34.325995027766474],[41.951561510100426,34.325980211550338],[41.951611691942432,34.325965440325298],[41.951661904484283,34.325950739550528],[41.951712146608926,34.325936108351563],[41.951762418379587,34.325921548529607],[41.951812719733262,34.325907058283363],[41.95186305070159,34.325892638513416],[41.951913410230681,34.325878290146562],[41.951963799343098,34.325864011355279],[41.952014217016476,34.325849803967017],[41.952064664304956,34.325835667054896],[41.952115140123055,34.325821600645043],[41.952165644470881,34.325807604737442],[41.952216176262951,34.325793679358235],[41.952266737702118,34.325779825355632],[41.952317326585757,34.325766041881359],[41.952367942945543,34.325752329836007],[41.952418587804026,34.325738687392047],[41.952469260170453,34.325725117277564],[41.952519959981764,34.325711617691248],[41.952570687238101,34.325698188633027],[41.952621441971147,34.325684831003521],[41.952672223095405,34.325671544828914],[41.952723031665009,34.325658329182296],[41.952773866626075,34.325645184990464],[41.952824729064275,34.325632112227218],[41.952875617894144,34.32561911091868],[41.952926531998649,34.325606180190363],[41.952977473580624,34.325593320890491],[41.953028440469041,34.325580533071431],[41.953079433749565,34.325567816706929],[41.953130452336765,34.325555171823162],[41.953181497316308,34.325542598393866],[41.953232567602733,34.325530096445242],[41.953283663196174,34.325517665977223],[41.95333478301113,34.325505307015987],[41.953385929250487,34.325493020409716],[41.953437099680009,34.325480804409509],[41.953488295448587,34.325468660790413],[41.953539515439161,34.325456588677937],[41.953590759651846,34.32544458807206],[41.953642028118345,34.325432659873385],[41.953693321861174,34.325420802254378],[41.953744638804061,34.325409017969342],[41.953795979937937,34.325397304290128],[41.953847344240522,34.325385663044159],[41.953898732797491,34.325374094205202],[41.953950144491827,34.325362596898806],[41.954001579355221,34.325351172025549],[41.954053037356189,34.325339818684775],[41.954104518526471,34.325328537777082],[41.95415602283456,34.325317328401788],[41.954207730402693,34.325306152858175],[41.95425909878832,34.325295127002633],[41.954310671519799,34.325284134952483],[41.954362265218435,34.325273214487019],[41.954413882087074,34.325262366454439],[41.954465519954695,34.325251590907087],[41.954517179907,34.325240887818786],[41.954568861944111,34.325230257189439],[41.954620564948968,34.325219698144615],[41.954672290070462,34.32520921245937],[41.954724036159959,34.325198798358564],[41.954775803280739,34.325188457643449],[41.954827591369785,34.325178188512744],[41.95487940049037,34.325167992767668],[41.954931229525471,34.325157869533747],[41.954983079529157,34.32514781788413],[41.955034950564787,34.325137839620041],[41.955086840461313,34.325127934793898],[41.955138751326814,34.325118101551944],[41.955190682107421,34.325108340821025],[41.955242632834889,34.325098653501719],[41.955294602392158,34.325089038719589],[41.955346591896507,34.325079497349016],[41.955398601284884,34.325070027588701],[41.955450629535036,34.325060631266091],[41.9555026766471,34.325051308381184],[41.955554742589577,34.325042058033297],[41.955606827362601,34.325032880222395],[41.955658929912346,34.325023775875316],[41.95571105237844,34.325014744038938],[41.955763192621511,34.325005785666328],[41.95581535061006,34.324996899856799],[41.955867526375826,34.324988087510974],[41.955919720972894,34.324979347701955],[41.955971932261861,34.324970681382815],[41.956024161328436,34.324962088527286],[41.956076408141129,34.32495356823469],[41.956128672731666,34.324945121405655],[41.956180954014613,34.324936748066385],[41.956233251990106,34.324928448216824],[41.956285566626661,34.324920220956322],[41.956337897956004,34.32491206718548],[41.956390245946665,34.324903986003662],[41.956442610662002,34.32489597921208],[41.956494990953345,34.324888045035671],[41.956547386852428,34.324880184375054],[41.956599799444952,34.324872397203954],[41.956652228731059,34.324864683522385],[41.956704672539736,34.324857043382728],[41.956757131956678,34.324849476758764],[41.956809605896453,34.324841983676677],[41.956862096498703,34.32483456318333],[41.956914600570094,34.32482721715872],[41.956967400273463,34.324819905432186],[41.957019655507764,34.324812744755505],[41.957072204234791,34.324805619329993],[41.957124767485432,34.324798567446202],[41.957177345259829,34.324791589104116],[41.957229937558104,34.324784684303708],[41.957282543294816,34.324777853071197],[41.957335162470109,34.324771095406554],[41.957387796201317,34.32476441218413],[41.957440442285787,34.32475780255578],[41.957493102863182,34.324751265568352],[41.957545775825743,34.324744803075561],[41.957598462259178,34.324738415051144],[41.957651162100355,34.324732099693819],[41.957703874327109,34.324725858831073],[41.957756598907928,34.324719691562237],[41.957809335842967,34.324713597887275],[41.957862085163974,34.324707578706835],[41.957914847925025,34.324701633094001],[41.95796762086956,34.324695761127451],[41.958020406168842,34.324689962754732],[41.958073203854632,34.324684238876408],[41.958126012841504,34.324678589518733],[41.958178833066334,34.324673012880382],[41.958231664592518,34.324667510762616],[41.958284507420181,34.324662083165435],[41.958337361517842,34.32465672918817],[41.958390225800059,34.324651448857026],[41.958443100298609,34.324646243072635],[41.958495986067568,34.324641110908118],[41.958548882053122,34.324636053290291],[41.958601788223774,34.324631069318514],[41.958654704611313,34.32462615989342],[41.958707631215866,34.324621325014995],[41.958760566888721,34.32461656290814],[41.958813511724941,34.324611876274808],[41.958866466746954,34.324607263287405],[41.958919431954882,34.324602723945965],[41.958972405209373,34.324598259203569],[41.959025387596157,34.32459386903394],[41.959078379083699,34.324589552536459],[41.959131378618224,34.324585310637957],[41.959184387253799,34.32458114241156],[41.95923740393664,34.324577048784136],[41.959290429752429,34.324573029729393],[41.959343462498559,34.324569084399201],[41.959396504377928,34.324565213641662],[41.959449553187895,34.324561416608631],[41.959502610045817,34.324557694174466],[41.959555673866269,34.324554046365414],[41.959608745734954,34.32455047315522],[41.959661823449224,34.324546973695718],[41.959714909212025,34.324543548835017],[41.959768001906241,34.324540197698731],[41.959820870656081,34.324536935786909],[41.959874208216135,34.324533720201892],[41.959927319597668,34.324530592092515],[41.959980439060047,34.324527539482524],[41.960033563283453,34.324524560649387],[41.960086694470753,34.324521656441192],[41.960139831504918,34.324518825983567],[41.96019297336381,34.324516071104021],[41.960246121069822,34.32451338997501],[41.960299274654751,34.324510783497139],[41.960352433001525,34.324508250796036],[41.960405596173594,34.324505793672984],[41.960458765193337,34.324503410300395],[41.960511937921439,34.324501101631412],[41.960565115411946,34.324498866739162],[41.960618297728303,34.324496707424885],[41.960671484807342,34.324494621887276],[41.960724675595308,34.324492611053259],[41.960777870092322,34.324490674922785],[41.960831069352437,34.32448881256898],[41.960884271236345,34.324487024944986],[41.96093747682972,34.324485312024485],[41.960990686132725,34.324483673807528],[41.961043899145501,34.324482110294056],[41.961097114750942,34.324480620609719],[41.961150333012547,34.324479206555758],[41.961203554952668,34.324477866304633],[41.961256778400333,34.324476599908877],[41.961310005590136,34.324475409117184],[41.961363234287752,34.324474292180845],[41.961416465610576,34.324473249974183],[41.961469698473174,34.324472282523494],[41.961522933961234,34.324471389802483],[41.961576169903807,34.324470571863685],[41.961629408440459,34.324469827753902],[41.96168264851746,34.324469158400035],[41.961735889049386,34.324468563828354],[41.961789132175824,34.324468043085666],[41.961842374703572,34.324467598052053],[41.961895618740563,34.324467226873701],[41.96194886323304,34.324466930477477],[41.962002109235037,34.324466707936487],[41.962055354638927,34.324466561104565],[41.962108600467062,34.32446648815413],[41.96216184675125,34.324466489985795],[41.962215092406076,34.324466566625873],[41.962268337400019,34.324466717173692],[41.96232158285045,34.324466942503605],[41.962374827671944,34.324467242641894],[41.962428071864636,34.324467617588553],[41.962481314311461,34.324468066469208],[41.962534557215335,34.324468590131943],[41.962587797319735,34.324469188655584],[41.962640903082509,34.324469859816602],[41.962694275612321,34.32447060922722],[41.962747512715247,34.324471431301518],[41.962800747019273,34.324472328236688],[41.962853980663944,34.324473299079557],[41.962907211509993,34.324474344783297],[41.962960439525894,34.324475464447282],[41.963013665860679,34.324476659846489],[41.963066890451145,34.324477929179643],[41.963120111126315,34.324479272499303],[41.96317333012081,34.324480691554179],[41.96322654516861,34.324482183694933],[41.963279757450472,34.324483751597178],[41.96333296690316,34.324485393459646],[41.963386172472944,34.32448711020924],[41.963439374128278,34.324488900945333],[41.96349257298656,34.324490766542283],[41.963545766845115,34.324492706152],[41.963598957906889,34.32449472062256],[41.963652144000925,34.324496810006544],[41.963705326181227,34.324498973376997],[41.963758503362378,34.324501210760246],[41.963811676661756,34.324503523030607],[41.963864844993964,34.324505910214384],[41.96391800724188,34.324508371437226],[41.96397116560847,34.324510907547193],[41.964024318976612,34.324513517669942],[41.964077466260889,34.324516201831727],[41.964130607493146,34.32451896093324],[41.964183743759087,34.324521794948161],[41.96423687502714,34.324524702975843],[41.96428999912635,34.324527685068901],[41.964343117174096,34.324530742101672],[41.964396229138842,34.3245338731735],[41.96444933502071,34.324537078284393],[41.964502433766,34.324540358361311],[41.964555525343144,34.324543712503583],[41.96460861083785,34.324547140684949],[41.964661689196383,34.324550643832332],[41.96471476038721,34.324554221045084],[41.964767823324891,34.32455787234953],[41.964820880212407,34.324561598593682],[41.964873928815358,34.324565398028881],[41.964926969197307,34.324569272456408],[41.96498000132668,34.324573220975651],[41.965033026320889,34.324577244460905],[41.965086043031114,34.324581341137225],[41.965139050435333,34.324585512832179],[41.96519204958755,34.32458975861887],[41.965245040487893,34.324594078497256],[41.965298022050966,34.324598472493662],[41.965350995362449,34.324602940581791],[41.965403959368651,34.324607483688595],[41.965456875853313,34.324612096430414],[41.965509858221623,34.324616790481336],[41.965562793132115,34.324621555968562],[41.965615718674442,34.324626394673203],[41.965668633826638,34.324631308422852],[41.965721539610968,34.324636295389929],[41.96577443497371,34.324641356501381],[41.965827319915036,34.324646491757207],[41.965880194466777,34.32465170205807],[41.965933057448382,34.324656984728371],[41.965985911126239,34.324662342417398],[41.966038752212114,34.324667774303464],[41.966091583931096,34.324673279406994],[41.966144403090084,34.324678859608213],[41.96619721071135,34.324684513079532],[41.966250007912301,34.32469024069529],[41.966302792490239,34.324696041607517],[41.966355565562594,34.324701916690493],[41.966408326043947,34.324707865970559],[41.966461075019971,34.324713889421417],[41.966513811373545,34.324719986168745],[41.966566535136529,34.324726157113197],[41.96661924627734,34.32473240135414],[41.966671944827837,34.324738719792208],[41.966724629702604,34.324745112453755],[41.966777301955602,34.324751578411842],[41.966829961586981,34.324758117666427],[41.966882607543042,34.324764731144548],[41.96693523982394,34.324771418846154],[41.966987858398049,34.324778179870634],[41.96704046326554,34.324785014218016],[41.967093054458275,34.324791922788926],[41.967145630859093,34.324798904709098],[41.967198193553692,34.324805959952172],[41.967250741488385,34.324813089445158],[41.967303274599864,34.324820291386764],[41.9673557929517,34.324827567578303],[41.967408297629589,34.324834917993449],[41.967460786399116,34.324842340883592],[41.967513259323866,34.324849838050014],[41.967565717457781,34.324857408565755],[41.967618160801045,34.324865052430866],[41.967670588236452,34.324872768771016],[41.967722999827643,34.324880559387509],[41.967775394457455,34.32488842340603],[41.967827774297113,34.324896360773963],[41.967880137175676,34.324904371543951],[41.967932484178803,34.324912455689685],[41.967984814221104,34.324920613237531],[41.968037128356507,34.324928843260523],[41.968089425563072,34.324937147586262],[41.968141704691924,34.324945524439855],[41.968193967946029,34.324953974669256],[41.968246271069766,34.32496250773908],[41.96829844137099,34.324971094486656],[41.968350651573886,34.324979764975282],[41.968402844753534,34.32498850706488],[41.968455019919723,34.324997323483657],[41.96850717592357,34.325006212456721],[41.968559314968054,34.32501517483206],[41.968611435936012,34.325024209735375],[41.968663537742017,34.325033317193018],[41.968715621503499,34.325042498079327],[41.968767686135052,34.32505175242062],[41.968819731605052,34.32506107931632],[41.968871757913618,34.325070478766392],[41.9689237661782,34.325079951645222],[41.968975754164333,34.325089496204164],[41.969027723021171,34.325099114218212],[41.969079671663316,34.325108805713697],[41.969131601112949,34.32511856886304],[41.969183510348152,34.325128405493878],[41.969235399337286,34.325138314705583],[41.969287269166067,34.325148296471831],[41.96933911766348,34.325158350845328],[41.969390945883482,34.32516847689913],[41.969442752804149,34.325178676460851],[41.969494539479413,34.325188948603554],[41.969546304823844,34.325199293353549],[41.969598049923135,34.325209710684597],[41.969649772574549,34.325220199748699],[41.969701474981079,34.325230761393854],[41.969753154971734,34.325241395672762],[41.969804813632209,34.325252102559105],[41.969856450930877,34.325262881152284],[41.969908064728507,34.325273732405599],[41.969959658281901,34.325284656240079],[41.970011228302752,34.325295651834146],[41.970062775908517,34.325306720062102],[41.970114301067539,34.325317860023318],[41.970165803811732,34.325329072618466],[41.970217283023892,34.325340356973292],[41.970268739789702,34.325351713061465],[41.970319288205054,34.325362944249676],[41.970038323342315,34.326233283771195],[41.96998866033686,34.326222249128747],[41.969938975874214,34.326211283492924],[41.969889268900459,34.326200387790642],[41.969839539383699,34.326189561121311],[41.969789787387363,34.326178805286098],[41.96974001498716,34.326168117530464],[41.96969022010714,34.326157500608915],[41.969640403800966,34.32614695359451],[41.969590566036771,34.326136475586544],[41.969540706877964,34.326126068386301],[41.969490827346462,34.326115730166151],[41.969440926388323,34.326105461853018],[41.969391005089037,34.326095263420562],[41.969341062394633,34.326085135795743],[41.969291099327059,34.326075077150918],[41.969241115949693,34.32606508928734],[41.969191112198935,34.326055170403748],[41.969141088138144,34.326045322301326],[41.96909104482102,34.326035544053155],[41.969040981161868,34.32602583568552],[41.968990898277909,34.326016198072708],[41.968940795051672,34.326006630340395],[41.968890673654194,34.325997132435887],[41.968840531945951,34.325987705312492],[41.968790372066209,34.325978348016861],[41.968740191843722,34.325969060601665],[41.968689994598563,34.325959844789146],[41.968639776978641,34.325950697956394],[41.968589541218499,34.325941621851975],[41.968539288403548,34.325932616449556],[41.9684890163308,34.325923680901134],[41.968438726117441,34.325914816081024],[41.968388417763357,34.325906021989184],[41.96833809123666,34.325897297724971],[41.968287747654543,34.325888644162674],[41.968237387016892,34.325880061302257],[41.968187008238019,34.325871549170067],[41.968136612403342,34.325863107739735],[41.968086199481014,34.325854736110628],[41.968035769534389,34.325846436083992],[41.967985322499864,34.325838205858531],[41.967934859494598,34.325830046308582],[41.967884379432945,34.325821957460398],[41.967833883432036,34.32581394018829],[41.967783371428297,34.325805992690995],[41.967732842367766,34.325798115895466],[41.96768229736761,34.32579031067597],[41.967631737481554,34.325782576105532],[41.967581161623905,34.325774912210498],[41.967530569794519,34.325767318990806],[41.967479963078837,34.325759796420165],[41.967429340391185,34.325752344524865],[41.967378703934287,34.325744964152868],[41.967328051505142,34.325737654456191],[41.967277384220957,34.325730416309135],[41.96722670310367,34.325723247884099],[41.967176007162792,34.325716151909269],[41.967125296303024,34.325709125682764],[41.967074571673237,34.325702170979497],[41.967023833273316,34.325695287799469],[41.966973079985848,34.32568847526835],[41.966922313981819,34.325681733333496],[41.966871533121711,34.32567506294815],[41.966820739576505,34.325668464059696],[41.966769933314382,34.325661935767464],[41.966719113281343,34.325655478998392],[41.96666827944555,34.325649092851855],[41.96661743292416,34.325642778202138],[41.96656657480262,34.325636535022952],[41.966515702909653,34.325630363366884],[41.966464818298988,34.325624262306988],[41.966413922087781,34.325618232717559],[41.966363014275892,34.325612274598605],[41.966312092660353,34.32560638710212],[41.966261160561167,34.325600571950396],[41.966210215743629,34.325594827394809],[41.966159260410485,34.325589154283335],[41.966108293475997,34.325583552642293],[41.966057313854506,34.325578022498],[41.966006324802571,34.325572563771495],[41.965955323063355,34.325567176541682],[41.965904311861706,34.325561859829037],[41.965853289089814,34.325556615487422],[41.9658022558014,34.325551442589855],[41.965751211996306,34.325546341136373],[41.965700158759994,34.325541311100643],[41.965649093921186,34.325536352535273],[41.965598020736458,34.32553146536133],[41.965546935948979,34.325526649657746],[41.965495842815329,34.325521905345568],[41.965444739195945,34.325517233378058],[41.965393627230114,34.325512632801953],[41.965342504714862,34.325508102769255],[41.965291373884625,34.325503645028576],[41.965240233653688,34.325499259606232],[41.965189085044088,34.325494944674645],[41.965137927033531,34.325490702061408],[41.965086760675739,34.32548653083952],[41.965035586002301,34.325482431909677],[41.964984402949675,34.325478403470555],[41.964933212666686,34.32547444729714],[41.964882012982102,34.325470563442039],[41.964830806035195,34.325466750951982],[41.964779591825838,34.325463009826997],[41.964728369268336,34.325459340093381],[41.964677140565392,34.325455742599139],[41.964625903545766,34.325452217396894],[41.964574660317012,34.32544876263276],[41.964523408802997,34.325445381061222],[41.964472151079619,34.32544206992781],[41.964420887241836,34.325438831934413],[41.964369616108847,34.325435664405425],[41.964318339946779,34.325432569990141],[41.964267056489234,34.325429546039267],[41.964215766916773,34.325426595228407],[41.964164471165859,34.325423715756273],[41.964113170321909,34.325420907596587],[41.964061863330947,34.325418171676276],[41.964010551278385,34.325415507969026],[41.963959234132417,34.325412915574226],[41.963907910839019,34.325410395418807],[41.963856583537513,34.325407946549525],[41.963805250088321,34.32540556991961],[41.963753912662447,34.325403265476474],[41.963702570174185,34.325401033246422],[41.963651223677289,34.325398872302529],[41.9635998732033,34.325396783545408],[41.963548517634855,34.325394766100743],[41.963497159174622,34.325392820816589],[41.963445795651353,34.32539094774549],[41.96339442923604,34.325389146834915],[41.963343058811283,34.325387417210493],[41.963291684408659,34.325385759772892],[41.963240308199161,34.325384174469491],[41.963188928011519,34.325382661352897],[41.963137543813936,34.32538121952247],[41.963086157809059,34.32537984982627],[41.963034768911221,34.325378552290616],[41.962983378205848,34.325377326889189],[41.962931984607245,34.325376173648301],[41.962880588083586,34.325375091667304],[41.962829189751993,34.325374081820563],[41.962777789644022,34.325373145008719],[41.962726387664489,34.325372278529862],[41.962674983908308,34.325371485085903],[41.962623578343667,34.325370763776228],[41.962572172024316,34.325370113673884],[41.962520763896244,34.325369535705839],[41.96246935507655,34.32536903074643],[41.962417944416188,34.325368597020677],[41.962366534117841,34.325368235376651],[41.96231512306413,34.32536794494002],[41.962263710232712,34.325367727538321],[41.962212297762903,34.325367582218398],[41.9621608856229,34.325367508079573],[41.962109472758691,34.325367506048799],[41.962058060287369,34.325367577000435],[41.962006648145461,34.325367719133233],[41.96195523636451,34.325367933347778],[41.961903824944386,34.325368219644162],[41.961852413884941,34.325368578022321],[41.961801003186068,34.325369008482284],[41.961749594987083,34.325369510070885],[41.961698186094488,34.325370084668251],[41.961646779733208,34.325370731294861],[41.961595374785851,34.325371449076421],[41.961543970230075,34.325372239840455],[41.961492568173519,34.325373101733163],[41.961441167562185,34.32537403568147],[41.961389769513154,34.325375042559749],[41.961338372877393,34.325376120592992],[41.96128697985759,34.325377270629311],[41.961235588282463,34.325378492721264],[41.961184199237451,34.325379786842582],[41.961132812722425,34.325381152993266],[41.961081428737252,34.325382591173351],[41.961030048367384,34.325384101356569],[41.960978671612658,34.325385683542905],[41.960927297355745,34.325387336858029],[41.960875926745388,34.325389063076962],[41.960824559718141,34.325390860398421],[41.960773196337193,34.325392730623719],[41.960721836539086,34.325394671951564],[41.960670481472583,34.325396686156978],[41.960619129988665,34.325398771464982],[41.960567783204439,34.325400928749957],[41.960516441119758,34.325403158011873],[41.960465102648939,34.325405459277086],[41.960413769962976,34.325407832493006],[41.96036244197618,34.325410277685961],[41.960311118656762,34.325412793955294],[41.960259800067888,34.32541538310231],[41.960208488317285,34.325418043273224],[41.960157181296978,34.325420776321828],[41.96010587894353,34.325423580446881],[41.960054583459595,34.325426456496494],[41.960003293759485,34.325429404496973],[41.959952009843079,34.325432424448302],[41.959900732795795,34.325435516324234],[41.959849461531945,34.32543868015108],[41.959798196019761,34.325441915028179],[41.959746938461883,34.325445221803669],[41.959695687772623,34.325448600503833],[41.959644442866285,34.325452051154961],[41.959593205913876,34.325455573704531],[41.959541975829701,34.325459168178824],[41.959490753667538,34.325462833650953],[41.959439538405,34.325466571948482],[41.959388331064233,34.325470381243875],[41.9593371316451,34.32547426153716],[41.959285940210769,34.325478214629634],[41.959234756697832,34.325482238720028],[41.9591835811378,34.325486334708998],[41.9591324146161,34.325490502570311],[41.959081256047057,34.325494742330243],[41.959030106484448,34.325499053061918],[41.958978965959815,34.325503435665965],[41.958927834473016,34.325507890142454],[41.958876710938341,34.325512416517611],[41.958825598580752,34.325517013812075],[41.958774494175039,34.325521683005256],[41.958723399860595,34.325526423144041],[41.958672315668913,34.325531235129084],[41.958621240514312,34.325536118986641],[41.958570175482215,34.325541074690491],[41.958519120540871,34.325546101340009],[41.958468076807378,34.325551199809624],[41.958417043164374,34.325556369224934],[41.958366019643378,34.325561610486638],[41.958315007298211,34.325566922667825],[41.958264005074803,34.32557230669542],[41.958213015144167,34.325577762516978],[41.95816203530341,34.325583289284324],[41.958111066669616,34.325588887871902],[41.958060110296586,34.325594557352844],[41.958009165098616,34.325600297753397],[41.957958232224449,34.325606110848661],[41.957907310493461,34.32561199396293],[41.957856401054379,34.32561794887129],[41.957805503907082,34.325623975573777],[41.957754619019802,34.325630073169734],[41.957703746392426,34.325636241659225],[41.957652886056458,34.325642481942872],[41.957602039065712,34.325648793093833],[41.95755120542006,34.325655175112132],[41.957500384065455,34.325661628924692],[41.957449576055701,34.32566815360461],[41.957398781422313,34.325674750052599],[41.957348000101902,34.325681416467354],[41.957297233243189,34.325688154623997],[41.957246479760464,34.325694964548731],[41.957195739590368,34.325701844440331],[41.957145013881572,34.325708796073862],[41.957094302602364,34.325715818548709],[41.957043605752609,34.325722911864872],[41.956992923332194,34.325730076022417],[41.956942255340977,34.325737311021342],[41.956891601810469,34.325744617762325],[41.956840963794512,34.325751995318484],[41.956790340175779,34.325759442815489],[41.95673973210296,34.325766962028361],[41.956689139544331,34.325774552056515],[41.956638562499762,34.325782212899981],[41.956588000969134,34.325789944558764],[41.956537456037907,34.325797747006661],[41.956486925534783,34.325805620296173],[41.956436412684795,34.325813563447994],[41.956385914294309,34.325821578342108],[41.956335433588308,34.32582966399923],[41.956284969449499,34.325837819544951],[41.956234521940978,34.325846046780597],[41.956184090999415,34.325854343904908],[41.956133676656286,34.325862711818552],[41.956083278911493,34.325871150521557],[41.956032899904429,34.32587965906086],[41.955982537527085,34.325888239290222],[41.955932192801669,34.325896889382143],[41.955881865759686,34.325905610237321],[41.955831556369397,34.325914400955121],[41.955781264662306,34.325923262436234],[41.955730990638294,34.325932194680668],[41.955680736436804,34.325941196735378],[41.955630498832562,34.325950269579685],[41.95558028108222,34.325959413134967],[41.955530082068449,34.32596862652683],[41.955479900705583,34.325977909781528],[41.955429739196248,34.325987263747258],[41.955379596454755,34.325996688450317],[41.955329473534967,34.326006182963859],[41.955279369351189,34.326015747314123],[41.955229285020479,34.326025382375541],[41.955179219425553,34.326035087273766],[41.955129174737451,34.326044861956341],[41.955079149902083,34.32605470735021],[41.955029144887739,34.326064622554732],[41.954979159694282,34.326074607569929],[41.95492919540721,34.326084662369638],[41.954879252057992,34.326094787854515],[41.954829328497738,34.326104982249539],[41.954779425875117,34.326115247329774],[41.954729545244007,34.326125582168444],[41.954679684433117,34.326135986817974],[41.954629845613503,34.326146461225981],[41.954580027699471,34.3261570054187],[41.954530231776495,34.326167619369954],[41.954480456758887,34.326178303105998],[41.954430703732115,34.326189056600661],[41.954380973781639,34.326199879827726],[41.954331264704599,34.326210771939039],[41.954281577649652,34.326221734709705],[41.954231913639092,34.326232766312231],[41.954182272704401,34.326243867647328],[41.954132653759871,34.326255038741216],[41.954083056805409,34.326266279593924],[41.954033483980474,34.326277589252449],[41.953983934230969,34.326288968643652],[41.9539344064396,34.326300416893176],[41.95388490280903,34.326311934849215],[41.953835423307567,34.326323521611201],[41.953785966912669,34.326335179006669],[41.953736534615082,34.326346904307513],[41.953687125392271,34.32635869934122],[41.95363774029812,34.326370563181023],[41.953588380449716,34.326382496701378],[41.953539043644163,34.326394499054089],[41.953489732084151,34.326406571087418],[41.953440445706377,34.326418711000123],[41.953391183488336,34.326430920619714],[41.953341945429891,34.326443199946247],[41.953292733638982,34.326455547126045],[41.953243545975894,34.326467963112215],[41.953194384643282,34.326480448753003],[41.953145248523867,34.326493003174029],[41.953096137585966,34.326505625474681],[41.953047051892646,34.326518317456284],[41.952997993551811,34.326531077265173],[41.952948960455338,34.326543906755077],[41.952899953625561,34.326556804098537],[41.952850973125535,34.326569771096914],[41.952802018891987,34.32658280594891],[41.952753090956406,34.32659590955523],[41.952704190372714,34.326609080989087],[41.952655316086769,34.326622321177325],[41.952606469184076,34.32663563009379],[41.952557648578939,34.326649007764736],[41.952508856410866,34.326662453237169],[41.952460091625738,34.326675967437929],[41.952411354191888,34.326689549466437],[41.952362644109201,34.326703199322729],[41.952313961409168,34.326716917907483],[41.952265307177271,34.326730705194549],[41.952216681381827,34.326744560283338],[41.952168084022766,34.32675848317384],[41.952119514014363,34.326772473892341],[41.952070973559316,34.326786533287091],[41.952022461508776,34.32680065958305],[41.951973977925768,34.326814854581578],[41.95192552386424,34.326829117355842],[41.951877098238491,34.326843447932085],[41.951828702134023,34.326857846284128],[41.95178033555073,34.326872312412071],[41.95173199848854,34.326886846315901],[41.951683690947327,34.326901447995688],[41.951635412927011,34.326916117451454],[41.951587164395939,34.326930853782599],[41.951538946502723,34.326945658764281],[41.951490759184153,34.326960530595223],[41.951442601354543,34.326975469301679],[41.951394475248101,34.326990476632567],[41.951346378630426,34.327005550839061],[41.951298312587021,34.327020691894994],[41.951250278234951,34.327035900674851],[41.951202274456968,34.327051176304245],[41.951154301284525,34.327066519683832],[41.951106359771579,34.327081929886845],[41.951058449949606,34.327097407813952],[41.951010571786952,34.327112952564576],[41.950962725283517,34.327128564138739],[41.950914910439216,34.327144242536491],[41.950867127253957,34.327159987757859],[41.950819376844805,34.327175800677352],[41.950771658062962,34.327191679519927],[41.950723972057041,34.327207626060734],[41.950676318763854,34.327223638498481],[41.950628697129261,34.327239717760094],[41.950581109355944,34.327255864693861],[41.950533553209475,34.327272077550916],[41.950486030860979,34.32728835627892],[41.95043854237349,34.327304702679221],[41.950391086598202,34.327321114976762],[41.950343663566578,34.327337594072205],[41.950296275418182,34.32735413901262],[41.950248920013294,34.327370750751037],[41.950201598405854,34.327387428360673],[41.950154311712964,34.327404172716037],[41.950107058817345,34.327420982942733],[41.95005983975048,34.327437859941419],[41.950012655534799,34.327454801884684],[41.949965505147702,34.327471810600038],[41.949918389643159,34.327488885160712],[41.949871309052654,34.32750602646739],[41.949824264398586,34.327523232692648],[41.949777253541214,34.327540504789525],[41.949730278683234,34.327557843606371],[41.949683338675833,34.327575247368102],[41.949636433550509,34.327592716975424],[41.949589565478377,34.327610252376019],[41.949542732288151,34.327627853622303],[41.949495935033795,34.327645519787474],[41.949449173746785,34.327663251772236],[41.949402448427044,34.32768104957664],[41.949355760128554,34.32769891227391],[41.94930910671156,34.327716840817068],[41.949262491401257,34.327734834227023],[41.949215912057923,34.327752893456811],[41.949169369735515,34.327771017579636],[41.94912286443396,34.327789206595561],[41.949076396153195,34.327807460504616],[41.949029964924669,34.327825780207519],[41.948983570716784,34.327844164803658],[41.948937214615057,34.327862614266934],[41.9488908955338,34.327881128623517],[41.948844614527019,34.327899706946667],[41.948798370572106,34.327918351063893],[41.948752165808656,34.327937060022251],[41.948705999119468,34.327955832947332],[41.948659869450381,34.327974670765947],[41.948613778972529,34.327993573425857],[41.948567727685877,34.328012540927112],[41.948521714473173,34.328031572395233],[41.948475739334356,34.328050667830318],[41.948429803386489,34.328069828106869],[41.948383907715133,34.328089053198781],[41.948338050085908,34.328108341357137],[41.948292231647436,34.328127694357086],[41.948246453485254,34.328147112172559],[41.948200713364983,34.32816659305459],[41.948155014574951,34.328186137825433],[41.948109354975387,34.328205747438098],[41.948063735620295,34.328225420965786],[41.948018155392468,34.328245157534113],[41.947972616526123,34.328264958892071],[41.947927116786907,34.328284823290709],[41.947881658377526,34.328304751578472],[41.947836241266359,34.328324742854704],[41.947790863345183,34.328344798973085],[41.947745526722095,34.328364918080048],[41.947700231397029,34.328385100175666],[41.947654977401463,34.328405346160608],[41.947609764703792,34.328425655134296],[41.947564593335478,34.328446027997401],[41.947519463264939,34.328466463849338],[41.947474374492096,34.328486962690164],[41.947429328102523,34.32850752449378],[41.947384323010525,34.32852814928637],[41.947339360333189,34.328548837942492],[41.94729444000739,34.328569588660891],[41.947249560978996,34.328590402368413],[41.947204725419155,34.328611279012826],[41.947159932242215,34.328632218620307],[41.947115181448098,34.328653221190926],[41.947070473005219,34.328674285824079],[41.947025808030666,34.328695413394286],[41.946981185407239,34.328716603027146],[41.946936607337655,34.328737855571035],[41.946892071650595,34.328759171078303],[41.946847579368573,34.32878054772155],[41.946803130554592,34.328801987302114],[41.946758726262694,34.328823488893306],[41.946714364321558,34.328845052547386],[41.946670048019534,34.32886667908668],[41.946625774036661,34.328888366788362],[41.94658154566126,34.328910116474667],[41.94653736072204,34.328931928197981],[41.946493220304546,34.328953801932172],[41.946449125494382,34.32897573765117],[41.946405074088709,34.32899773450665],[41.946361068290237,34.329019793347037],[41.946317107013279,34.329041914198527],[41.9462731902263,34.329064096160501],[41.946229320100478,34.329086339180748],[41.946185494496007,34.329108644212255],[41.946141713381351,34.329131010354402],[41.946097978959202,34.329153438455613],[41.94605429008088,34.329175926740803],[41.946010646809334,34.32919847701131],[41.945967050167141,34.329221087439741],[41.945923499131624,34.32924375985359],[41.945879993639736,34.329266492451609],[41.945836534840048,34.329289287009004],[41.945793122669514,34.32931214172455],[41.945749757128091,34.329335056598261],[41.945706438247228,34.329358032530898],[41.945663166026883,34.329381069522441],[41.945619940435492,34.329404166672354],[41.945576762590157,34.329427324855153],[41.945533631373678,34.329450543196408],[41.945490547871664,34.329473821670049],[41.945447511029926,34.329497161202866],[41.945404522956693,34.329520559941386],[41.945361581543644,34.32954401973921],[41.945318687813362,34.329567538768949],[41.945275842914455,34.32959111880583],[41.945233045698238,34.329614758074769],[41.945190296196166,34.329638457476413],[41.945147595493836,34.329662216984708],[41.94510494247406,34.329686035725196],[41.945062338253948,34.329709914572454],[41.945019782801928,34.329733852625871],[41.944977276149508,34.329757850786137],[41.944934818265111,34.32978190815269],[41.944892409148707,34.329806024725556],[41.944850049917406,34.329830201379323],[41.944807739422515,34.329854436338856],[41.944765478812634,34.329878731379381],[41.944723266939093,34.329903084725792],[41.94468110495049,34.32992749815331],[41.944638992783794,34.329951969860701],[41.944596930470468,34.329976500748636],[41.944554918010461,34.330001090817198],[41.944512955372254,34.330025739165769],[41.944471043672955,34.330050446668956],[41.944429181795371,34.330075212452257],[41.944387369770986,34.3301000374164],[41.944345608622392,34.33012491973399],[41.944303898412571,34.330149861206372],[41.944262239141473,34.330174861833648],[41.944220630746081,34.330199919814511],[41.944179073257864,34.330225036049718],[41.944137567762418,34.330250210513171],[41.944096112088431,34.330275443257172],[41.944054708407165,34.330300734229539],[41.944013356687094,34.330326082529666],[41.943972056959687,34.330351489058259],[41.94393080813925,34.330376953841501],[41.943889611279921,34.33040247595266],[41.943848466381674,34.330428055391813],[41.94380737347597,34.330453693059631],[41.943766332531268,34.330479388055544],[41.943725344633229,34.330505140353459],[41.943684408696143,34.33053094997959],[41.943643525805655,34.330556816907844],[41.94360269487607,34.330582741164392],[41.94356191699304,34.330608722723184],[41.943521192125012,34.330634760683608],[41.943480520303481,34.330660855946377],[41.943439902614053,34.330687008485427],[41.943399336853929,34.330713217452399],[41.943358825225872,34.330739483695766],[41.943318366612715,34.330765806341049],[41.943277961014438,34.330792185388276],[41.943237610633801,34.330818621685964],[41.943197313236524,34.330845113485047],[41.93035421655091,34.341526604422143],[41.917507857551797,34.35220689701908],[41.929952869759852,34.362487031392369],[41.930868090276469,34.363015867689548],[41.948072018657264,34.374976874599419],[41.948099213223877,34.37499887837793],[41.948126469005246,34.375020829294222],[41.948153786096114,34.375042730050147],[41.948181162229282,34.375064577996127],[41.948208599608748,34.375086373980409],[41.948236096062068,34.375108118055316],[41.948263652675472,34.375129810194608],[41.948291268362702,34.375151450424433],[41.948318945264617,34.375173037791768],[41.948346680122526,34.375194572375101],[41.948374475108871,34.375216054122049],[41.948402328082793,34.375237483985558],[41.948430241185108,34.37525886101259],[41.948458213298004,34.375280184328645],[41.94848624336683,34.375301454860526],[41.948514332477806,34.375322672582001],[41.948542479513101,34.375343836618569],[41.948570685590497,34.375364947844652],[41.94859894850596,34.37538600541194],[41.948627270400323,34.375407008367389],[41.948655650250515,34.375427958538424],[41.948684086938719,34.375448855050564],[41.948712581519537,34.375469696976921],[41.948741134024552,34.375490485218116],[41.94876974333593,34.375511218899653],[41.948798409485235,34.375531898922119],[41.948827133527097,34.375552524358675],[41.948855913289023,34.375573095261636],[41.948884749857221,34.375593611604792],[41.948913643231684,34.375614073388093],[41.948942592294557,34.375634479737066],[41.94897159819525,34.375654832426754],[41.949000659752706,34.375675128781396],[41.949029778116348,34.375695370576025],[41.949058951082066,34.375715556962348],[41.949088179767699,34.375735688814792],[41.949117464110003,34.375755764332055],[41.949146804140561,34.375775784414692],[41.949176198773117,34.375795749088908],[41.949205647976051,34.375815657453984],[41.949235152867161,34.375835510384356],[41.94926471236019,34.375855307906157],[41.949294325337284,34.375875049144923],[41.949323993939288,34.375894733147589],[41.949353716056898,34.375914361767784],[41.949383491658494,34.375933934104829],[41.949413321830278,34.375953450132478],[41.949443205454379,34.375972908976273],[41.94947314256239,34.375992311536812],[41.949503134208896,34.376011656887201],[41.949533178253006,34.37603094598046],[41.949563274631494,34.376050177015266],[41.949593424493756,34.376069351766674],[41.949623627808172,34.376088469333972],[41.949653883488459,34.376107529743365],[41.949684191534594,34.376126532994796],[41.949714550828716,34.376145478213793],[41.949744963574844,34.376164366248553],[41.949775427568895,34.376183196250807],[41.949805943897061,34.376201968194309],[41.949836511504664,34.376220683005869],[41.94986713141472,34.376239338857985],[41.949897801517906,34.376257937604279],[41.949928523955073,34.376276478291679],[41.94995929652211,34.37629496007191],[41.949990120336807,34.376313383819394],[41.950020995367524,34.376331748633454],[41.95005191947336,34.376350055467078],[41.950082895881394,34.376368303340968],[41.950113921332864,34.376386492333744],[41.950144996945575,34.376404623319793],[41.950176122656281,34.376422694497769],[41.950207297410302,34.376440706794519],[41.950238522293844,34.376458660183772],[41.950269797306866,34.376476554665523],[41.95030112024525,34.376494389391482],[41.950332493281415,34.376512164309219],[41.950363914274462,34.376529880371756],[41.950395385365219,34.376547536625978],[41.950426903294925,34.376565133150507],[41.950458471322257,34.376582669866657],[41.950490086188445,34.376600146853015],[41.950521750065938,34.37661756405717],[41.950553461868445,34.376634921505264],[41.95058522156431,34.376652218296613],[41.950617028067249,34.376669454457421],[41.950648882495067,34.376686630862054],[41.950680784847727,34.376703747510504],[41.950712732889471,34.376720802653857],[41.950744728824347,34.376737797140329],[41.950776771597695,34.37675473189671],[41.950808860059972,34.376771605147901],[41.950840996415252,34.376788417742098],[41.950873177373126,34.376805168857246],[41.950905405137661,34.376821859341533],[41.950937679708808,34.376838489194931],[41.950969998882414,34.37685505756918],[41.951002363744671,34.376871564438062],[41.951034774295529,34.376888009801526],[41.951067230566565,34.376904394560164],[41.951099731408235,34.376920716938898],[41.951132276852114,34.376936977838341],[41.951164867984396,34.37695317723221],[41.951197502632546,34.376969315172943],[41.95123018185113,34.376985390733637],[41.951262905640093,34.377001403914257],[41.951295674031009,34.377017355615415],[41.951328485905968,34.377033244962661],[41.951361341264899,34.377049071955938],[41.951394240139365,34.377064837495887],[41.951427182466098,34.377080539781169],[41.951460167190397,34.377096179738629],[41.951493196484712,34.377111757315781],[41.95152626817648,34.377127272565062],[41.951559382234024,34.377142724585767],[41.951592538688942,34.377158114278515],[41.951625737509509,34.377173440742652],[41.951658978695697,34.377188703978142],[41.951692261192832,34.377203904911788],[41.95172558605546,34.377219042616723],[41.95175895328353,34.377234117092897],[41.951792360672869,34.377249127492128],[41.951825810459155,34.377264075563168],[41.951859300406589,34.377278959557167],[41.951892832719224,34.377293780322304],[41.951926404138284,34.377308537937218],[41.951960016804556,34.377323231448777],[41.951993670717968,34.377337860856954],[41.952027363737621,34.377352427114815],[41.952061096918051,34.377366929295462],[41.952094870259209,34.377381367398868],[41.952128683761032,34.377395741424991],[41.952162536337198,34.377410051400062],[41.952196427987658,34.377424297323998],[41.952230359798591,34.377438479170586],[41.952264329565821,34.377452596091615],[41.952298338407147,34.37746664896143],[41.952332386290863,34.377480636879383],[41.952366472162311,34.377494560772327],[41.952400597107676,34.377508420613985],[41.952434758891116,34.377522214655514],[41.95246895974833,34.3775359446457],[41.952503198529755,34.377549608809503],[41.952537474212328,34.377563208974337],[41.952571786764345,34.37757674423959],[41.952606137240359,34.377590213678346],[41.952640524617337,34.377603619118084],[41.952674949918169,34.377616958731252],[41.952709410970293,34.377630232570333],[41.952743907805292,34.377643441535874],[41.952778441509331,34.377656585601692],[41.952813012050726,34.377669663867039],[41.952847618343135,34.377682676358177],[41.952882259300246,34.377695623101303],[41.952916937094493,34.377708504043916],[41.952951649584939,34.377721320139088],[41.952986397794497,34.377734069559295],[41.953021180668458,34.377746753231378],[41.953055999293049,34.377759371129081],[41.953090851495652,34.377771923304842],[41.953125738330833,34.377784408831772],[41.953160659830147,34.377796828610464],[41.953195615993529,34.377809182640902],[41.953230605671379,34.377821469148039],[41.953265628958533,34.377833690833725],[41.953300685760006,34.377845844996045],[41.953335776138992,34.377857933436275],[41.953370900032155,34.377869954353066],[41.953406056416448,34.377881909573922],[41.953441246314753,34.377893797271327],[41.95347646761779,34.377905619298986],[41.953511722434683,34.37791737380315],[41.953547009710768,34.377929061710638],[41.953582329445965,34.377940683021436],[41.953617680522292,34.377952236861113],[41.953653062971327,34.377963724130318],[41.953688477847592,34.37797514390212],[41.953723923010166,34.377986497129605],[41.953759400599829,34.377997782859673],[41.953794908443982,34.378009001144733],[41.953830447628818,34.378020151958559],[41.953866017099642,34.378031236227997],[41.95390161679309,34.378042252151737],[41.953937246772369,34.378053201531038],[41.953972906974109,34.37806408256462],[41.954008597429883,34.378074896153088],[41.954044318139616,34.378085642296398],[41.9540800669307,34.378096321047039],[41.954115845943946,34.378106931451867],[41.954151654092989,34.378117473537095],[41.954187491441076,34.378127949103977],[41.954223356806892,34.378138355476821],[41.954259251339934,34.378148694430642],[41.954295173922212,34.378158965091039],[41.954331124585302,34.378169168358589],[41.954367104352052,34.37817930240579],[41.954403111113194,34.378189369086385],[41.954439144836996,34.378199367499704],[41.954475207695872,34.378209297593237],[41.954511296399318,34.378219158545058],[41.954547413183093,34.378228952103953],[41.954583555811269,34.378238676521107],[41.954619726487948,34.378248332644617],[41.954655923040526,34.37825792052702],[41.954692145437264,34.378267439267603],[41.954728394796,34.378276889740775],[41.954764669998724,34.378286271072106],[41.954800969990757,34.378295584188479],[41.954837296912864,34.37830482813672],[41.954873648592461,34.378314002969326],[41.954910025061118,34.37832310958693],[41.954946427341675,34.378332146161952],[41.954982853324871,34.378341114548171],[41.955019305151467,34.378350013792442],[41.955055780648848,34.37835884394724],[41.955092280903209,34.378367604986273],[41.955128804828206,34.378376296935819],[41.955165353509997,34.37838491976958],[41.955201924744316,34.378393472639409],[41.955238519649015,34.378401956419687],[41.955275138223982,34.378410371110391],[41.955311779382896,34.378418716737755],[41.955348444180252,34.378426992374884],[41.955385131561357,34.378435198948644],[41.955421840408228,34.378443335584628],[41.955458572893264,34.378451402230333],[41.95549532687555,34.378459399838867],[41.955532103441257,34.378467328383984],[41.955568901440678,34.37847518609064],[41.95560571985083,34.378482974786344],[41.955642560812457,34.378490693517932],[41.955679423239218,34.378498342311673],[41.955716306044749,34.378505921193778],[41.955753210315251,34.378513430137986],[41.955790133878082,34.37852086919677],[41.955827078905692,34.378528238317664],[41.955864044280062,34.378535536626231],[41.955901028978168,34.378542765949994],[41.955938034022864,34.378549924461431],[41.955975058391111,34.378557013988036],[41.956012101987824,34.378564031827878],[41.95604916599418,34.378570980656633],[41.95608624817423,34.378577858725514],[41.956123348527868,34.378584666034499],[41.956160468204637,34.378591404358602],[41.956197607109402,34.378598070995892],[41.956234763132912,34.378604667800161],[41.956271938415902,34.378611193818251],[41.956309130817459,34.378617650003278],[41.956346341392056,34.378624035428352],[41.956383569053358,34.378630350119728],[41.956420813832942,34.378636594978026],[41.956458075667356,34.378642768201964],[41.956495354619854,34.378648871592787],[41.956532650658694,34.378654904249892],[41.956569962665831,34.378660865298848],[41.956607291790775,34.37866675651469],[41.956644636915513,34.378672577023011],[41.956681996921994,34.378678325949451],[41.956719374046024,34.378684005042722],[41.956756766051612,34.378689612554091],[41.956794173002045,34.37869515028482],[41.956831595920107,34.378700616407343],[41.956869033719457,34.378706010947944],[41.956906486463353,34.378711335707862],[41.956943953002096,34.378716588912098],[41.956981434421827,34.378721770534383],[41.957018929699565,34.378726882402241],[41.957056438740182,34.37873192181376],[41.957093962724883,34.378736891444547],[41.957131499385994,34.378741788645272],[41.957169049904728,34.378746616091519],[41.957206613099693,34.378751371107683],[41.95724419012042,34.37875605546872],[41.95728177879429,34.378760669227205],[41.957319381262039,34.378765211429908],[41.957356995351056,34.378769682129423],[41.957394622147504,34.378774081299419],[41.957432260565028,34.378778408966191],[41.957469910635211,34.378782666030361],[41.957507573412549,34.378786851565003],[41.957545246724415,34.378790965622684],[41.957582931656958,34.3787950081771],[41.957620627123845,34.378798979254547],[41.957658334211224,34.378802878828722],[41.957696051864446,34.37880670782652],[41.957733778933751,34.378810464472984],[41.957771517623264,34.378814149616161],[41.957809265760375,34.378817763308604],[41.957847023344975,34.378821305550318],[41.957884791463222,34.378824776315021],[41.957922567942525,34.378828175655244],[41.957960354955297,34.378831503518448],[41.957998150297207,34.378834759056545],[41.958035954031573,34.37883794407081],[41.958073767181148,34.378841056733663],[41.958111588659598,34.378844097071415],[41.958149418530191,34.378847066885335],[41.958187256729445,34.378849964374105],[41.958225102202718,34.378852790464691],[41.958262956036137,34.378855545130769],[41.958300816025421,34.37885822752429],[41.958338684342984,34.378860837592697],[41.958376559965856,34.378863377163505],[41.958414442830545,34.37886584443546],[41.95845233076443,34.378868239461141],[41.958490227057908,34.378870563062314],[41.95852812845208,34.378872815317834],[41.958566036001422,34.378874995300784],[41.958603949705839,34.378877103011163],[41.95864186959691,34.3788791393496],[41.958679794588313,34.378881104342383],[41.958717724648217,34.378882997088873],[41.95875565977655,34.378884817589082],[41.958793601059448,34.378886565816721],[41.958831545269753,34.378888242751259],[41.95886949566615,34.378889848313889],[41.958907448958044,34.378891381682791],[41.958945407317863,34.378892842805406],[41.958983368572987,34.378894231734307],[41.959021334927542,34.378895549317555],[41.959059304177217,34.37889679470711],[41.959097276321906,34.378897967902965],[41.959135252479463,34.37889906977945],[41.959173230413874,34.37890009858792],[41.959211212360977,34.378901056077005],[41.959249196148136,34.378901942299329],[41.959287182798121,34.378902755427326],[41.959325171287972,34.378903497288569],[41.959363161585891,34.378904166982416],[41.959401153691772,34.37890476450886],[41.959439146519259,34.37890528989422],[41.95947714227249,34.378905743986529],[41.959515137660873,34.378906125964043],[41.959553134825121,34.378906434873535],[41.959591132742304,34.378906672542598],[41.959629131380595,34.378906838070577],[41.959667129685364,34.378906932384396],[41.959705128679346,34.378906953656546],[41.9597431273396,34.378906903714544],[41.959781126688867,34.378906780730837],[41.959819124617958,34.378906586559332],[41.959857122181326,34.378906320273053],[41.959895119378864,34.37890598187203],[41.959933115124215,34.378905571382568],[41.959971109449,34.378905089705277],[41.960009102289696,34.378904535038949],[41.960047093677915,34.378903908284187],[41.960085082559019,34.37890321036793],[41.960123071073703,34.378902440336979],[41.960161055963106,34.37890159827019],[41.960199038281651,34.37890068324068],[41.960237019178962,34.378899697023414],[41.960274996450686,34.378898638770352],[41.960312971214719,34.378897509355852],[41.960350942321263,34.378896307004936],[41.960388909801921,34.37889503261826],[41.960426874774598,34.378893687070168],[41.960464835003229,34.378892268612006],[41.960502790551153,34.378890779045015],[41.960540743559086,34.378889217416003],[41.960578690768145,34.378887583803873],[41.96061663435075,34.378885878156026],[41.960654572134274,34.378884100525084],[41.9606925063229,34.378882251759073],[41.960730433594264,34.378880330135658],[41.960768357270524,34.378878337377209],[41.960806274029338,34.378876271761364],[41.960844185020335,34.378874135063086],[41.96088209021169,34.378871926381798],[41.960919989635023,34.378869646618085],[41.96095788322679,34.37886729397075],[41.960995768877844,34.378864870293619],[41.961033648697132,34.378862373732886],[41.961071520575508,34.378859806142394],[41.96110938559913,34.378857167495859],[41.961147243704445,34.378854455992062],[41.961185093868579,34.378851673458534],[41.961222937145941,34.378848818968379],[41.961321400779383,34.379746125512625]]]},"properties":{"OBJECTID":781,"Name":"خضراء","اسم_المؤسس":null,"Shape_Length":22706.846131375129,"Shape_Area":1125471.3851897377,"رقم_القطعة":null}},{"type":"Feature","id":783,"geometry":{"type":"Polygon","coordinates":[[[41.981045934509488,34.361972998709774],[41.981321449383707,34.362117430029343],[41.981007951972863,34.362528691116758],[41.98073243726764,34.362384259114485],[41.981045934509488,34.361972998709774]]]},"properties":{"OBJECTID":783,"Name":"خضراء","اسم_المؤسس":" ","Shape_Length":167.99999218315224,"Shape_Area":1620.0000208682472,"رقم_القطعة":null}},{"type":"Feature","id":785,"geometry":{"type":"Polygon","coordinates":[[[41.98072450219388,34.361804494638896],[41.981045934509488,34.361972998709774],[41.98073243726764,34.362384259114485],[41.980411003882189,34.362215754278004],[41.98072450219388,34.361804494638896]]]},"properties":{"OBJECTID":785,"Name":"خضراء","اسم_المؤسس":" ","Shape_Length":177.99995202723704,"Shape_Area":1889.9994193274347,"رقم_القطعة":null}}]}