{"type":"FeatureCollection","features":[{"type":"Feature","id":1,"geometry":{"type":"Polygon","coordinates":[[[41.997306124572447,34.355853813716884],[41.995946437931835,34.357965209118248],[41.990432651225184,34.355624332486997],[41.991844239965083,34.353433828351626],[41.997306124572447,34.355853813716884]]]},"properties":{"OBJECTID":1,"Name":"صناعي","اسم_المؤسس":" ","Shape_Length":1681.4913533254808,"Shape_Area":154288.95193417813}},{"type":"Feature","id":2,"geometry":{"type":"Polygon","coordinates":[[[41.998107999661727,34.36394952165967],[41.996866340706688,34.363468212099356],[41.998086186849214,34.361277802264446],[41.999404044045242,34.361793326626433],[41.998186771719439,34.363959242737948],[41.998177118442861,34.363975132889408],[41.998107999661727,34.36394952165967]]]},"properties":{"OBJECTID":2,"Name":"صناعي","اسم_المؤسس":"معمل خياطة عنه","Shape_Length":802.20888833502306,"Shape_Area":35755.589778505389}},{"type":"Feature","id":4,"geometry":{"type":"Polygon","coordinates":[[[42.00009138770227,34.360570991151057],[41.999404044045242,34.361793326626433],[41.998649901260549,34.361498385864515],[41.999301107805792,34.360265373084097],[42.00009138770227,34.360570991151057]]]},"properties":{"OBJECTID":4,"Name":"صناعي","اسم_المؤسس":"معمل السجاد اليدوي","Shape_Length":456.09508668612932,"Shape_Area":11737.624074521251}},{"type":"Feature","id":5,"geometry":{"type":"Polygon","coordinates":[[[41.989636920885836,34.359840325145086],[41.989537538321898,34.360002792721723],[41.989440255285103,34.359961490186322],[41.989539636914408,34.359799022707122],[41.989636920885836,34.359840325145086]]]},"properties":{"OBJECTID":5,"Name":"صناعي","اسم_المؤسس":" ","Shape_Length":60.557611770344195,"Shape_Area":203.39362409242511}},{"type":"Feature","id":6,"geometry":{"type":"Polygon","coordinates":[[[41.989831483544542,34.359922926303213],[41.989732104349208,34.360085388538323],[41.989634821161872,34.360044087068943],[41.989734201626568,34.359881625778783],[41.989831483544542,34.359922926303213]]]},"properties":{"OBJECTID":6,"Name":"صناعي","اسم_المؤسس":" ","Shape_Length":60.55595906860772,"Shape_Area":203.38369842734255}},{"type":"Feature","id":7,"geometry":{"type":"Polygon","coordinates":[[[41.989734197282623,34.359881625884967],[41.989634817935922,34.360044088049179],[41.989537531613919,34.360002787477349],[41.989636913315955,34.359840326231513],[41.989734197282623,34.359881625884967]]]},"properties":{"OBJECTID":7,"Name":"صناعي","اسم_المؤسس":" ","Shape_Length":60.556348741060695,"Shape_Area":203.3874117625692}},{"type":"Feature","id":8,"geometry":{"type":"Polygon","coordinates":[[[41.990026045354291,34.360005523554626],[41.989926668633636,34.360167985878405],[41.989829384241801,34.360126686402204],[41.989928760027823,34.359964224175854],[41.990026045354291,34.360005523554626]]]},"properties":{"OBJECTID":8,"Name":"صناعي","اسم_المؤسس":" ","Shape_Length":60.555965807059252,"Shape_Area":203.38478513619452}},{"type":"Feature","id":9,"geometry":{"type":"Polygon","coordinates":[[[41.989928769737674,34.359964222135709],[41.989829388681784,34.360126688997838],[41.989732102177229,34.360085388591422],[41.989831483384471,34.35992292180017],[41.989928769737674,34.359964222135709]]]},"properties":{"OBJECTID":9,"Name":"صناعي","اسم_المؤسس":" ","Shape_Length":60.557633780154006,"Shape_Area":203.39500398109226}},{"type":"Feature","id":10,"geometry":{"type":"Polygon","coordinates":[[[41.990123332944009,34.360046822797571],[41.990023956374706,34.360209285192234],[41.989926672977582,34.360167985772208],[41.990026050752206,34.36000552252127],[41.990123332944009,34.360046822797571]]]},"properties":{"OBJECTID":10,"Name":"صناعي","اسم_المؤسس":" ","Shape_Length":60.555846952083456,"Shape_Area":203.38264337434549}},{"type":"Feature","id":11,"geometry":{"type":"Polygon","coordinates":[[[41.990415178564788,34.360170711448923],[41.990315801331555,34.360333173182177],[41.990218516574643,34.360291874036797],[41.990317893927219,34.360129411473849],[41.990415178564788,34.360170711448923]]]},"properties":{"OBJECTID":11,"Name":"صناعي","اسم_المؤسس":" ","Shape_Length":60.555982078522902,"Shape_Area":203.38466723170757}},{"type":"Feature","id":12,"geometry":{"type":"Polygon","coordinates":[[[41.990317901465083,34.360129409486753],[41.990218521014654,34.360291876632424],[41.990121236349012,34.360250577404344],[41.990220616950808,34.360088110329571],[41.990317901465083,34.360129409486753]]]},"properties":{"OBJECTID":12,"Name":"صناعي","اسم_المؤسس":" ","Shape_Length":60.557186905246851,"Shape_Area":203.39048561824359}},{"type":"Feature","id":13,"geometry":{"type":"Polygon","coordinates":[[[41.990512467637586,34.360212011235078],[41.99041309167373,34.360374473913254],[41.990315805707532,34.360333173976564],[41.99041518396271,34.360170710415552],[41.990512467637586,34.360212011235078]]]},"properties":{"OBJECTID":13,"Name":"صناعي","اسم_المؤسس":" ","Shape_Length":60.556254041362216,"Shape_Area":203.38651618776669}},{"type":"Feature","id":14,"geometry":{"type":"Polygon","coordinates":[[[41.99022061714291,34.360088115733227],[41.990121238488967,34.360250576450639],[41.990023953914594,34.360209277139866],[41.990123331537866,34.360046813818045],[41.99022061714291,34.360088115733227]]]},"properties":{"OBJECTID":14,"Name":"صناعي","اسم_المؤسس":" ","Shape_Length":60.556213903288366,"Shape_Area":203.38676464314463}},{"type":"Feature","id":15,"geometry":{"type":"Polygon","coordinates":[[[41.98983358239456,34.359719152689735],[41.989734205586359,34.359881614865294],[41.989636921587689,34.359840314311249],[41.989736299601212,34.359677851279422],[41.98983358239456,34.359719152689735]]]},"properties":{"OBJECTID":15,"Name":"صناعي","اسم_المؤسس":" ","Shape_Length":60.556118559536351,"Shape_Area":203.38538620048624}},{"type":"Feature","id":16,"geometry":{"type":"Polygon","coordinates":[[[41.990125432184115,34.359843050093623],[41.990026053658006,34.36000551253494],[41.989928769353511,34.359964211328418],[41.990028146944987,34.359801748984545],[41.990125432184115,34.359843050093623]]]},"properties":{"OBJECTID":16,"Name":"صناعي","اسم_المؤسس":" ","Shape_Length":60.55634988324104,"Shape_Area":203.38768912577416}},{"type":"Feature","id":17,"geometry":{"type":"Polygon","coordinates":[[[41.990028154514853,34.359801747898082],[41.989928774911498,34.359964214798097],[41.989831490730275,34.359922914409474],[41.989930870517014,34.359760448480955],[41.990028154514853,34.359801747898082]]]},"properties":{"OBJECTID":17,"Name":"صناعي","اسم_المؤسس":" ","Shape_Length":60.557051567605718,"Shape_Area":203.39004400177373}},{"type":"Feature","id":18,"geometry":{"type":"Polygon","coordinates":[[[41.990222718536472,34.359884349292258],[41.9901233412157,34.360046810877272],[41.990026056883941,34.360005511554682],[41.990125434324064,34.359843049139926],[41.990222718536472,34.359884349292258]]]},"properties":{"OBJECTID":18,"Name":"صناعي","اسم_المؤسس":" ","Shape_Length":60.55598207889345,"Shape_Area":203.38466723771847}},{"type":"Feature","id":19,"geometry":{"type":"Polygon","coordinates":[[[41.990514563671134,34.360008236830332],[41.990415187954454,34.360170700402669],[41.990317903284868,34.360129399526969],[41.990417279152908,34.359966936025529],[41.990514563671134,34.360008236830332]]]},"properties":{"OBJECTID":19,"Name":"صناعي","اسم_المؤسس":" ","Shape_Length":60.556294325738563,"Shape_Area":203.38695609383029}},{"type":"Feature","id":20,"geometry":{"type":"Polygon","coordinates":[[[41.990417286690771,34.359966934038454],[41.990317908810866,34.360129402096042],[41.990220623242607,34.360088103866019],[41.990320003477883,34.359925636726814],[41.990417286690771,34.359966934038454]]]},"properties":{"OBJECTID":20,"Name":"صناعي","اسم_المؤسس":" ","Shape_Length":60.557034509005078,"Shape_Area":203.38899064408713}},{"type":"Feature","id":21,"geometry":{"type":"Polygon","coordinates":[[[41.990611850420578,34.360049536598702],[41.990512474791224,34.360211998440697],[41.990415191212414,34.360170700323003],[41.990514568015072,34.36000823672412],[41.990611850420578,34.360049536598702]]]},"properties":{"OBJECTID":21,"Name":"صناعي","اسم_المؤسس":" ","Shape_Length":60.555710972019213,"Shape_Area":203.38171890591587}},{"type":"Feature","id":22,"geometry":{"type":"Polygon","coordinates":[[[41.990320001465996,34.359925641282956],[41.990220625414594,34.360088103812913],[41.99012334204555,34.360046803645858],[41.990222717130315,34.359884340312732],[41.990320001465996,34.359925641282956]]]},"properties":{"OBJECTID":22,"Name":"صناعي","اسم_المؤسس":" ","Shape_Length":60.556022863097965,"Shape_Area":203.38490162179642}},{"type":"Feature","id":23,"geometry":{"type":"Polygon","coordinates":[[[41.989736307139069,34.359677849292368],[41.989636925005698,34.359840318734655],[41.989539641034284,34.359799016296677],[41.98963902341503,34.359636549627119],[41.989736307139069,34.359677849292368]]]},"properties":{"OBJECTID":23,"Name":"صناعي","اسم_المؤسس":" ","Shape_Length":60.557690544919332,"Shape_Area":203.39374367270898}},{"type":"Feature","id":24,"geometry":{"type":"Polygon","coordinates":[[[41.989930870677085,34.359760452983991],[41.989831492902248,34.359922914356382],[41.989734209930297,34.359881614759118],[41.989833586770501,34.359719153484157],[41.989930870677085,34.359760452983991]]]},"properties":{"OBJECTID":24,"Name":"صناعي","اسم_المؤسس":" ","Shape_Length":60.555710617750265,"Shape_Area":203.3826127793975}},{"type":"Feature","id":25,"geometry":{"type":"Polygon","coordinates":[[[41.989636920885836,34.359840325145086],[41.989537538321898,34.360002792721723],[41.989440255285103,34.359961490186322],[41.989539636914408,34.359799022707122],[41.989636920885836,34.359840325145086]]]},"properties":{"OBJECTID":25,"Name":"صناعي","اسم_المؤسس":" ","Shape_Length":60.557611770344195,"Shape_Area":203.39362409242511}},{"type":"Feature","id":26,"geometry":{"type":"Polygon","coordinates":[[[41.989831483544542,34.359922926303213],[41.989732104349208,34.360085388538323],[41.989634821161872,34.360044087068943],[41.989734201626568,34.359881625778783],[41.989831483544542,34.359922926303213]]]},"properties":{"OBJECTID":26,"Name":"صناعي","اسم_المؤسس":" ","Shape_Length":60.55595906860772,"Shape_Area":203.38369842734255}},{"type":"Feature","id":27,"geometry":{"type":"Polygon","coordinates":[[[41.989734197282623,34.359881625884967],[41.989634817935922,34.360044088049179],[41.989537531613919,34.360002787477349],[41.989636913315955,34.359840326231513],[41.989734197282623,34.359881625884967]]]},"properties":{"OBJECTID":27,"Name":"صناعي","اسم_المؤسس":" ","Shape_Length":60.556348741060695,"Shape_Area":203.3874117625692}},{"type":"Feature","id":28,"geometry":{"type":"Polygon","coordinates":[[[41.990026045354291,34.360005523554626],[41.989926668633636,34.360167985878405],[41.989829384241801,34.360126686402204],[41.989928760027823,34.359964224175854],[41.990026045354291,34.360005523554626]]]},"properties":{"OBJECTID":28,"Name":"صناعي","اسم_المؤسس":" ","Shape_Length":60.555965807059252,"Shape_Area":203.38478513619452}},{"type":"Feature","id":29,"geometry":{"type":"Polygon","coordinates":[[[41.989928769737674,34.359964222135709],[41.989829388681784,34.360126688997838],[41.989732102177229,34.360085388591422],[41.989831483384471,34.35992292180017],[41.989928769737674,34.359964222135709]]]},"properties":{"OBJECTID":29,"Name":"صناعي","اسم_المؤسس":" ","Shape_Length":60.557633780154006,"Shape_Area":203.39500398109226}},{"type":"Feature","id":30,"geometry":{"type":"Polygon","coordinates":[[[41.990123332944009,34.360046822797571],[41.990023956374706,34.360209285192234],[41.989926672977582,34.360167985772208],[41.990026050752206,34.36000552252127],[41.990123332944009,34.360046822797571]]]},"properties":{"OBJECTID":30,"Name":"صناعي","اسم_المؤسس":" ","Shape_Length":60.555846952083456,"Shape_Area":203.38264337434549}},{"type":"Feature","id":31,"geometry":{"type":"Polygon","coordinates":[[[41.990415178564788,34.360170711448923],[41.990315801331555,34.360333173182177],[41.990218516574643,34.360291874036797],[41.990317893927219,34.360129411473849],[41.990415178564788,34.360170711448923]]]},"properties":{"OBJECTID":31,"Name":"صناعي","اسم_المؤسس":" ","Shape_Length":60.555982078522902,"Shape_Area":203.38466723170757}},{"type":"Feature","id":32,"geometry":{"type":"Polygon","coordinates":[[[41.990317901465083,34.360129409486753],[41.990218521014654,34.360291876632424],[41.990121236349012,34.360250577404344],[41.990220616950808,34.360088110329571],[41.990317901465083,34.360129409486753]]]},"properties":{"OBJECTID":32,"Name":"صناعي","اسم_المؤسس":" ","Shape_Length":60.557186905246851,"Shape_Area":203.39048561824359}},{"type":"Feature","id":33,"geometry":{"type":"Polygon","coordinates":[[[41.990512467637586,34.360212011235078],[41.99041309167373,34.360374473913254],[41.990315805707532,34.360333173976564],[41.99041518396271,34.360170710415552],[41.990512467637586,34.360212011235078]]]},"properties":{"OBJECTID":33,"Name":"صناعي","اسم_المؤسس":" ","Shape_Length":60.556254041362216,"Shape_Area":203.38651618776669}},{"type":"Feature","id":34,"geometry":{"type":"Polygon","coordinates":[[[41.99022061714291,34.360088115733227],[41.990121238488967,34.360250576450639],[41.990023953914594,34.360209277139866],[41.990123331537866,34.360046813818045],[41.99022061714291,34.360088115733227]]]},"properties":{"OBJECTID":34,"Name":"صناعي","اسم_المؤسس":" ","Shape_Length":60.556213903288366,"Shape_Area":203.38676464314463}},{"type":"Feature","id":35,"geometry":{"type":"Polygon","coordinates":[[[41.98983358239456,34.359719152689735],[41.989734205586359,34.359881614865294],[41.989636921587689,34.359840314311249],[41.989736299601212,34.359677851279422],[41.98983358239456,34.359719152689735]]]},"properties":{"OBJECTID":35,"Name":"صناعي","اسم_المؤسس":" ","Shape_Length":60.556118559536351,"Shape_Area":203.38538620048624}},{"type":"Feature","id":36,"geometry":{"type":"Polygon","coordinates":[[[41.990125432184115,34.359843050093623],[41.990026053658006,34.36000551253494],[41.989928769353511,34.359964211328418],[41.990028146944987,34.359801748984545],[41.990125432184115,34.359843050093623]]]},"properties":{"OBJECTID":36,"Name":"صناعي","اسم_المؤسس":" ","Shape_Length":60.55634988324104,"Shape_Area":203.38768912577416}},{"type":"Feature","id":37,"geometry":{"type":"Polygon","coordinates":[[[41.990028154514853,34.359801747898082],[41.989928774911498,34.359964214798097],[41.989831490730275,34.359922914409474],[41.989930870517014,34.359760448480955],[41.990028154514853,34.359801747898082]]]},"properties":{"OBJECTID":37,"Name":"صناعي","اسم_المؤسس":" ","Shape_Length":60.557051567605718,"Shape_Area":203.39004400177373}},{"type":"Feature","id":38,"geometry":{"type":"Polygon","coordinates":[[[41.990222718536472,34.359884349292258],[41.9901233412157,34.360046810877272],[41.990026056883941,34.360005511554682],[41.990125434324064,34.359843049139926],[41.990222718536472,34.359884349292258]]]},"properties":{"OBJECTID":38,"Name":"صناعي","اسم_المؤسس":" ","Shape_Length":60.55598207889345,"Shape_Area":203.38466723771847}},{"type":"Feature","id":39,"geometry":{"type":"Polygon","coordinates":[[[41.990514563671134,34.360008236830332],[41.990415187954454,34.360170700402669],[41.990317903284868,34.360129399526969],[41.990417279152908,34.359966936025529],[41.990514563671134,34.360008236830332]]]},"properties":{"OBJECTID":39,"Name":"صناعي","اسم_المؤسس":" ","Shape_Length":60.556294325738563,"Shape_Area":203.38695609383029}},{"type":"Feature","id":40,"geometry":{"type":"Polygon","coordinates":[[[41.990417286690771,34.359966934038454],[41.990317908810866,34.360129402096042],[41.990220623242607,34.360088103866019],[41.990320003477883,34.359925636726814],[41.990417286690771,34.359966934038454]]]},"properties":{"OBJECTID":40,"Name":"صناعي","اسم_المؤسس":" ","Shape_Length":60.557034509005078,"Shape_Area":203.38899064408713}},{"type":"Feature","id":41,"geometry":{"type":"Polygon","coordinates":[[[41.990611850420578,34.360049536598702],[41.990512474791224,34.360211998440697],[41.990415191212414,34.360170700323003],[41.990514568015072,34.36000823672412],[41.990611850420578,34.360049536598702]]]},"properties":{"OBJECTID":41,"Name":"صناعي","اسم_المؤسس":" ","Shape_Length":60.555710972019213,"Shape_Area":203.38171890591587}},{"type":"Feature","id":42,"geometry":{"type":"Polygon","coordinates":[[[41.990320001465996,34.359925641282956],[41.990220625414594,34.360088103812913],[41.99012334204555,34.360046803645858],[41.990222717130315,34.359884340312732],[41.990320001465996,34.359925641282956]]]},"properties":{"OBJECTID":42,"Name":"صناعي","اسم_المؤسس":" ","Shape_Length":60.556022863097965,"Shape_Area":203.38490162179642}},{"type":"Feature","id":43,"geometry":{"type":"Polygon","coordinates":[[[41.989736307139069,34.359677849292368],[41.989636925005698,34.359840318734655],[41.989539641034284,34.359799016296677],[41.98963902341503,34.359636549627119],[41.989736307139069,34.359677849292368]]]},"properties":{"OBJECTID":43,"Name":"صناعي","اسم_المؤسس":" ","Shape_Length":60.557690544919332,"Shape_Area":203.39374367270898}},{"type":"Feature","id":44,"geometry":{"type":"Polygon","coordinates":[[[41.989930870677085,34.359760452983991],[41.989831492902248,34.359922914356382],[41.989734209930297,34.359881614759118],[41.989833586770501,34.359719153484157],[41.989930870677085,34.359760452983991]]]},"properties":{"OBJECTID":44,"Name":"صناعي","اسم_المؤسس":" ","Shape_Length":60.555710617750265,"Shape_Area":203.3826127793975}},{"type":"Feature","id":45,"geometry":{"type":"Polygon","coordinates":[[[41.990663676952011,34.360326237213918],[41.990589145630032,34.360448082498195],[41.990540509149604,34.360427434707191],[41.990615039378305,34.36030558767483],[41.990663676952011,34.360326237213918]]]},"properties":{"OBJECTID":45,"Name":"صناعي","اسم_المؤسس":" ","Shape_Length":40.386054584423874,"Shape_Area":76.260986095292637}},{"type":"Feature","id":46,"geometry":{"type":"Polygon","coordinates":[[[41.990712322022368,34.360346882944036],[41.990637791811118,34.360468727327714],[41.990589149845917,34.360448078789553],[41.990663684425847,34.360326233425603],[41.990712322022368,34.360346882944036]]]},"properties":{"OBJECTID":46,"Name":"صناعي","اسم_المؤسس":" ","Shape_Length":40.386421036481487,"Shape_Area":76.264380022179964}},{"type":"Feature","id":47,"geometry":{"type":"Polygon","coordinates":[[[41.990760968585811,34.360367539434179],[41.99068643740938,34.360489385672217],[41.990637797497257,34.360468734399795],[41.990712329912498,34.360346890863589],[41.990760968585811,34.360367539434179]]]},"properties":{"OBJECTID":47,"Name":"صناعي","اسم_المؤسس":" ","Shape_Length":40.386381901416321,"Shape_Area":76.264318698146155}},{"type":"Feature","id":48,"geometry":{"type":"Polygon","coordinates":[[[41.990809613637758,34.360388183321703],[41.990735082518093,34.360510029586329],[41.990686442711251,34.360489381937001],[41.990760973855643,34.36036753479835],[41.990809613637758,34.360388183321703]]]},"properties":{"OBJECTID":48,"Name":"صناعي","اسم_المؤسس":" ","Shape_Length":40.386580234078203,"Shape_Area":76.264293678188693}},{"type":"Feature","id":49,"geometry":{"type":"Polygon","coordinates":[[[41.991198754628023,34.360553375636549],[41.991124221790471,34.360675222166904],[41.991075581737043,34.360654572881806],[41.991150113577376,34.360532727305163],[41.991198754628023,34.360553375636549]]]},"properties":{"OBJECTID":49,"Name":"صناعي","اسم_المؤسس":" ","Shape_Length":40.386732133140228,"Shape_Area":76.26560767242313}},{"type":"Feature","id":50,"geometry":{"type":"Polygon","coordinates":[[[41.99124739879931,34.360574019364513],[41.991172868158479,34.360695864967731],[41.991124228210353,34.360675219305733],[41.991198758875903,34.36055337282847],[41.99124739879931,34.360574019364513]]]},"properties":{"OBJECTID":50,"Name":"صناعي","اسم_المؤسس":" ","Shape_Length":40.386211938928902,"Shape_Area":76.262401817868977}},{"type":"Feature","id":51,"geometry":{"type":"Polygon","coordinates":[[[41.991101461465448,34.360512072914482],[41.991026930654336,34.360633918437955],[41.990978291796587,34.360613270886148],[41.991052821578478,34.360491425415802],[41.991101461465448,34.360512072914482]]]},"properties":{"OBJECTID":51,"Name":"صناعي","اسم_المؤسس":" ","Shape_Length":40.386133150847243,"Shape_Area":76.262482885402733}},{"type":"Feature","id":52,"geometry":{"type":"Polygon","coordinates":[[[41.991150106741152,34.360532718458465],[41.991075574932836,34.360654564935707],[41.991026935988224,34.360633915603344],[41.991101466799329,34.360512070079864],[41.991150106741152,34.360532718458465]]]},"properties":{"OBJECTID":52,"Name":"صناعي","اسم_المؤسس":" ","Shape_Length":40.38646116995109,"Shape_Area":76.264033857768013}},{"type":"Feature","id":53,"geometry":{"type":"Polygon","coordinates":[[[41.990906892472651,34.360429488438385],[41.99085720587145,34.360510719003024],[41.990808562747887,34.360490070582976],[41.990858253730899,34.360408839929818],[41.990906892472651,34.360429488438385]]]},"properties":{"OBJECTID":53,"Name":"صناعي","اسم_المؤسس":" ","Shape_Length":30.277523853904349,"Shape_Area":50.84402119724848}},{"type":"Feature","id":54,"geometry":{"type":"Polygon","coordinates":[[[41.990858258010817,34.360408838022387],[41.990808567027813,34.360490068675531],[41.990759927120997,34.360469418353922],[41.990809615937835,34.360388186871006],[41.990858258010817,34.360408838022387]]]},"properties":{"OBJECTID":54,"Name":"صناعي","اسم_المؤسس":" ","Shape_Length":30.277948217051208,"Shape_Area":50.845693161402806}},{"type":"Feature","id":55,"geometry":{"type":"Polygon","coordinates":[[[41.991004178552416,34.36047078067795],[41.990954492090943,34.360552013079229],[41.990905852083657,34.360531361919051],[41.990955539733008,34.360450131310152],[41.991004178552416,34.36047078067795]]]},"properties":{"OBJECTID":55,"Name":"صناعي","اسم_المؤسس":" ","Shape_Length":30.277485714475347,"Shape_Area":50.843734391120506}},{"type":"Feature","id":56,"geometry":{"type":"Polygon","coordinates":[[[41.990955545066889,34.36045012847552],[41.990905855277575,34.360531360038166],[41.990857213185173,34.360510710711651],[41.990906901958354,34.360429480093899],[41.990955545066889,34.36045012847552]]]},"properties":{"OBJECTID":56,"Name":"صناعي","اسم_المؤسس":" ","Shape_Length":30.277970577594161,"Shape_Area":50.845936102241922}},{"type":"Feature","id":57,"geometry":{"type":"Polygon","coordinates":[[[41.99105283138443,34.360491426077388],[41.991003144896759,34.360572656695162],[41.990954502822774,34.360552009211226],[41.99100418931625,34.360470777710532],[41.99105283138443,34.360491426077388]]]},"properties":{"OBJECTID":57,"Name":"صناعي","اسم_المؤسس":" ","Shape_Length":30.277547362637076,"Shape_Area":50.844402867990283}},{"type":"Feature","id":58,"geometry":{"type":"Polygon","coordinates":[[[41.990835500610068,34.360245692232738],[41.99076096963978,34.360367538507006],[41.990712329880473,34.360346889962983],[41.990786860875502,34.360225042814697],[41.990835500610068,34.360245692232738]]]},"properties":{"OBJECTID":58,"Name":"صناعي","اسم_المؤسس":" ","Shape_Length":40.386676574563488,"Shape_Area":76.265019233422791}},{"type":"Feature","id":59,"geometry":{"type":"Polygon","coordinates":[[[41.990884144647353,34.360266339722671],[41.990809613637758,34.360388183321703],[41.990760975995606,34.360367533844631],[41.990835504857941,34.360245689424687],[41.990884144647353,34.360266339722671]]]},"properties":{"OBJECTID":59,"Name":"صناعي","اسم_المؤسس":" ","Shape_Length":40.385975100734925,"Shape_Area":76.26284877243377}},{"type":"Feature","id":60,"geometry":{"type":"Polygon","coordinates":[[[41.991273286109362,34.360431527295276],[41.991198754595992,34.360553374735929],[41.991150113545352,34.360532726404564],[41.991224646265536,34.360410880765137],[41.991273286109362,34.360431527295276]]]},"properties":{"OBJECTID":60,"Name":"صناعي","اسم_المؤسس":" ","Shape_Length":40.386675432635293,"Shape_Area":76.264739683897631}},{"type":"Feature","id":61,"geometry":{"type":"Polygon","coordinates":[[[41.991321929266007,34.360452174625657],[41.991247399853272,34.36057401843734],[41.991198761015859,34.360553371874744],[41.991273290389273,34.360431525387831],[41.991321929266007,34.360452174625657]]]},"properties":{"OBJECTID":61,"Name":"صناعي","اسم_المؤسس":" ","Shape_Length":40.385958033975022,"Shape_Area":76.261838401497528}},{"type":"Feature","id":62,"geometry":{"type":"Polygon","coordinates":[[[41.991175994274435,34.360390228202249],[41.991101461433423,34.360512072013876],[41.991052822632433,34.360491424488636],[41.991127354380168,34.360369578928946],[41.991175994274435,34.360390228202249]]]},"properties":{"OBJECTID":62,"Name":"صناعي","اسم_المؤسس":" ","Shape_Length":40.386245268982528,"Shape_Area":76.263252246352096}},{"type":"Feature","id":63,"geometry":{"type":"Polygon","coordinates":[[[41.991224638343326,34.360410871945],[41.991150106709121,34.360532717557867],[41.991101466767304,34.360512069179258],[41.991175999608309,34.360390225367631],[41.991224638343326,34.360410871945]]]},"properties":{"OBJECTID":63,"Name":"صناعي","اسم_المؤسس":" ","Shape_Length":40.386148928652169,"Shape_Area":76.26252666993183}},{"type":"Feature","id":64,"geometry":{"type":"Polygon","coordinates":[[[41.990738208035822,34.360204390992827],[41.990663679091959,34.360326236260207],[41.990615039378305,34.36030558767483],[41.990689570518882,34.360183741480292],[41.990738208035822,34.360204390992827]]]},"properties":{"OBJECTID":64,"Name":"صناعي","اسم_المؤسس":" ","Shape_Length":40.386229994995503,"Shape_Area":76.263004674444076}},{"type":"Feature","id":65,"geometry":{"type":"Polygon","coordinates":[[[41.990786855189377,34.360225035742623],[41.990712321990344,34.36034688204343],[41.990663684393823,34.360326232525004],[41.990738214455682,34.360204388131649],[41.990786855189377,34.360225035742623]]]},"properties":{"OBJECTID":65,"Name":"صناعي","اسم_المؤسس":" ","Shape_Length":40.386325197158058,"Shape_Area":76.263450726949245}},{"type":"Feature","id":66,"geometry":{"type":"Polygon","coordinates":[[[41.990956575596172,34.360348254334895],[41.990906885828608,34.360429484995294],[41.990858247118879,34.360408837387354],[41.990907933666321,34.360327606824335],[41.990956575596172,34.360348254334895]]]},"properties":{"OBJECTID":66,"Name":"صناعي","اسم_المؤسس":" ","Shape_Length":30.277292027421549,"Shape_Area":50.842972492414688}},{"type":"Feature","id":67,"geometry":{"type":"Polygon","coordinates":[[[41.990907939000188,34.360327603989724],[41.990858251366774,34.36040883457931],[41.990809609325822,34.360388184328535],[41.990859299169053,34.360306953703557],[41.990907939000188,34.360327603989724]]]},"properties":{"OBJECTID":67,"Name":"صناعي","اسم_المؤسس":" ","Shape_Length":30.27771653612476,"Shape_Area":50.844988632599581}},{"type":"Feature","id":68,"geometry":{"type":"Polygon","coordinates":[[[41.991053859524335,34.36038954929397],[41.991004173058407,34.360470779009532],[41.990955533153006,34.360450129668294],[41.991005219624746,34.360368899069833],[41.991053859524335,34.36038954929397]]]},"properties":{"OBJECTID":68,"Name":"صناعي","اسم_المؤسس":" ","Shape_Length":30.277213892719359,"Shape_Area":50.84315413484974}},{"type":"Feature","id":69,"geometry":{"type":"Polygon","coordinates":[[[41.991005226044614,34.360368896208662],[41.990955537432917,34.360450127760828],[41.990906895378359,34.360429478452033],[41.990956584059923,34.360348247818173],[41.991005226044614,34.360368896208662]]]},"properties":{"OBJECTID":69,"Name":"صناعي","اسم_المؤسس":" ","Shape_Length":30.277835092583047,"Shape_Area":50.845371113339979}},{"type":"Feature","id":70,"geometry":{"type":"Polygon","coordinates":[[[41.991102514458447,34.360410193721947],[41.991052824836451,34.360491425336122],[41.991004182736248,34.360470776068674],[41.991053870224107,34.360389544525333],[41.991102514458447,34.360410193721947]]]},"properties":{"OBJECTID":70,"Name":"صناعي","اسم_المؤسس":" ","Shape_Length":30.278146341161801,"Shape_Area":50.846721059314056}},{"type":"Feature","id":71,"geometry":{"type":"Polygon","coordinates":[[[41.990663676952011,34.360326237213918],[41.990589145630032,34.360448082498195],[41.990540509149604,34.360427434707191],[41.990615039378305,34.36030558767483],[41.990663676952011,34.360326237213918]]]},"properties":{"OBJECTID":71,"Name":"صناعي","اسم_المؤسس":" ","Shape_Length":40.386054584423874,"Shape_Area":76.260986095292637}},{"type":"Feature","id":72,"geometry":{"type":"Polygon","coordinates":[[[41.990712322022368,34.360346882944036],[41.990637791811118,34.360468727327714],[41.990589149845917,34.360448078789553],[41.990663684425847,34.360326233425603],[41.990712322022368,34.360346882944036]]]},"properties":{"OBJECTID":72,"Name":"صناعي","اسم_المؤسس":" ","Shape_Length":40.386421036481487,"Shape_Area":76.264380022179964}},{"type":"Feature","id":73,"geometry":{"type":"Polygon","coordinates":[[[41.990760968585811,34.360367539434179],[41.99068643740938,34.360489385672217],[41.990637797497257,34.360468734399795],[41.990712329912498,34.360346890863589],[41.990760968585811,34.360367539434179]]]},"properties":{"OBJECTID":73,"Name":"صناعي","اسم_المؤسس":" ","Shape_Length":40.386381901416321,"Shape_Area":76.264318698146155}},{"type":"Feature","id":74,"geometry":{"type":"Polygon","coordinates":[[[41.990809613637758,34.360388183321703],[41.990735082518093,34.360510029586329],[41.990686442711251,34.360489381937001],[41.990760973855643,34.36036753479835],[41.990809613637758,34.360388183321703]]]},"properties":{"OBJECTID":74,"Name":"صناعي","اسم_المؤسس":" ","Shape_Length":40.386580234078203,"Shape_Area":76.264293678188693}},{"type":"Feature","id":75,"geometry":{"type":"Polygon","coordinates":[[[41.991198754628023,34.360553375636549],[41.991124221790471,34.360675222166904],[41.991075581737043,34.360654572881806],[41.991150113577376,34.360532727305163],[41.991198754628023,34.360553375636549]]]},"properties":{"OBJECTID":75,"Name":"صناعي","اسم_المؤسس":" ","Shape_Length":40.386732133140228,"Shape_Area":76.26560767242313}},{"type":"Feature","id":76,"geometry":{"type":"Polygon","coordinates":[[[41.99124739879931,34.360574019364513],[41.991172868158479,34.360695864967731],[41.991124228210353,34.360675219305733],[41.991198758875903,34.36055337282847],[41.99124739879931,34.360574019364513]]]},"properties":{"OBJECTID":76,"Name":"صناعي","اسم_المؤسس":" ","Shape_Length":40.386211938928902,"Shape_Area":76.262401817868977}},{"type":"Feature","id":77,"geometry":{"type":"Polygon","coordinates":[[[41.991101461465448,34.360512072914482],[41.991026930654336,34.360633918437955],[41.990978291796587,34.360613270886148],[41.991052821578478,34.360491425415802],[41.991101461465448,34.360512072914482]]]},"properties":{"OBJECTID":77,"Name":"صناعي","اسم_المؤسس":" ","Shape_Length":40.386133150847243,"Shape_Area":76.262482885402733}},{"type":"Feature","id":78,"geometry":{"type":"Polygon","coordinates":[[[41.991150106741152,34.360532718458465],[41.991075574932836,34.360654564935707],[41.991026935988224,34.360633915603344],[41.991101466799329,34.360512070079864],[41.991150106741152,34.360532718458465]]]},"properties":{"OBJECTID":78,"Name":"صناعي","اسم_المؤسس":" ","Shape_Length":40.38646116995109,"Shape_Area":76.264033857768013}},{"type":"Feature","id":79,"geometry":{"type":"Polygon","coordinates":[[[41.990906892472651,34.360429488438385],[41.99085720587145,34.360510719003024],[41.990808562747887,34.360490070582976],[41.990858253730899,34.360408839929818],[41.990906892472651,34.360429488438385]]]},"properties":{"OBJECTID":79,"Name":"صناعي","اسم_المؤسس":" ","Shape_Length":30.277523853904349,"Shape_Area":50.84402119724848}},{"type":"Feature","id":80,"geometry":{"type":"Polygon","coordinates":[[[41.990858258010817,34.360408838022387],[41.990808567027813,34.360490068675531],[41.990759927120997,34.360469418353922],[41.990809615937835,34.360388186871006],[41.990858258010817,34.360408838022387]]]},"properties":{"OBJECTID":80,"Name":"صناعي","اسم_المؤسس":" ","Shape_Length":30.277948217051208,"Shape_Area":50.845693161402806}},{"type":"Feature","id":81,"geometry":{"type":"Polygon","coordinates":[[[41.991004178552416,34.36047078067795],[41.990954492090943,34.360552013079229],[41.990905852083657,34.360531361919051],[41.990955539733008,34.360450131310152],[41.991004178552416,34.36047078067795]]]},"properties":{"OBJECTID":81,"Name":"صناعي","اسم_المؤسس":" ","Shape_Length":30.277485714475347,"Shape_Area":50.843734391120506}},{"type":"Feature","id":82,"geometry":{"type":"Polygon","coordinates":[[[41.990955545066889,34.36045012847552],[41.990905855277575,34.360531360038166],[41.990857213185173,34.360510710711651],[41.990906901958354,34.360429480093899],[41.990955545066889,34.36045012847552]]]},"properties":{"OBJECTID":82,"Name":"صناعي","اسم_المؤسس":" ","Shape_Length":30.277970577594161,"Shape_Area":50.845936102241922}},{"type":"Feature","id":83,"geometry":{"type":"Polygon","coordinates":[[[41.99105283138443,34.360491426077388],[41.991003144896759,34.360572656695162],[41.990954502822774,34.360552009211226],[41.99100418931625,34.360470777710532],[41.99105283138443,34.360491426077388]]]},"properties":{"OBJECTID":83,"Name":"صناعي","اسم_المؤسس":" ","Shape_Length":30.277547362637076,"Shape_Area":50.844402867990283}},{"type":"Feature","id":84,"geometry":{"type":"Polygon","coordinates":[[[41.990835500610068,34.360245692232738],[41.99076096963978,34.360367538507006],[41.990712329880473,34.360346889962983],[41.990786860875502,34.360225042814697],[41.990835500610068,34.360245692232738]]]},"properties":{"OBJECTID":84,"Name":"صناعي","اسم_المؤسس":" ","Shape_Length":40.386676574563488,"Shape_Area":76.265019233422791}},{"type":"Feature","id":85,"geometry":{"type":"Polygon","coordinates":[[[41.990884144647353,34.360266339722671],[41.990809613637758,34.360388183321703],[41.990760975995606,34.360367533844631],[41.990835504857941,34.360245689424687],[41.990884144647353,34.360266339722671]]]},"properties":{"OBJECTID":85,"Name":"صناعي","اسم_المؤسس":" ","Shape_Length":40.385975100734925,"Shape_Area":76.26284877243377}},{"type":"Feature","id":86,"geometry":{"type":"Polygon","coordinates":[[[41.991273286109362,34.360431527295276],[41.991198754595992,34.360553374735929],[41.991150113545352,34.360532726404564],[41.991224646265536,34.360410880765137],[41.991273286109362,34.360431527295276]]]},"properties":{"OBJECTID":86,"Name":"صناعي","اسم_المؤسس":" ","Shape_Length":40.386675432635293,"Shape_Area":76.264739683897631}},{"type":"Feature","id":87,"geometry":{"type":"Polygon","coordinates":[[[41.991321929266007,34.360452174625657],[41.991247399853272,34.36057401843734],[41.991198761015859,34.360553371874744],[41.991273290389273,34.360431525387831],[41.991321929266007,34.360452174625657]]]},"properties":{"OBJECTID":87,"Name":"صناعي","اسم_المؤسس":" ","Shape_Length":40.385958033975022,"Shape_Area":76.261838401497528}},{"type":"Feature","id":88,"geometry":{"type":"Polygon","coordinates":[[[41.991175994274435,34.360390228202249],[41.991101461433423,34.360512072013876],[41.991052822632433,34.360491424488636],[41.991127354380168,34.360369578928946],[41.991175994274435,34.360390228202249]]]},"properties":{"OBJECTID":88,"Name":"صناعي","اسم_المؤسس":" ","Shape_Length":40.386245268982528,"Shape_Area":76.263252246352096}},{"type":"Feature","id":89,"geometry":{"type":"Polygon","coordinates":[[[41.991224638343326,34.360410871945],[41.991150106709121,34.360532717557867],[41.991101466767304,34.360512069179258],[41.991175999608309,34.360390225367631],[41.991224638343326,34.360410871945]]]},"properties":{"OBJECTID":89,"Name":"صناعي","اسم_المؤسس":" ","Shape_Length":40.386148928652169,"Shape_Area":76.26252666993183}},{"type":"Feature","id":90,"geometry":{"type":"Polygon","coordinates":[[[41.990738208035822,34.360204390992827],[41.990663679091959,34.360326236260207],[41.990615039378305,34.36030558767483],[41.990689570518882,34.360183741480292],[41.990738208035822,34.360204390992827]]]},"properties":{"OBJECTID":90,"Name":"صناعي","اسم_المؤسس":" ","Shape_Length":40.386229994995503,"Shape_Area":76.263004674444076}},{"type":"Feature","id":91,"geometry":{"type":"Polygon","coordinates":[[[41.990786855189377,34.360225035742623],[41.990712321990344,34.36034688204343],[41.990663684393823,34.360326232525004],[41.990738214455682,34.360204388131649],[41.990786855189377,34.360225035742623]]]},"properties":{"OBJECTID":91,"Name":"صناعي","اسم_المؤسس":" ","Shape_Length":40.386325197158058,"Shape_Area":76.263450726949245}},{"type":"Feature","id":92,"geometry":{"type":"Polygon","coordinates":[[[41.990956575596172,34.360348254334895],[41.990906885828608,34.360429484995294],[41.990858247118879,34.360408837387354],[41.990907933666321,34.360327606824335],[41.990956575596172,34.360348254334895]]]},"properties":{"OBJECTID":92,"Name":"صناعي","اسم_المؤسس":" ","Shape_Length":30.277292027421549,"Shape_Area":50.842972492414688}},{"type":"Feature","id":93,"geometry":{"type":"Polygon","coordinates":[[[41.990907939000188,34.360327603989724],[41.990858251366774,34.36040883457931],[41.990809609325822,34.360388184328535],[41.990859299169053,34.360306953703557],[41.990907939000188,34.360327603989724]]]},"properties":{"OBJECTID":93,"Name":"صناعي","اسم_المؤسس":" ","Shape_Length":30.27771653612476,"Shape_Area":50.844988632599581}},{"type":"Feature","id":94,"geometry":{"type":"Polygon","coordinates":[[[41.991053859524335,34.36038954929397],[41.991004173058407,34.360470779009532],[41.990955533153006,34.360450129668294],[41.991005219624746,34.360368899069833],[41.991053859524335,34.36038954929397]]]},"properties":{"OBJECTID":94,"Name":"صناعي","اسم_المؤسس":" ","Shape_Length":30.277213892719359,"Shape_Area":50.84315413484974}},{"type":"Feature","id":95,"geometry":{"type":"Polygon","coordinates":[[[41.991005226044614,34.360368896208662],[41.990955537432917,34.360450127760828],[41.990906895378359,34.360429478452033],[41.990956584059923,34.360348247818173],[41.991005226044614,34.360368896208662]]]},"properties":{"OBJECTID":95,"Name":"صناعي","اسم_المؤسس":" ","Shape_Length":30.277835092583047,"Shape_Area":50.845371113339979}},{"type":"Feature","id":96,"geometry":{"type":"Polygon","coordinates":[[[41.991102514458447,34.360410193721947],[41.991052824836451,34.360491425336122],[41.991004182736248,34.360470776068674],[41.991053870224107,34.360389544525333],[41.991102514458447,34.360410193721947]]]},"properties":{"OBJECTID":96,"Name":"صناعي","اسم_المؤسس":" ","Shape_Length":30.278146341161801,"Shape_Area":50.846721059314056}},{"type":"Feature","id":97,"geometry":{"type":"Polygon","coordinates":[[[41.991609030884774,34.360670203913273],[41.991509654494692,34.360832668343811],[41.991412368626456,34.360791370213015],[41.991511744113943,34.360628906780512],[41.991609030884774,34.360670203913273]]]},"properties":{"OBJECTID":97,"Name":"صناعي","اسم_المؤسس":" ","Shape_Length":60.556196839711106,"Shape_Area":203.38571130913397}},{"type":"Feature","id":98,"geometry":{"type":"Polygon","coordinates":[[[41.991900885357033,34.36079409857706],[41.991801510475042,34.360956562293069],[41.991704224268922,34.360915262609183],[41.991803599334332,34.360752799864684],[41.991900885357033,34.36079409857706]]]},"properties":{"OBJECTID":98,"Name":"صناعي","اسم_المؤسس":" ","Shape_Length":60.556078420663397,"Shape_Area":203.3856346600642}},{"type":"Feature","id":99,"geometry":{"type":"Polygon","coordinates":[[[41.991803608054319,34.360752800552753],[41.991704228773081,34.360915267005957],[41.991606944830224,34.360873967186244],[41.991706320940779,34.360711499082406],[41.991803608054319,34.360752800552753]]]},"properties":{"OBJECTID":99,"Name":"صناعي","اسم_المؤسس":" ","Shape_Length":60.557164835619567,"Shape_Area":203.39137645253044}},{"type":"Feature","id":100,"geometry":{"type":"Polygon","coordinates":[[[41.991998176868954,34.360835396173279],[41.99189880111642,34.360997861787943],[41.991801514786992,34.36095656128618],[41.991900889701014,34.360794098470791],[41.991998176868954,34.360835396173279]]]},"properties":{"OBJECTID":100,"Name":"صناعي","اسم_المؤسس":" ","Shape_Length":60.556389522852712,"Shape_Area":203.38764617664714}},{"type":"Feature","id":101,"geometry":{"type":"Polygon","coordinates":[[[41.992290026686071,34.360959280971272],[41.992190651355635,34.361121745897954],[41.992093365902477,34.361080447418971],[41.992192740362377,34.360917984390966],[41.992290026686071,34.360959280971272]]]},"properties":{"OBJECTID":101,"Name":"صناعي","اسم_المؤسس":" ","Shape_Length":60.55598193363749,"Shape_Area":203.38397886287697}},{"type":"Feature","id":102,"geometry":{"type":"Polygon","coordinates":[[[41.992192747900262,34.360917982403762],[41.992093370374626,34.361080450915132],[41.991996083894691,34.36103915147941],[41.992095461571715,34.360876683038924],[41.992192747900262,34.360917982403762]]]},"properties":{"OBJECTID":102,"Name":"صناعي","اسم_المؤسس":" ","Shape_Length":60.55737958878948,"Shape_Area":203.39242053575688}},{"type":"Feature","id":103,"geometry":{"type":"Polygon","coordinates":[[[41.992387317541159,34.361000580064378],[41.992287942330073,34.361163044161337],[41.992190655731676,34.361121746692277],[41.992290031030066,34.360959280864989],[41.992387317541159,34.361000580064378]]]},"properties":{"OBJECTID":103,"Name":"صناعي","اسم_المؤسس":" ","Shape_Length":60.556389375859567,"Shape_Area":203.38695780701642}},{"type":"Feature","id":104,"geometry":{"type":"Polygon","coordinates":[[[41.992095461731907,34.36087668754196],[41.991996086066685,34.361039151426269],[41.991898799710064,34.360997852808453],[41.991998174440674,34.360835389021567],[41.992095461731907,34.36087668754196]]]},"properties":{"OBJECTID":104,"Name":"صناعي","اسم_المؤسس":" ","Shape_Length":60.556253540018474,"Shape_Area":203.38672169321759}},{"type":"Feature","id":105,"geometry":{"type":"Polygon","coordinates":[[[41.991708414125895,34.360507728425084],[41.991609039188326,34.36067019289348],[41.991511753471471,34.36062889483356],[41.991611128592446,34.360466431336654],[41.991708414125895,34.360507728425084]]]},"properties":{"OBJECTID":105,"Name":"صناعي","اسم_المؤسس":" ","Shape_Length":60.556061357784287,"Shape_Area":203.38458133105348}},{"type":"Feature","id":106,"geometry":{"type":"Polygon","coordinates":[[[41.992000269197966,34.360631621949061],[41.991900894714526,34.360794086630086],[41.9918036065839,34.36075278977205],[41.991902982336754,34.360590326035947],[41.992000269197966,34.360631621949061]]]},"properties":{"OBJECTID":106,"Name":"صناعي","اسم_المؤسس":" ","Shape_Length":60.556275770696871,"Shape_Area":203.38651929429625}},{"type":"Feature","id":107,"geometry":{"type":"Polygon","coordinates":[[[41.991902990960625,34.360590324022191],[41.991803612109983,34.360752792341032],[41.991706326114475,34.360711491744716],[41.991805702912472,34.360549022649295],[41.991902990960625,34.360590324022191]]]},"properties":{"OBJECTID":107,"Name":"صناعي","اسم_المؤسس":" ","Shape_Length":60.557787181233849,"Shape_Area":203.39608795005103}},{"type":"Feature","id":108,"geometry":{"type":"Polygon","coordinates":[[[41.992097558418529,34.360672920428136],[41.991998186290509,34.36083538602751],[41.991900899026462,34.360794085623205],[41.992000272455932,34.360631621869359],[41.992097558418529,34.360672920428136]]]},"properties":{"OBJECTID":108,"Name":"صناعي","اسم_المؤسس":" ","Shape_Length":60.556334112300718,"Shape_Area":203.38760150693406}},{"type":"Feature","id":109,"geometry":{"type":"Polygon","coordinates":[[[41.992389408867481,34.360796804986911],[41.99229003495752,34.360959269050831],[41.992192748633826,34.360917972470531],[41.99229212266313,34.360755507576883],[41.992389408867481,34.360796804986911]]]},"properties":{"OBJECTID":109,"Name":"صناعي","اسم_المؤسس":" ","Shape_Length":60.556061357784287,"Shape_Area":203.38458133105348}},{"type":"Feature","id":110,"geometry":{"type":"Polygon","coordinates":[[[41.992292129147053,34.36075550651686],[41.992192753105975,34.360917975966672],[41.99209546674539,34.360876675701228],[41.992194844055881,34.360714207196324],[41.992292129147053,34.36075550651686]]]},"properties":{"OBJECTID":110,"Name":"صناعي","اسم_المؤسس":" ","Shape_Length":60.557380090411627,"Shape_Area":203.39221501110595}},{"type":"Feature","id":111,"geometry":{"type":"Polygon","coordinates":[[[41.992486698485173,34.360838104035714],[41.992387326898587,34.361000568117369],[41.992290039333547,34.360959269845154],[41.992389412125469,34.360796804907203],[41.992486698485173,34.360838104035714]]]},"properties":{"OBJECTID":111,"Name":"صناعي","اسم_المؤسس":" ","Shape_Length":60.556198130192556,"Shape_Area":203.38667702749359}},{"type":"Feature","id":112,"geometry":{"type":"Polygon","coordinates":[[[41.99219484421608,34.36071421169936],[41.99209546891737,34.360876675648086],[41.991998183798138,34.360835377074586],[41.992097558162222,34.36067291322329],[41.99219484421608,34.36071421169936]]]},"properties":{"OBJECTID":112,"Name":"صناعي","اسم_المؤسس":" ","Shape_Length":60.556078274345651,"Shape_Area":203.38494629623355}},{"type":"Feature","id":113,"geometry":{"type":"Polygon","coordinates":[[[41.991611137216303,34.360466429322926],[41.991511759029571,34.360628898303162],[41.991414472285946,34.360587599286497],[41.99151385171006,34.360425130350585],[41.991611137216303,34.360466429322926]]]},"properties":{"OBJECTID":113,"Name":"صناعي","اسم_المؤسس":" ","Shape_Length":60.557594345680798,"Shape_Area":203.39346461148699}},{"type":"Feature","id":114,"geometry":{"type":"Polygon","coordinates":[[[41.991805703104681,34.360549028052937],[41.991706329404501,34.360711492565628],[41.991609043532307,34.360670192787225],[41.991708418501879,34.360507729219428],[41.991805703104681,34.360549028052937]]]},"properties":{"OBJECTID":114,"Name":"صناعي","اسم_المؤسس":" ","Shape_Length":60.556118558433269,"Shape_Area":203.38538619597327}},{"type":"Feature","id":115,"geometry":{"type":"Polygon","coordinates":[[[41.991511753855853,34.360628905640837],[41.991412373098562,34.360791373709176],[41.991315086171532,34.360750073721015],[41.991414467048166,34.360587604822953],[41.991511753855853,34.360628905640837]]]},"properties":{"OBJECTID":115,"Name":"صناعي","اسم_المؤسس":" ","Shape_Length":60.55788222882591,"Shape_Area":203.39608964202762}},{"type":"Feature","id":116,"geometry":{"type":"Polygon","coordinates":[[[41.99170632113298,34.360711504486041],[41.991606947002211,34.360873967133109],[41.991509657784711,34.360832669164722],[41.991609036314735,34.360670203780451],[41.99170632113298,34.360711504486041]]]},"properties":{"OBJECTID":116,"Name":"صناعي","اسم_المؤسس":" ","Shape_Length":60.556525007235706,"Shape_Area":203.38877616472757}},{"type":"Feature","id":117,"geometry":{"type":"Polygon","coordinates":[[[41.991609030884774,34.360670203913273],[41.991509654494692,34.360832668343811],[41.991412368626456,34.360791370213015],[41.991511744113943,34.360628906780512],[41.991609030884774,34.360670203913273]]]},"properties":{"OBJECTID":117,"Name":"صناعي","اسم_المؤسس":" ","Shape_Length":60.556196839711106,"Shape_Area":203.38571130913397}},{"type":"Feature","id":118,"geometry":{"type":"Polygon","coordinates":[[[41.991900885357033,34.36079409857706],[41.991801510475042,34.360956562293069],[41.991704224268922,34.360915262609183],[41.991803599334332,34.360752799864684],[41.991900885357033,34.36079409857706]]]},"properties":{"OBJECTID":118,"Name":"صناعي","اسم_المؤسس":" ","Shape_Length":60.556078420663397,"Shape_Area":203.3856346600642}},{"type":"Feature","id":119,"geometry":{"type":"Polygon","coordinates":[[[41.991803608054319,34.360752800552753],[41.991704228773081,34.360915267005957],[41.991606944830224,34.360873967186244],[41.991706320940779,34.360711499082406],[41.991803608054319,34.360752800552753]]]},"properties":{"OBJECTID":119,"Name":"صناعي","اسم_المؤسس":" ","Shape_Length":60.557164835619567,"Shape_Area":203.39137645253044}},{"type":"Feature","id":120,"geometry":{"type":"Polygon","coordinates":[[[41.991998176868954,34.360835396173279],[41.99189880111642,34.360997861787943],[41.991801514786992,34.36095656128618],[41.991900889701014,34.360794098470791],[41.991998176868954,34.360835396173279]]]},"properties":{"OBJECTID":120,"Name":"صناعي","اسم_المؤسس":" ","Shape_Length":60.556389522852712,"Shape_Area":203.38764617664714}},{"type":"Feature","id":121,"geometry":{"type":"Polygon","coordinates":[[[41.992290026686071,34.360959280971272],[41.992190651355635,34.361121745897954],[41.992093365902477,34.361080447418971],[41.992192740362377,34.360917984390966],[41.992290026686071,34.360959280971272]]]},"properties":{"OBJECTID":121,"Name":"صناعي","اسم_المؤسس":" ","Shape_Length":60.55598193363749,"Shape_Area":203.38397886287697}},{"type":"Feature","id":122,"geometry":{"type":"Polygon","coordinates":[[[41.992192747900262,34.360917982403762],[41.992093370374626,34.361080450915132],[41.991996083894691,34.36103915147941],[41.992095461571715,34.360876683038924],[41.992192747900262,34.360917982403762]]]},"properties":{"OBJECTID":122,"Name":"صناعي","اسم_المؤسس":" ","Shape_Length":60.55737958878948,"Shape_Area":203.39242053575688}},{"type":"Feature","id":123,"geometry":{"type":"Polygon","coordinates":[[[41.992387317541159,34.361000580064378],[41.992287942330073,34.361163044161337],[41.992190655731676,34.361121746692277],[41.992290031030066,34.360959280864989],[41.992387317541159,34.361000580064378]]]},"properties":{"OBJECTID":123,"Name":"صناعي","اسم_المؤسس":" ","Shape_Length":60.556389375859567,"Shape_Area":203.38695780701642}},{"type":"Feature","id":124,"geometry":{"type":"Polygon","coordinates":[[[41.992095461731907,34.36087668754196],[41.991996086066685,34.361039151426269],[41.991898799710064,34.360997852808453],[41.991998174440674,34.360835389021567],[41.992095461731907,34.36087668754196]]]},"properties":{"OBJECTID":124,"Name":"صناعي","اسم_المؤسس":" ","Shape_Length":60.556253540018474,"Shape_Area":203.38672169321759}},{"type":"Feature","id":125,"geometry":{"type":"Polygon","coordinates":[[[41.991708414125895,34.360507728425084],[41.991609039188326,34.36067019289348],[41.991511753471471,34.36062889483356],[41.991611128592446,34.360466431336654],[41.991708414125895,34.360507728425084]]]},"properties":{"OBJECTID":125,"Name":"صناعي","اسم_المؤسس":" ","Shape_Length":60.556061357784287,"Shape_Area":203.38458133105348}},{"type":"Feature","id":126,"geometry":{"type":"Polygon","coordinates":[[[41.992000269197966,34.360631621949061],[41.991900894714526,34.360794086630086],[41.9918036065839,34.36075278977205],[41.991902982336754,34.360590326035947],[41.992000269197966,34.360631621949061]]]},"properties":{"OBJECTID":126,"Name":"صناعي","اسم_المؤسس":" ","Shape_Length":60.556275770696871,"Shape_Area":203.38651929429625}},{"type":"Feature","id":127,"geometry":{"type":"Polygon","coordinates":[[[41.991902990960625,34.360590324022191],[41.991803612109983,34.360752792341032],[41.991706326114475,34.360711491744716],[41.991805702912472,34.360549022649295],[41.991902990960625,34.360590324022191]]]},"properties":{"OBJECTID":127,"Name":"صناعي","اسم_المؤسس":" ","Shape_Length":60.557787181233849,"Shape_Area":203.39608795005103}},{"type":"Feature","id":128,"geometry":{"type":"Polygon","coordinates":[[[41.992097558418529,34.360672920428136],[41.991998186290509,34.36083538602751],[41.991900899026462,34.360794085623205],[41.992000272455932,34.360631621869359],[41.992097558418529,34.360672920428136]]]},"properties":{"OBJECTID":128,"Name":"صناعي","اسم_المؤسس":" ","Shape_Length":60.556334112300718,"Shape_Area":203.38760150693406}},{"type":"Feature","id":129,"geometry":{"type":"Polygon","coordinates":[[[41.992389408867481,34.360796804986911],[41.99229003495752,34.360959269050831],[41.992192748633826,34.360917972470531],[41.99229212266313,34.360755507576883],[41.992389408867481,34.360796804986911]]]},"properties":{"OBJECTID":129,"Name":"صناعي","اسم_المؤسس":" ","Shape_Length":60.556061357784287,"Shape_Area":203.38458133105348}},{"type":"Feature","id":130,"geometry":{"type":"Polygon","coordinates":[[[41.992292129147053,34.36075550651686],[41.992192753105975,34.360917975966672],[41.99209546674539,34.360876675701228],[41.992194844055881,34.360714207196324],[41.992292129147053,34.36075550651686]]]},"properties":{"OBJECTID":130,"Name":"صناعي","اسم_المؤسس":" ","Shape_Length":60.557380090411627,"Shape_Area":203.39221501110595}},{"type":"Feature","id":131,"geometry":{"type":"Polygon","coordinates":[[[41.992486698485173,34.360838104035714],[41.992387326898587,34.361000568117369],[41.992290039333547,34.360959269845154],[41.992389412125469,34.360796804907203],[41.992486698485173,34.360838104035714]]]},"properties":{"OBJECTID":131,"Name":"صناعي","اسم_المؤسس":" ","Shape_Length":60.556198130192556,"Shape_Area":203.38667702749359}},{"type":"Feature","id":132,"geometry":{"type":"Polygon","coordinates":[[[41.99219484421608,34.36071421169936],[41.99209546891737,34.360876675648086],[41.991998183798138,34.360835377074586],[41.992097558162222,34.36067291322329],[41.99219484421608,34.36071421169936]]]},"properties":{"OBJECTID":132,"Name":"صناعي","اسم_المؤسس":" ","Shape_Length":60.556078274345651,"Shape_Area":203.38494629623355}},{"type":"Feature","id":133,"geometry":{"type":"Polygon","coordinates":[[[41.991805703104681,34.360549028052937],[41.991706329404501,34.360711492565628],[41.991609043532307,34.360670192787225],[41.991708418501879,34.360507729219428],[41.991805703104681,34.360549028052937]]]},"properties":{"OBJECTID":133,"Name":"صناعي","اسم_المؤسس":" ","Shape_Length":60.556118558433269,"Shape_Area":203.38538619597327}},{"type":"Feature","id":134,"geometry":{"type":"Polygon","coordinates":[[[41.99170632113298,34.360711504486041],[41.991606947002211,34.360873967133109],[41.991509657784711,34.360832669164722],[41.991609036314735,34.360670203780451],[41.99170632113298,34.360711504486041]]]},"properties":{"OBJECTID":134,"Name":"صناعي","اسم_المؤسس":" ","Shape_Length":60.556525007235706,"Shape_Area":203.38877616472757}},{"type":"Feature","id":136,"geometry":{"type":"Polygon","coordinates":[[[41.990363500610805,34.358836113085587],[41.990264124624133,34.358998573829346],[41.990166841516555,34.358957275453378],[41.990266218612469,34.358794811151512],[41.990363500610805,34.358836113085587]]]},"properties":{"OBJECTID":136,"Name":"صناعي","اسم_المؤسس":" ","Shape_Length":60.556078279014287,"Shape_Area":203.38494629543345}},{"type":"Feature","id":137,"geometry":{"type":"Polygon","coordinates":[[[41.990655345619153,34.358960005809642],[41.990555972322518,34.359122468514144],[41.99045868897317,34.359081171286896],[41.990558063475106,34.358918707726112],[41.990655345619153,34.358960005809642]]]},"properties":{"OBJECTID":137,"Name":"صناعي","اسم_المؤسس":" ","Shape_Length":60.555733841839654,"Shape_Area":203.38199938543949}},{"type":"Feature","id":138,"geometry":{"type":"Polygon","coordinates":[[[41.990558072098835,34.358918705712469],[41.990458694531107,34.359081174756547],[41.990361410058973,34.359039873870728],[41.990460787810072,34.358877405798133],[41.990558072098835,34.358918705712469]]]},"properties":{"OBJECTID":138,"Name":"صناعي","اسم_المؤسس":" ","Shape_Length":60.557674414331998,"Shape_Area":203.3945499691192}},{"type":"Feature","id":139,"geometry":{"type":"Polygon","coordinates":[[[41.990752634498385,34.359001307253571],[41.990653259149148,34.359163769181443],[41.990555976666421,34.359122468407925],[41.990655348877063,34.35896000572999],[41.990752634498385,34.359001307253571]]]},"properties":{"OBJECTID":139,"Name":"صناعي","اسم_المؤسس":" ","Shape_Length":60.556118854112761,"Shape_Area":203.38676291415837}},{"type":"Feature","id":140,"geometry":{"type":"Polygon","coordinates":[[[41.991044476129886,34.35912519548895],[41.990945103406659,34.359287657576317],[41.99084781844617,34.359246356203435],[41.990947192374705,34.359083893259765],[41.991044476129886,34.35912519548895]]]},"properties":{"OBJECTID":140,"Name":"صناعي","اسم_المؤسس":" ","Shape_Length":60.556215197716298,"Shape_Area":203.38773032150422}},{"type":"Feature","id":141,"geometry":{"type":"Polygon","coordinates":[[[41.990947199944486,34.35908389217326],[41.990847822982211,34.359246361500851],[41.990750538144994,34.359205060945854],[41.990849916376646,34.359042592563199],[41.990947199944486,34.35908389217326]]]},"properties":{"OBJECTID":141,"Name":"صناعي","اسم_المؤسس":" ","Shape_Length":60.557634630501497,"Shape_Area":203.39390453573975}},{"type":"Feature","id":142,"geometry":{"type":"Polygon","coordinates":[[[41.991141765182036,34.35916649119838],[41.991042390534304,34.359328956111561],[41.990945107718538,34.359287656569492],[41.991044479387803,34.359125195409277],[41.991141765182036,34.35916649119838]]]},"properties":{"OBJECTID":142,"Name":"صناعي","اسم_المؤسس":" ","Shape_Length":60.555869471621079,"Shape_Area":203.38381771694182}},{"type":"Feature","id":143,"geometry":{"type":"Polygon","coordinates":[[[41.99084991653676,34.359042597066221],[41.990750540316959,34.359205060892748],[41.990653256689022,34.359163761129103],[41.990752630984289,34.359001300128376],[41.99084991653676,34.359042597066221]]]},"properties":{"OBJECTID":143,"Name":"صناعي","اسم_المؤسس":" ","Shape_Length":60.55606100918147,"Shape_Area":203.38547520054607}},{"type":"Feature","id":144,"geometry":{"type":"Polygon","coordinates":[[[41.990462883320482,34.358673637681832],[41.990363509968319,34.358836101138721],[41.990266228002014,34.358794800105258],[41.990365600419558,34.358632336745792],[41.990462883320482,34.358673637681832]]]},"properties":{"OBJECTID":144,"Name":"صناعي","اسم_المؤسس":" ","Shape_Length":60.556063151175849,"Shape_Area":203.38534151024928}},{"type":"Feature","id":145,"geometry":{"type":"Polygon","coordinates":[[[41.990754731196702,34.358797531914803],[41.990655354944607,34.358959992962156],[41.990558072832606,34.358918695779238],[41.990657448086019,34.358756233028103],[41.990754731196702,34.358797531914803]]]},"properties":{"OBJECTID":145,"Name":"صناعي","اسم_المؤسس":" ","Shape_Length":60.555709971595569,"Shape_Area":203.38212988879806}},{"type":"Feature","id":146,"geometry":{"type":"Polygon","coordinates":[[[41.990657456709741,34.358756231014439],[41.990558078390528,34.358918699248896],[41.990460795187744,34.358877399308],[41.990560171486365,34.358714931197539],[41.990657456709741,34.358756231014439]]]},"properties":{"OBJECTID":146,"Name":"صناعي","اسم_المؤسس":" ","Shape_Length":60.557538437817612,"Shape_Area":203.39362550343384}},{"type":"Feature","id":147,"geometry":{"type":"Polygon","coordinates":[[[41.99085201765655,34.358838830639122],[41.99075264059794,34.359001295386356],[41.990655357116559,34.358959992909043],[41.990754734454612,34.358797531835137],[41.99085201765655,34.358838830639122]]]},"properties":{"OBJECTID":147,"Name":"صناعي","اسم_المؤسس":" ","Shape_Length":60.556405799270706,"Shape_Area":203.38752829684745}},{"type":"Feature","id":148,"geometry":{"type":"Polygon","coordinates":[[[41.991143858801927,34.358962717761273],[41.991044485487322,34.359125183542034],[41.990947200646175,34.359083881339416],[41.991046575326209,34.35892141920538],[41.991143858801927,34.358962717761273]]]},"properties":{"OBJECTID":148,"Name":"صناعي","اسم_المؤسس":" ","Shape_Length":60.55642980873742,"Shape_Area":203.38808608089982}},{"type":"Feature","id":149,"geometry":{"type":"Polygon","coordinates":[[[41.991046585067927,34.358921418065748],[41.990947207322137,34.359083885683098],[41.990849922636301,34.359042585198999],[41.990949300533451,34.358880117652525],[41.991046585067927,34.358921418065748]]]},"properties":{"OBJECTID":149,"Name":"صناعي","اسم_المؤسس":" ","Shape_Length":60.557554853320909,"Shape_Area":203.3941959752446}},{"type":"Feature","id":150,"geometry":{"type":"Polygon","coordinates":[[[41.991241147830799,34.359004017002235],[41.991141771313572,34.359166480231742],[41.991044488713221,34.359125182561748],[41.991143863145815,34.358962717655025],[41.991241147830799,34.359004017002235]]]},"properties":{"OBJECTID":150,"Name":"صناعي","اسم_المؤسس":" ","Shape_Length":60.556293033932533,"Shape_Area":203.38599036945993}},{"type":"Feature","id":151,"geometry":{"type":"Polygon","coordinates":[[[41.990949298521627,34.358880122208674],[41.990849925926234,34.359042586019939],[41.990752641395716,34.35900128725433],[41.990852014142462,34.358838823513935],[41.990949298521627,34.358880122208674]]]},"properties":{"OBJECTID":151,"Name":"صناعي","اسم_المؤسس":" ","Shape_Length":60.556181213822086,"Shape_Area":203.38631209811348}},{"type":"Feature","id":152,"geometry":{"type":"Polygon","coordinates":[[[41.990365607989332,34.358632335659316],[41.990266232441947,34.358794802700871],[41.990168947341012,34.358753502564973],[41.990268326329677,34.358591036415241],[41.990365607989332,34.358632335659316]]]},"properties":{"OBJECTID":152,"Name":"صناعي","اسم_المؤسس":" ","Shape_Length":60.557091355145502,"Shape_Area":203.3906894512013}},{"type":"Feature","id":153,"geometry":{"type":"Polygon","coordinates":[[[41.990560170592516,34.358714936627742],[41.990460797359688,34.358877399254901],[41.990363514312207,34.358836101032516],[41.990462886546375,34.35867363670156],[41.990560170592516,34.358714936627742]]]},"properties":{"OBJECTID":153,"Name":"صناعي","اسم_المؤسس":" ","Shape_Length":60.55604573249424,"Shape_Area":203.38518211131992}},{"type":"Feature","id":154,"geometry":{"type":"Polygon","coordinates":[[[41.990266227268222,34.358794810038496],[41.990166845956495,34.358957278048983],[41.990069563962116,34.35891597776255],[41.99016894216728,34.358753509902584],[41.990266227268222,34.358794810038496]]]},"properties":{"OBJECTID":154,"Name":"صناعي","اسم_المؤسس":" ","Shape_Length":60.557594346904835,"Shape_Area":203.39346461148699}},{"type":"Feature","id":155,"geometry":{"type":"Polygon","coordinates":[[[41.990460788002181,34.358877411201767],[41.990361412230911,34.359039873817629],[41.990264128968029,34.358998573723149],[41.990363504922669,34.358836112078777],[41.990460788002181,34.358877411201767]]]},"properties":{"OBJECTID":155,"Name":"صناعي","اسم_المؤسس":" ","Shape_Length":60.555982079261256,"Shape_Area":203.38466723090758}},{"type":"Feature","id":156,"geometry":{"type":"Polygon","coordinates":[[[41.992239240805077,34.359630135785743],[41.992139866749248,34.359792600624345],[41.992042581788567,34.359751301141152],[41.992141954973867,34.359588838201212],[41.992239240805077,34.359630135785743]]]},"properties":{"OBJECTID":156,"Name":"صناعي","اسم_المؤسس":" ","Shape_Length":60.55625354110699,"Shape_Area":203.38672169321759}},{"type":"Feature","id":157,"geometry":{"type":"Polygon","coordinates":[[[41.992531092298378,34.359754027301847],[41.992431721986655,34.359916493173962],[41.992334432440288,34.359875194945822],[41.992433806225421,34.359712730866072],[41.992531092298378,34.359754027301847]]]},"properties":{"OBJECTID":157,"Name":"صناعي","اسم_المؤسس":" ","Shape_Length":60.556587659195259,"Shape_Area":203.38970205336585}},{"type":"Feature","id":158,"geometry":{"type":"Polygon","coordinates":[[[41.992433815935165,34.35971272882572],[41.992334437966321,34.359875197514782],[41.992237152855139,34.359833899097637],[41.992336529857333,34.359671429605427],[41.992433815935165,34.35971272882572]]]},"properties":{"OBJECTID":158,"Name":"صناعي","اسم_المؤسس":" ","Shape_Length":60.557650404423995,"Shape_Area":203.39399215059078}},{"type":"Feature","id":159,"geometry":{"type":"Polygon","coordinates":[[[41.992628381784627,34.359795325376417],[41.992529010538306,34.359957791345977],[41.992431725212555,34.359916492193648],[41.992531096610264,34.359754026294958],[41.992628381784627,34.359795325376417]]]},"properties":{"OBJECTID":159,"Name":"صناعي","اسم_المؤسس":" ","Shape_Length":60.556469947792841,"Shape_Area":203.38783763354161}},{"type":"Feature","id":160,"geometry":{"type":"Polygon","coordinates":[[[41.992920230858765,34.359919208774826],[41.992820855626505,34.360081672361488],[41.992723570091059,34.360040375258521],[41.99282294323865,34.35987790999468],[41.992920230858765,34.359919208774826]]]},"properties":{"OBJECTID":160,"Name":"صناعي","اسم_المؤسس":" ","Shape_Length":60.556484720567035,"Shape_Area":203.38833624467483}},{"type":"Feature","id":161,"geometry":{"type":"Polygon","coordinates":[[[41.992822952980433,34.359877908854905],[41.992723575649165,34.360040378728058],[41.992626290204981,34.359999081542391],[41.992725664461737,34.359836612720422],[41.992822952980433,34.359877908854905]]]},"properties":{"OBJECTID":161,"Name":"صناعي","اسم_المؤسس":" ","Shape_Length":60.557537293217429,"Shape_Area":203.39334809116087}},{"type":"Feature","id":162,"geometry":{"type":"Polygon","coordinates":[[[41.993017519592044,34.359960505644494],[41.992918145629197,34.360122970176036],[41.992820859970443,34.360081672255184],[41.992920235170651,34.359919207767916],[41.993017519592044,34.359960505644494]]]},"properties":{"OBJECTID":162,"Name":"صناعي","اسم_المؤسس":" ","Shape_Length":60.556269669245424,"Shape_Area":203.38591543458733}},{"type":"Feature","id":163,"geometry":{"type":"Polygon","coordinates":[[[41.992725663535978,34.359836617250018],[41.992626293462926,34.359999081462668],[41.992529008077966,34.359957783293666],[41.992628379356333,34.35979531822472],[41.992725663535978,34.359836617250018]]]},"properties":{"OBJECTID":163,"Name":"صناعي","اسم_المؤسس":" ","Shape_Length":60.556022864939379,"Shape_Area":203.38490162550943}},{"type":"Feature","id":164,"geometry":{"type":"Polygon","coordinates":[[[41.992338620689921,34.35946766171724],[41.99223924907642,34.359630123865315],[41.992141962159238,34.359588826307359],[41.992241334913963,34.359426361501789],[41.992338620689921,34.35946766171724]]]},"properties":{"OBJECTID":164,"Name":"صناعي","اسم_المؤسس":" ","Shape_Length":60.556293475495366,"Shape_Area":203.38805547668667}},{"type":"Feature","id":165,"geometry":{"type":"Polygon","coordinates":[[[41.992630471697026,34.359591552120136],[41.992531099515752,34.359754016308578],[41.992433815582721,34.359712718919056],[41.992533186733262,34.359550252126233],[41.992630471697026,34.359591552120136]]]},"properties":{"OBJECTID":165,"Name":"صناعي","اسم_المؤسس":" ","Shape_Length":60.55629417954566,"Shape_Area":203.38626771947582}},{"type":"Feature","id":166,"geometry":{"type":"Polygon","coordinates":[[[41.992533194303078,34.359550251039629],[41.992433820054799,34.359712722415203],[41.992336536148933,34.359671423141755],[41.99243590840868,34.359508952790819],[41.992533194303078,34.359550251039629]]]},"properties":{"OBJECTID":166,"Name":"صناعي","اسم_المؤسس":" ","Shape_Length":60.557579079024421,"Shape_Area":203.39317148920506}},{"type":"Feature","id":167,"geometry":{"type":"Polygon","coordinates":[[[41.992727762085821,34.359632849196629],[41.992628389001979,34.359795314383142],[41.992531103827631,34.359754015301689],[41.992630476040944,34.359591552013853],[41.992727762085821,34.359632849196629]]]},"properties":{"OBJECTID":167,"Name":"صناعي","اسم_المؤسس":" ","Shape_Length":60.55625354110699,"Shape_Area":203.38672169321759}},{"type":"Feature","id":168,"geometry":{"type":"Polygon","coordinates":[[[41.993019610673763,34.359756731481838],[41.992920239162082,34.359919197754969],[41.99282295262794,34.359877898948241],[41.992922325376995,34.359715432719398],[41.993019610673763,34.359756731481838]]]},"properties":{"OBJECTID":168,"Name":"صناعي","اسم_المؤسس":" ","Shape_Length":60.556701122075083,"Shape_Area":203.38945220410309}},{"type":"Feature","id":169,"geometry":{"type":"Polygon","coordinates":[[[41.992922334032784,34.359715431606183],[41.992822957100053,34.35987790244436],[41.992725671775219,34.359836604428956],[41.992825047869481,34.359674136390048],[41.992922334032784,34.359715431606183]]]},"properties":{"OBJECTID":169,"Name":"صناعي","اسم_المؤسس":" ","Shape_Length":60.557457724315732,"Shape_Area":203.39205719786656}},{"type":"Feature","id":170,"geometry":{"type":"Polygon","coordinates":[[[41.993116900341626,34.359798028254033],[41.993017528917235,34.359960492796816],[41.992920242387974,34.359919196774634],[41.9930196139317,34.359756731402115],[41.993116900341626,34.359798028254033]]]},"properties":{"OBJECTID":170,"Name":"صناعي","اسم_المؤسس":" ","Shape_Length":60.556236623307854,"Shape_Area":203.38635673315235}},{"type":"Feature","id":171,"geometry":{"type":"Polygon","coordinates":[[[41.992825047997663,34.359674139992464],[41.99272567394717,34.359836604375808],[41.992628388713598,34.35979530627769],[41.992727760743499,34.359632842018364],[41.992825047997663,34.359674139992464]]]},"properties":{"OBJECTID":171,"Name":"صناعي","اسم_المؤسس":" ","Shape_Length":60.556389023925959,"Shape_Area":203.38785168602186}},{"type":"Feature","id":172,"geometry":{"type":"Polygon","coordinates":[[[41.992241343505668,34.35942635858742],[41.992141966663333,34.359588830704105],[41.992044681945295,34.359547531209088],[41.992144059035112,34.359385061865098],[41.992241343505668,34.35942635858742]]]},"properties":{"OBJECTID":172,"Name":"صناعي","اسم_المؤسس":" ","Shape_Length":60.557769820196754,"Shape_Area":203.39365772014773}},{"type":"Feature","id":173,"geometry":{"type":"Polygon","coordinates":[[[41.992435908568879,34.359508957293833],[41.992336538320906,34.359671423088614],[41.992239252302312,34.359630122885001],[41.992338625033817,34.359467661610971],[41.992435908568879,34.359508957293833]]]},"properties":{"OBJECTID":173,"Name":"صناعي","اسم_المؤسس":" ","Shape_Length":60.555886388312288,"Shape_Area":203.38418267274167}},{"type":"Feature","id":174,"geometry":{"type":"Polygon","coordinates":[[[41.992141962511639,34.359588836214023],[41.992042586324715,34.359751306438525],[41.991945302509244,34.359710005945445],[41.992044676771691,34.359547538546771],[41.992141962511639,34.359588836214023]]]},"properties":{"OBJECTID":174,"Name":"صناعي","اسم_المؤسس":" ","Shape_Length":60.557323533979314,"Shape_Area":203.39189299665293}},{"type":"Feature","id":175,"geometry":{"type":"Polygon","coordinates":[[[41.99233652893156,34.359671434135009],[41.992237156113084,34.359833899017929],[41.992139869975155,34.359792599644038],[41.992239244063022,34.359630135706027],[41.99233652893156,34.359671434135009]]]},"properties":{"OBJECTID":175,"Name":"صناعي","اسم_المؤسس":" ","Shape_Length":60.556389521414033,"Shape_Area":203.38764617584712}},{"type":"Feature","id":176,"geometry":{"type":"Polygon","coordinates":[[[41.990711109878283,34.359727211506403],[41.990611733790757,34.359889676134863],[41.990514448254366,34.359848374527978],[41.99061382564328,34.359685911745075],[41.990711109878283,34.359727211506403]]]},"properties":{"OBJECTID":176,"Name":"صناعي","اسم_المؤسس":" ","Shape_Length":60.55652550220961,"Shape_Area":203.38857066007668}},{"type":"Feature","id":177,"geometry":{"type":"Polygon","coordinates":[[[41.991002959776893,34.359851107672],[41.990903582993418,34.36001357073841],[41.990806299419226,34.359972271127788],[41.990905674150078,34.359809807284734],[41.991002959776893,34.359851107672]]]},"properties":{"OBJECTID":177,"Name":"صناعي","اسم_المؤسس":" ","Shape_Length":60.556254040200216,"Shape_Area":203.38651618856667}},{"type":"Feature","id":178,"geometry":{"type":"Polygon","coordinates":[[[41.990905682805909,34.359809806171668],[41.990806304945224,34.359972273696819],[41.990709020376322,34.359930974030043],[41.990808399474354,34.359768506549216],[41.990905682805909,34.359809806171668]]]},"properties":{"OBJECTID":178,"Name":"صناعي","اسم_المؤسس":" ","Shape_Length":60.557147763302702,"Shape_Area":203.39032305129965}},{"type":"Feature","id":179,"geometry":{"type":"Polygon","coordinates":[[[41.991100247602901,34.359892406122199],[41.99100087093877,34.360054868358894],[41.990903586283387,34.36001357155935],[41.991002963002821,34.359851106691714],[41.991100247602901,34.359892406122199]]]},"properties":{"OBJECTID":179,"Name":"صناعي","اسم_المؤسس":" ","Shape_Length":60.55615705400762,"Shape_Area":203.38506587933432}},{"type":"Feature","id":180,"geometry":{"type":"Polygon","coordinates":[[[41.991392091728471,34.360016291547936],[41.991292717754469,34.360178755745366],[41.99119543387927,34.360137458266784],[41.991294808004639,34.359974994140231],[41.991392091728471,34.360016291547936]]]},"properties":{"OBJECTID":180,"Name":"صناعي","اسم_المؤسس":" ","Shape_Length":60.555830033963304,"Shape_Area":203.38227842045274}},{"type":"Feature","id":181,"geometry":{"type":"Polygon","coordinates":[[[41.991294816628468,34.359974992126538],[41.991195438319288,34.360137460862354],[41.991098153353292,34.360096160625822],[41.991197531845863,34.359933692861482],[41.991294816628468,34.359974992126538]]]},"properties":{"OBJECTID":181,"Name":"صناعي","اسم_المؤسس":" ","Shape_Length":60.55741922600194,"Shape_Area":203.3923775573225}},{"type":"Feature","id":182,"geometry":{"type":"Polygon","coordinates":[[[41.991489382155571,34.360057591415377],[41.991390007182893,34.360220053909025],[41.991292721044452,34.360178756566278],[41.991392096072417,34.360016291441688],[41.991489382155571,34.360057591415377]]]},"properties":{"OBJECTID":182,"Name":"صناعي","اسم_المؤسس":" ","Shape_Length":60.556332965736033,"Shape_Area":203.38732416219412}},{"type":"Feature","id":183,"geometry":{"type":"Polygon","coordinates":[[[41.991197532038029,34.35993369826511],[41.991098156611258,34.360096160546142],[41.991000869596576,34.360054861180615],[41.991100247314662,34.359892398016733],[41.991197532038029,34.35993369826511]]]},"properties":{"OBJECTID":183,"Name":"صناعي","اسم_المؤسس":" ","Shape_Length":60.556349385866184,"Shape_Area":203.38789463594892}},{"type":"Feature","id":184,"geometry":{"type":"Polygon","coordinates":[[[41.990810492848922,34.359564736720955],[41.990711118181878,34.359727200486674],[41.990613832860895,34.359685900751906],[41.990713208765293,34.359523437030511],[41.990810492848922,34.359564736720955]]]},"properties":{"OBJECTID":184,"Name":"صناعي","اسم_المؤسس":" ","Shape_Length":60.556333464279192,"Shape_Area":203.38711866275423}},{"type":"Feature","id":185,"geometry":{"type":"Polygon","coordinates":[[[41.991102343347372,34.359688631746735],[41.991002966930417,34.359851094877577],[41.99090568353963,34.359809796238437],[41.991005057935986,34.359647333231585],[41.991102343347372,34.359688631746735]]]},"properties":{"OBJECTID":185,"Name":"صناعي","اسم_المؤسس":" ","Shape_Length":60.556021715425288,"Shape_Area":203.38462426456073}},{"type":"Feature","id":186,"geometry":{"type":"Polygon","coordinates":[[[41.991005068731745,34.359647331164773],[41.990905689097637,34.359809799708081],[41.990808404648085,34.359768499211569],[41.990907781207632,34.35960603171943],[41.991005068731745,34.359647331164773]]]},"properties":{"OBJECTID":186,"Name":"صناعي","اسم_المؤسس":" ","Shape_Length":60.557634280940192,"Shape_Area":203.39479847144131}},{"type":"Feature","id":187,"geometry":{"type":"Polygon","coordinates":[[[41.991199633225989,34.359729930973536],[41.991100256960401,34.359892394175276],[41.991002971274355,34.359851094771344],[41.991102347659279,34.359688630739896],[41.991199633225989,34.359729930973536]]]},"properties":{"OBJECTID":187,"Name":"صناعي","اسم_المؤسس":" ","Shape_Length":60.556525001763248,"Shape_Area":203.38877616472757}},{"type":"Feature","id":188,"geometry":{"type":"Polygon","coordinates":[[[41.991491474789555,34.359853818040982],[41.991392101150012,34.360016281402203],[41.991294817362139,34.359974982193307],[41.991394190035031,34.359812518028896],[41.991491474789555,34.359853818040982]]]},"properties":{"OBJECTID":188,"Name":"صناعي","اسم_المؤسس":" ","Shape_Length":60.556022863989213,"Shape_Area":203.38490162630939}},{"type":"Feature","id":189,"geometry":{"type":"Polygon","coordinates":[[[41.991394198658831,34.359812516015189],[41.991294820716178,34.35997498481543],[41.991197535965604,34.359933686450987],[41.991296915177635,34.359771218595661],[41.991394198658831,34.359812516015189]]]},"properties":{"OBJECTID":189,"Name":"صناعي","اسم_المؤسس":" ","Shape_Length":60.557186758506674,"Shape_Area":203.38979719771697}},{"type":"Feature","id":190,"geometry":{"type":"Polygon","coordinates":[[[41.99158876608719,34.359895116009753],[41.991489390427063,34.360057579494992],[41.991392105493958,34.360016281295955],[41.991491481273421,34.359853816981001],[41.99158876608719,34.359895116009753]]]},"properties":{"OBJECTID":190,"Name":"صناعي","اسم_المؤسس":" ","Shape_Length":60.55625339413892,"Shape_Area":203.38603332438697}},{"type":"Feature","id":191,"geometry":{"type":"Polygon","coordinates":[[[41.991296915369809,34.35977122399931],[41.991197538137577,34.359933686397859],[41.991100253414217,34.359892386149497],[41.991199629679805,34.359729922947757],[41.991296915369809,34.35977122399931]]]},"properties":{"OBJECTID":191,"Name":"صناعي","اسم_المؤسس":" ","Shape_Length":60.556405942270871,"Shape_Area":203.38821666067807}},{"type":"Feature","id":192,"geometry":{"type":"Polygon","coordinates":[[[41.990713217389093,34.359523435016854],[41.990613838418888,34.35968590422155],[41.990516554243143,34.359644603476916],[41.990615933460766,34.359482137044907],[41.990713217389093,34.359523435016854]]]},"properties":{"OBJECTID":192,"Name":"صناعي","اسم_المؤسس":" ","Shape_Length":60.557322885614795,"Shape_Area":203.39141009896591}},{"type":"Feature","id":193,"geometry":{"type":"Polygon","coordinates":[[[41.99090778031379,34.359606037149639],[41.99080840678802,34.35976849825785],[41.990711121407799,34.359727199506402],[41.990810496074843,34.359564735740676],[41.99090778031379,34.359606037149639]]]},"properties":{"OBJECTID":193,"Name":"صناعي","اسم_المؤسس":" ","Shape_Length":60.556022511659336,"Shape_Area":203.3857954947909}},{"type":"Feature","id":194,"geometry":{"type":"Polygon","coordinates":[[[41.990613833213132,34.359685910658577],[41.990514453844391,34.359848378898263],[41.990417169517279,34.359807078082738],[41.990516549069397,34.359644610814541],[41.990613833213132,34.359685910658577]]]},"properties":{"OBJECTID":194,"Name":"صناعي","اسم_المؤسس":" ","Shape_Length":60.557419227643535,"Shape_Area":203.39237757002959}},{"type":"Feature","id":195,"geometry":{"type":"Polygon","coordinates":[[[41.990808399634467,34.359768511052245],[41.990709022548288,34.359930973976923],[41.990611738102672,34.359889675128031],[41.990711113136229,34.35972721142673],[41.990808399634467,34.359768511052245]]]},"properties":{"OBJECTID":195,"Name":"صناعي","اسم_المؤسس":" ","Shape_Length":60.556332965121229,"Shape_Area":203.38732416139419}},{"type":"Feature","id":196,"geometry":{"type":"Polygon","coordinates":[[[41.991683958231803,34.360140140547813],[41.991584582572024,34.360302605911613],[41.991487296155,34.360261306032498],[41.991586672062255,34.360098843441385],[41.991683958231803,34.360140140547813]]]},"properties":{"OBJECTID":196,"Name":"صناعي","اسم_المؤسس":" ","Shape_Length":60.556428664215488,"Shape_Area":203.38780873609483}},{"type":"Feature","id":197,"geometry":{"type":"Polygon","coordinates":[[[41.991975809750208,34.360264033358],[41.991876435598492,34.36042649800725],[41.991779150025693,34.360385199250295],[41.991878525478832,34.36022273644658],[41.991975809750208,34.360264033358]]]},"properties":{"OBJECTID":197,"Name":"صناعي","اسم_المؤسس":" ","Shape_Length":60.555981933213801,"Shape_Area":203.38397886287697}},{"type":"Feature","id":198,"geometry":{"type":"Polygon","coordinates":[[[41.991878533016674,34.360222734459406],[41.991779156637733,34.360385201792738],[41.991681870102234,34.360343903880242],[41.991781248676396,34.360181432962243],[41.991878533016674,34.360222734459406]]]},"properties":{"OBJECTID":198,"Name":"صناعي","اسم_المؤسس":" ","Shape_Length":60.557555213782109,"Shape_Area":203.39330206877241}},{"type":"Feature","id":199,"geometry":{"type":"Polygon","coordinates":[[[41.992073100692849,34.360305331828499],[41.991973726692521,34.36046779654864],[41.991876439910421,34.360426497000361],[41.991975814062123,34.360264032351125],[41.992073100692849,34.360305331828499]]]},"properties":{"OBJECTID":199,"Name":"صناعي","اسم_المؤسس":" ","Shape_Length":60.556565285941105,"Shape_Area":203.38921607398024}},{"type":"Feature","id":200,"geometry":{"type":"Polygon","coordinates":[[[41.992170384954527,34.360346623170862],[41.992071009955517,34.360509086187214],[41.991973724264248,34.360467789396921],[41.992073099318524,34.360305323749621],[41.992170384954527,34.360346623170862]]]},"properties":{"OBJECTID":200,"Name":"صناعي","اسم_المؤسس":" ","Shape_Length":60.55625339589227,"Shape_Area":203.38603332438697}},{"type":"Feature","id":201,"geometry":{"type":"Polygon","coordinates":[[[41.991783340774603,34.359977665026996],[41.991683966503267,34.360140128627421],[41.991586680333718,34.360098831520993],[41.991686055810391,34.359936367064265],[41.991783340774603,34.359977665026996]]]},"properties":{"OBJECTID":201,"Name":"صناعي","اسم_المؤسس":" ","Shape_Length":60.55619683897276,"Shape_Area":203.38571130993398}},{"type":"Feature","id":202,"geometry":{"type":"Polygon","coordinates":[[[41.992075195064793,34.360101556644217],[41.991975820225655,34.360264022285051],[41.991878533750274,34.360222724526174],[41.991977905514872,34.360060259936517],[41.992075195064793,34.360101556644217]]]},"properties":{"OBJECTID":202,"Name":"صناعي","اسم_المؤسس":" ","Shape_Length":60.556627300237878,"Shape_Area":203.3896591184388}},{"type":"Feature","id":203,"geometry":{"type":"Polygon","coordinates":[[[41.991977916310653,34.360060257869634],[41.991878539276321,34.360222727095149],[41.991781253914127,34.360181427425772],[41.991880628927873,34.360018958324261],[41.991977916310653,34.360060257869634]]]},"properties":{"OBJECTID":203,"Name":"صناعي","اسم_المؤسس":" ","Shape_Length":60.557634777882114,"Shape_Area":203.39459294206637}},{"type":"Feature","id":204,"geometry":{"type":"Polygon","coordinates":[[[41.992172484834136,34.360142856871612],[41.992073108996308,34.360305320808685],[41.991975823451583,34.360264021304751],[41.992075199408738,34.360101556537948],[41.992172484834136,34.360142856871612]]]},"properties":{"OBJECTID":204,"Name":"صناعي","اسم_المؤسس":" ","Shape_Length":60.556541777927066,"Shape_Area":203.38845278447678}},{"type":"Feature","id":205,"geometry":{"type":"Polygon","coordinates":[[[41.9922697678264,34.360184147269059],[41.99217039424785,34.360346609422642],[41.992073106535997,34.360305312756367],[41.992172482341786,34.360142847918695],[41.9922697678264,34.360184147269059]]]},"properties":{"OBJECTID":205,"Name":"صناعي","اسم_المؤسس":" ","Shape_Length":60.556253044741908,"Shape_Area":203.38692718786854}},{"type":"Feature","id":206,"geometry":{"type":"Polygon","coordinates":[[[41.991686063380243,34.359936365977717],[41.991586685923814,34.360098835891215],[41.991489400771364,34.360057534172483],[41.991588777357251,34.359895066157648],[41.991686063380243,34.359936365977717]]]},"properties":{"OBJECTID":206,"Name":"صناعي","اسم_المؤسس":" ","Shape_Length":60.557691338435362,"Shape_Area":203.3949149557192}},{"type":"Feature","id":207,"geometry":{"type":"Polygon","coordinates":[[[41.991880629088051,34.360018962827304],[41.991781256086099,34.360181427372638],[41.991683970815174,34.360140127620561],[41.991783344064601,34.359977665847907],[41.991880629088051,34.360018962827304]]]},"properties":{"OBJECTID":207,"Name":"صناعي","اسم_المؤسس":" ","Shape_Length":60.555886381611131,"Shape_Area":203.38418265031098}},{"type":"Feature","id":208,"geometry":{"type":"Polygon","coordinates":[[[41.991586680718108,34.360098842328263],[41.991487301713065,34.360261309502093],[41.991390018645284,34.360220009460576],[41.991489394511696,34.360057541536712],[41.991586680718108,34.360098842328263]]]},"properties":{"OBJECTID":208,"Name":"صناعي","اسم_المؤسس":" ","Shape_Length":60.557204470028815,"Shape_Area":203.39133346357215}},{"type":"Feature","id":209,"geometry":{"type":"Polygon","coordinates":[[[41.991781248836567,34.360181437465265],[41.991681872274221,34.360343903827108],[41.991584586883938,34.360302604904753],[41.991683962575749,34.360140140441551],[41.991781248836567,34.360181437465265]]]},"properties":{"OBJECTID":209,"Name":"صناعي","اسم_المؤسس":" ","Shape_Length":60.556604136697601,"Shape_Area":203.38800189576665}},{"type":"Feature","id":210,"geometry":{"type":"Polygon","coordinates":[[[41.990135659673825,34.359609227322323],[41.99008592542225,34.359690441626519],[41.989891400592185,34.359607764222424],[41.989941134994965,34.359526549989162],[41.990135659673825,34.359609227322323]]]},"properties":{"OBJECTID":210,"Name":"صناعي","اسم_المؤسس":" ","Shape_Length":60.457276298232955,"Shape_Area":203.3939417373129}},{"type":"Feature","id":211,"geometry":{"type":"Polygon","coordinates":[[[41.99023512151409,34.35944680242725],[41.990185390735853,34.359528017584687],[41.989990869466105,34.3594453402428],[41.99004060374952,34.359364127778498],[41.99023512151409,34.35944680242725]]]},"properties":{"OBJECTID":211,"Name":"صناعي","اسم_المؤسس":" ","Shape_Length":60.456111720485595,"Shape_Area":203.38688553912723}},{"type":"Feature","id":212,"geometry":{"type":"Polygon","coordinates":[[[41.990185390831897,34.359528020286497],[41.990135654403993,34.359609231958117],[41.989941136337059,34.359526557167484],[41.989990870680138,34.359445343818692],[41.990185390831897,34.359528020286497]]]},"properties":{"OBJECTID":212,"Name":"صناعي","اسم_المؤسس":" ","Shape_Length":60.455951975799479,"Shape_Area":203.38598076257099}},{"type":"Feature","id":213,"geometry":{"type":"Polygon","coordinates":[[[41.990334586405638,34.359284381891001],[41.990284853574771,34.359365595332591],[41.990090334939424,34.359282922582544],[41.990140067825422,34.359201706510063],[41.990334586405638,34.359284381891001]]]},"properties":{"OBJECTID":213,"Name":"صناعي","اسم_المؤسس":" ","Shape_Length":60.45605472455172,"Shape_Area":203.38772114652122}},{"type":"Feature","id":214,"geometry":{"type":"Polygon","coordinates":[[[41.990284856672623,34.359365590749903],[41.990235121578124,34.359446804228462],[41.990040598319631,34.359364127911249],[41.990090332479326,34.359282914530183],[41.990284856672623,34.359365590749903]]]},"properties":{"OBJECTID":214,"Name":"صناعي","اسم_المؤسس":" ","Shape_Length":60.456964577793613,"Shape_Area":203.39173621105948}},{"type":"Feature","id":215,"geometry":{"type":"Polygon","coordinates":[[[41.990384322306674,34.359203165651799],[41.99033458519159,34.359284378315131],[41.990140066611382,34.359201702934179],[41.990189802823693,34.359120491268961],[41.990384322306674,34.359203165651799]]]},"properties":{"OBJECTID":215,"Name":"صناعي","اسم_المؤسس":" ","Shape_Length":60.456047258234022,"Shape_Area":203.38675607490333}},{"type":"Feature","id":216,"geometry":{"type":"Polygon","coordinates":[[[41.989990857392279,34.359445336932424],[41.989941121963192,34.359526550307756],[41.98974660426164,34.359443875186393],[41.98979633881995,34.35936266370976],[41.989990857392279,34.359445336932424]]]},"properties":{"OBJECTID":216,"Name":"صناعي","اسم_المؤسس":" ","Shape_Length":60.455623626663993,"Shape_Area":203.38408377617748}},{"type":"Feature","id":217,"geometry":{"type":"Polygon","coordinates":[[[41.990140053451618,34.35920169965037],[41.990090320533589,34.359282914822231],[41.989895802231601,34.359200240840849],[41.989945538558736,34.359119025660277],[41.990140053451618,34.35920169965037]]]},"properties":{"OBJECTID":217,"Name":"صناعي","اسم_المؤسس":" ","Shape_Length":60.455975131775844,"Shape_Area":203.38848401370251}},{"type":"Feature","id":218,"geometry":{"type":"Polygon","coordinates":[[[41.990090324717421,34.359282910212983],[41.990040589503735,34.3593641245212],[41.989846065428615,34.359281445197979],[41.989895799771531,34.359200232788474],[41.990090324717421,34.359282910212983]]]},"properties":{"OBJECTID":218,"Name":"صناعي","اسم_المؤسس":" ","Shape_Length":60.457332646674189,"Shape_Area":203.39359196790701}},{"type":"Feature","id":219,"geometry":{"type":"Polygon","coordinates":[[[41.990189786245921,34.359120483561753],[41.990140054409522,34.35920169602138],[41.989945537344703,34.359119022084386],[41.989995268214287,34.359037808821633],[41.990189786245921,34.359120483561753]]]},"properties":{"OBJECTID":219,"Name":"صناعي","اسم_المؤسس":" ","Shape_Length":60.455472298259508,"Shape_Area":203.38229730344418}},{"type":"Feature","id":220,"geometry":{"type":"Polygon","coordinates":[[[41.989941126147052,34.359526545698529],[41.989891392830259,34.359607759905231],[41.989696868365598,34.359525082170386],[41.989746601865605,34.359443868935237],[41.989941126147052,34.359526545698529]]]},"properties":{"OBJECTID":220,"Name":"صناعي","اسم_المؤسس":" ","Shape_Length":60.457044524732908,"Shape_Area":203.39184838988643}},{"type":"Feature","id":221,"geometry":{"type":"Polygon","coordinates":[[[41.990040589407698,34.359364121819375],[41.989990856210255,34.359445334257153],[41.989796337605917,34.35936266013389],[41.989846071944484,34.359281445038697],[41.990040589407698,34.359364121819375]]]},"properties":{"OBJECTID":221,"Name":"صناعي","اسم_المؤسس":" ","Shape_Length":60.455935848491556,"Shape_Area":203.3864838967163}},{"type":"Feature","id":222,"geometry":{"type":"Polygon","coordinates":[[[41.992597599645109,34.360642943802283],[41.992547865109692,34.360724158156607],[41.992353340093629,34.360641486631543],[41.992403070404251,34.36056027155383],[41.992597599645109,34.360642943802283]]]},"properties":{"OBJECTID":222,"Name":"صناعي","اسم_المؤسس":" ","Shape_Length":60.456693437389887,"Shape_Area":203.39055923805884}},{"type":"Feature","id":223,"geometry":{"type":"Polygon","coordinates":[[[41.992697059817026,34.360480517059045],[41.99264732980896,34.360561731339324],[41.992452805095311,34.360479059956127],[41.992502538544606,34.360397846567672],[41.992697059817026,34.360480517059045]]]},"properties":{"OBJECTID":223,"Name":"صناعي","اسم_المؤسس":" ","Shape_Length":60.455760270850526,"Shape_Area":203.38472128187976}},{"type":"Feature","id":224,"geometry":{"type":"Polygon","coordinates":[[[41.992647328851149,34.360561734968336],[41.992597596515303,34.360642947484436],[41.992403072832559,34.360560278705535],[41.992452805223479,34.360479063558564],[41.992647328851149,34.360561734968336]]]},"properties":{"OBJECTID":224,"Name":"صناعي","اسم_المؤسس":" ","Shape_Length":60.455799349445122,"Shape_Area":203.38516591260458}},{"type":"Feature","id":225,"geometry":{"type":"Polygon","coordinates":[[[41.992796519750385,34.360318093853685],[41.992746788839689,34.360399308192811],[41.992552267782557,34.360316639573576],[41.992601998844449,34.360235425305369],[41.992796519750385,34.360318093853685]]]},"properties":{"OBJECTID":225,"Name":"صناعي","اسم_المؤسس":" ","Shape_Length":60.455296279794212,"Shape_Area":203.38257608970525}},{"type":"Feature","id":226,"geometry":{"type":"Polygon","coordinates":[[[41.992746791937442,34.360399303610073],[41.99269705879513,34.360480518886831],[41.99250253196459,34.360397844925878],[41.992552264204164,34.36031663064724],[41.992746791937442,34.360399303610073]]]},"properties":{"OBJECTID":226,"Name":"صناعي","اسم_المؤسس":" ","Shape_Length":60.457021782619123,"Shape_Area":203.39245624385404}},{"type":"Feature","id":227,"geometry":{"type":"Polygon","coordinates":[[[41.992846252613177,34.360236875842858],[41.992796519654249,34.360318091151868],[41.992601998716282,34.36023542170296],[41.992651729622402,34.360154205617413],[41.992846252613177,34.360236875842858]]]},"properties":{"OBJECTID":227,"Name":"صناعي","اسم_المؤسس":" ","Shape_Length":60.455975277812414,"Shape_Area":203.3878035744745}},{"type":"Feature","id":228,"geometry":{"type":"Polygon","coordinates":[[[41.992452791935264,34.360479056672581],[41.992403058458343,34.360560271846118],[41.992208535012814,34.360477599134043],[41.992258267651074,34.360396386759824],[41.992452791935264,34.360479056672581]]]},"properties":{"OBJECTID":228,"Name":"صناعي","اسم_المؤسس":" ","Shape_Length":60.456031272307385,"Shape_Area":203.38657876020457}},{"type":"Feature","id":229,"geometry":{"type":"Polygon","coordinates":[[[41.992601985524225,34.360235417518815],[41.992552253376324,34.360316631813582],[41.99235773038442,34.3602339593143],[41.992407461629568,34.360152746017668],[41.992601985524225,34.360235417518815]]]},"properties":{"OBJECTID":229,"Name":"صناعي","اسم_المؤسس":" ","Shape_Length":60.456031916071019,"Shape_Area":203.38609291047379}},{"type":"Feature","id":230,"geometry":{"type":"Polygon","coordinates":[[[41.992552255388091,34.360316627257397],[41.992502524234489,34.360397841509467],[41.992307993425378,34.36031516732406],[41.992357729042112,34.360233952136042],[41.992552255388091,34.360316627257397]]]},"properties":{"OBJECTID":230,"Name":"صناعي","اسم_المؤسس":" ","Shape_Length":60.457428928732561,"Shape_Area":203.39475661496238}},{"type":"Feature","id":231,"geometry":{"type":"Polygon","coordinates":[[[41.992651717420209,34.360154198704883],[41.99260198431007,34.360235413942959],[41.992407462587394,34.360152742388657],[41.992457192590798,34.36007152730123],[41.992651717420209,34.360154198704883]]]},"properties":{"OBJECTID":231,"Name":"صناعي","اسم_المؤسس":" ","Shape_Length":60.4562470701282,"Shape_Area":203.38849474791641}},{"type":"Feature","id":232,"geometry":{"type":"Polygon","coordinates":[[[41.992403062642104,34.360560267236821],[41.992353331213444,34.36064148144046],[41.992158801036688,34.360558807015671],[41.992208533670507,34.360477591955771],[41.992403062642104,34.360560267236821]]]},"properties":{"OBJECTID":232,"Name":"صناعي","اسم_المؤسس":" ","Shape_Length":60.457372868661388,"Shape_Area":203.39374535073938}},{"type":"Feature","id":233,"geometry":{"type":"Polygon","coordinates":[[[41.992502524138366,34.360397838807657],[41.99245279072111,34.360479053096732],[41.992258266436927,34.360396383183989],[41.992307998855324,34.360315167191203],[41.992502524138366,34.360397838807657]]]},"properties":{"OBJECTID":233,"Name":"صناعي","اسم_المؤسس":" ","Shape_Length":60.456421642598357,"Shape_Area":203.38986807058353}},{"type":"Feature","id":234,"geometry":{"type":"Polygon","coordinates":[[[41.994114156949585,34.359916734392847],[41.99406442423917,34.359997947472166],[41.993869895274877,34.359915277548893],[41.99391962481446,34.359834062819068],[41.994114156949585,34.359916734392847]]]},"properties":{"OBJECTID":234,"Name":"صناعي","اسم_المؤسس":" ","Shape_Length":60.45723587220359,"Shape_Area":203.39223266695851}},{"type":"Feature","id":235,"geometry":{"type":"Polygon","coordinates":[[[41.994213613247204,34.3597543038955],[41.994163881838197,34.359835517881088],[41.993969358734489,34.359752851569169],[41.994019090262647,34.359671636753909],[41.994213613247204,34.3597543038955]]]},"properties":{"OBJECTID":235,"Name":"صناعي","اسم_المؤسس":" ","Shape_Length":60.455798702271338,"Shape_Area":203.38565170813001}},{"type":"Feature","id":236,"geometry":{"type":"Polygon","coordinates":[[[41.994163883084489,34.359835522357507],[41.994114151647906,34.359916738128184],[41.993919627210808,34.359834069070111],[41.993969359948693,34.359752855144997],[41.994163883084489,34.359835522357507]]]},"properties":{"OBJECTID":236,"Name":"صناعي","اسم_المؤسس":" ","Shape_Length":60.456166626096497,"Shape_Area":203.388187937471}},{"type":"Feature","id":237,"geometry":{"type":"Polygon","coordinates":[[[41.994313069434597,34.359591880538474],[41.994263340445038,34.359673096304348],[41.994068816429525,34.359590426558462],[41.994118547742268,34.359509210810344],[41.994313069434597,34.359591880538474]]]},"properties":{"OBJECTID":237,"Name":"صناعي","اسم_المؤسس":" ","Shape_Length":60.456303771189226,"Shape_Area":203.38902010740793}},{"type":"Feature","id":238,"geometry":{"type":"Polygon","coordinates":[[[41.99426334354267,34.359673091721568],[41.994213612225344,34.359754305723285],[41.994019083714711,34.35967163601282],[41.99406881400111,34.3595904194068],[41.99426334354267,34.359673091721568]]]},"properties":{"OBJECTID":238,"Name":"صناعي","اسم_المؤسس":" ","Shape_Length":60.457372224494137,"Shape_Area":203.39423123047067}},{"type":"Feature","id":239,"geometry":{"type":"Polygon","coordinates":[[[41.994362799322282,34.35951066202805],[41.994313069306358,34.359591876936044],[41.994118546560117,34.359509208135108],[41.994168274587359,34.359427994251831],[41.994362799322282,34.35951066202805]]]},"properties":{"OBJECTID":239,"Name":"صناعي","اسم_المؤسس":" ","Shape_Length":60.45597521281374,"Shape_Area":203.38556754234872}},{"type":"Feature","id":240,"geometry":{"type":"Polygon","coordinates":[[[41.993969344488526,34.359752848312368],[41.993919612836621,34.359834062210879],[41.99372509096888,34.359751393669484],[41.993774821589867,34.359670177166663],[41.993969344488526,34.359752848312368]]]},"properties":{"OBJECTID":240,"Name":"صناعي","اسم_المؤسس":" ","Shape_Length":60.456128049676039,"Shape_Area":203.38793797233967}},{"type":"Feature","id":241,"geometry":{"type":"Polygon","coordinates":[[[41.994118532314189,34.359509204878307],[41.994068802087419,34.359590420599844],[41.993874278501366,34.359507752324397],[41.993924009933281,34.359426535746614],[41.994118532314189,34.359509204878307]]]},"properties":{"OBJECTID":241,"Name":"صناعي","اسم_المؤسس":" ","Shape_Length":60.456382419879688,"Shape_Area":203.3901039355668}},{"type":"Feature","id":242,"geometry":{"type":"Polygon","coordinates":[[[41.994068805185059,34.359590416017078],[41.994019075920534,34.359671630795283],[41.993824544485264,34.359588959933191],[41.993874277191004,34.359507746046745],[41.994068805185059,34.359590416017078]]]},"properties":{"OBJECTID":242,"Name":"صناعي","اسم_المؤسس":" ","Shape_Length":60.457275445823925,"Shape_Area":203.39287191722309}},{"type":"Feature","id":243,"geometry":{"type":"Polygon","coordinates":[[[41.994168260181162,34.359427986492008],[41.994118532153898,34.3595092003753],[41.993924007665157,34.35942653309796],[41.993973740187528,34.359345319179262],[41.994168260181162,34.359427986492008]]]},"properties":{"OBJECTID":243,"Name":"صناعي","اسم_المؤسس":" ","Shape_Length":60.455663352642446,"Shape_Area":203.3840425545128}},{"type":"Feature","id":244,"geometry":{"type":"Polygon","coordinates":[[[41.993919617020254,34.359834057601532],[41.99386988751273,34.359915273231962],[41.993675357763713,34.359832601203316],[41.993725089658525,34.359751387391853],[41.993919617020254,34.359834057601532]]]},"properties":{"OBJECTID":244,"Name":"صناعي","اسم_المؤسس":" ","Shape_Length":60.457100724792596,"Shape_Area":203.39217910030715}},{"type":"Feature","id":245,"geometry":{"type":"Polygon","coordinates":[[[41.994019075856407,34.359671628994079],[41.993969344360302,34.359752844709945],[41.993774821461649,34.359670173564247],[41.993824551001126,34.359588959773681],[41.994019075856407,34.359671628994079]]]},"properties":{"OBJECTID":245,"Name":"صناعي","اسم_المؤسس":" ","Shape_Length":60.456303416143271,"Shape_Area":203.38814500889453}},{"type":"Feature","id":246,"geometry":{"type":"Polygon","coordinates":[[[41.990481788482953,34.359701423570044],[41.99041719266981,34.359807026137382],[41.990222625471539,34.359724426933518],[41.990287221449435,34.359618823557696],[41.990481788482953,34.359701423570044]]]},"properties":{"OBJECTID":246,"Name":"صناعي","اسم_المؤسس":" ","Shape_Length":66.52201101058445,"Shape_Area":264.40522600432388}},{"type":"Feature","id":247,"geometry":{"type":"Polygon","coordinates":[[[41.990615945977453,34.359482091669335],[41.990551349399929,34.359587694319771],[41.99035678481431,34.359505096154749],[41.990421379448662,34.359399494550196],[41.990615945977453,34.359482091669335]]]},"properties":{"OBJECTID":247,"Name":"صناعي","اسم_المؤسس":" ","Shape_Length":66.521467442808643,"Shape_Area":264.40105125641571}},{"type":"Feature","id":248,"geometry":{"type":"Polygon","coordinates":[[[41.990551348377991,34.359587696147535],[41.990481786278977,34.359701422722544],[41.990287221449435,34.359618823557696],[41.99035678599634,34.359505098830034],[41.990551348377991,34.359587696147535]]]},"properties":{"OBJECTID":248,"Name":"صناعي","اسم_المؤسس":" ","Shape_Length":68.543014736834806,"Shape_Area":284.73693198905141}},{"type":"Feature","id":249,"geometry":{"type":"Polygon","coordinates":[[[41.9930584627188,34.360440599426148],[41.99300877091293,34.360521838147754],[41.992911490200385,34.360480541095669],[41.992961177802094,34.360399304317021],[41.9930584627188,34.360440599426148]]]},"properties":{"OBJECTID":249,"Name":"صناعي","اسم_المؤسس":" ","Shape_Length":40.338069271551333,"Shape_Area":101.69615024209283}},{"type":"Feature","id":250,"geometry":{"type":"Polygon","coordinates":[[[41.993155751209073,34.360481900677058],[41.993106061618839,34.360563138480359],[41.993008779825175,34.360521844239379],[41.993058469459072,34.360440605570915],[41.993155751209073,34.360481900677058]]]},"properties":{"OBJECTID":250,"Name":"صناعي","اسم_المؤسس":" ","Shape_Length":40.337837301934663,"Shape_Area":101.69497762050395}},{"type":"Feature","id":251,"geometry":{"type":"Polygon","coordinates":[[[41.993253031932312,34.36052319482647],[41.993203343503744,34.36060443263861],[41.9931060605008,34.360563137606313],[41.993155751177028,34.36048189977646],[41.993253031932312,34.36052319482647]]]},"properties":{"OBJECTID":251,"Name":"صناعي","اسم_المؤسس":" ","Shape_Length":40.337797660147878,"Shape_Area":101.69477873442273}},{"type":"Feature","id":252,"geometry":{"type":"Polygon","coordinates":[[[41.993350322809157,34.360564496759388],[41.993300633338258,34.360645733732952],[41.99320335123388,34.360604436054984],[41.993253040748421,34.360523198216242],[41.993350322809157,34.360564496759388]]]},"properties":{"OBJECTID":252,"Name":"صناعي","اسم_المؤسس":" ","Shape_Length":40.338047055080949,"Shape_Area":101.69603112501002}},{"type":"Feature","id":253,"geometry":{"type":"Polygon","coordinates":[[[41.993447587296835,34.360605787539654],[41.993397894643643,34.360687024628412],[41.993300615834194,34.360645730555817],[41.993350304187061,34.360564492708221],[41.993447587296835,34.360605787539654]]]},"properties":{"OBJECTID":253,"Name":"صناعي","اسم_المؤسس":" ","Shape_Length":40.337582118256229,"Shape_Area":101.6936929126862}},{"type":"Feature","id":254,"geometry":{"type":"Polygon","coordinates":[[[41.993544876152193,34.360647088459714],[41.993495186832668,34.360728325504141],[41.99339790355593,34.36068703071998],[41.993447595091084,34.360605792757227],[41.993544876152193,34.360647088459714]]]},"properties":{"OBJECTID":254,"Name":"صناعي","اسم_المؤسس":" ","Shape_Length":40.337853719468676,"Shape_Area":101.69506440893744}},{"type":"Feature","id":255,"geometry":{"type":"Polygon","coordinates":[[[41.993642156154451,34.360688382304858],[41.993592470168593,34.360769619304968],[41.993495186800615,34.360728324603535],[41.99354487608808,34.36064708665851],[41.993642156154451,34.360688382304858]]]},"properties":{"OBJECTID":255,"Name":"صناعي","اسم_المؤسس":" ","Shape_Length":40.337526844816189,"Shape_Area":101.69340916535901}},{"type":"Feature","id":256,"geometry":{"type":"Polygon","coordinates":[[[41.993108154304849,34.360359357086011],[41.993058464762584,34.360440595770562],[41.992961183039753,34.360399298780507],[41.993010871635811,34.36031806195917],[41.993108154304849,34.360359357086011]]]},"properties":{"OBJECTID":256,"Name":"صناعي","اسم_المؤسس":" ","Shape_Length":40.337933786749971,"Shape_Area":101.69546408825846}},{"type":"Feature","id":257,"geometry":{"type":"Polygon","coordinates":[[[41.993205442719422,34.360400658301479],[41.993155754306798,34.360481896094306],[41.993058473610745,34.360440600060983],[41.993108161045114,34.360359363230778],[41.993205442719422,34.360400658301479]]]},"properties":{"OBJECTID":257,"Name":"صناعي","اسم_المؤسس":" ","Shape_Length":40.337526846096551,"Shape_Area":101.69340918177795}},{"type":"Feature","id":258,"geometry":{"type":"Polygon","coordinates":[[[41.993302724452946,34.360441952388868],[41.993253036083964,34.360523189316531],[41.993155753188766,34.360481895220282],[41.99320544160139,34.360400657427455],[41.993302724452946,34.360441952388868]]]},"properties":{"OBJECTID":258,"Name":"صناعي","اسم_المؤسس":" ","Shape_Length":40.337741253674913,"Shape_Area":101.69449935131651}},{"type":"Feature","id":259,"geometry":{"type":"Polygon","coordinates":[[[41.99340001413605,34.360483253412333],[41.993350325874822,34.360564491276008],[41.993253042760152,34.360523193660079],[41.993302732215113,34.360441956705849],[41.99340001413605,34.360483253412333]]]},"properties":{"OBJECTID":259,"Name":"صناعي","اسم_المؤسس":" ","Shape_Length":40.337990491131933,"Shape_Area":101.69574895777455}},{"type":"Feature","id":260,"geometry":{"type":"Polygon","coordinates":[[[41.993497280687961,34.360524543203404],[41.993447588190513,34.360605782109459],[41.993350308370772,34.360564488098881],[41.993399996632014,34.360483250235205],[41.993497280687961,34.360524543203404]]]},"properties":{"OBJECTID":260,"Name":"صناعي","اسم_المؤسس":" ","Shape_Length":40.337836660997766,"Shape_Area":101.69497838278778}},{"type":"Feature","id":261,"geometry":{"type":"Polygon","coordinates":[[[41.993594568413677,34.360565845015195],[41.993544879185791,34.360647082075722],[41.993447597102801,34.360605788201035],[41.993497287460329,34.360524550248748],[41.993594568413677,34.360565845015195]]]},"properties":{"OBJECTID":261,"Name":"صناعي","اسم_المؤسس":" ","Shape_Length":40.337621895371242,"Shape_Area":101.69389450592483}},{"type":"Feature","id":262,"geometry":{"type":"Polygon","coordinates":[[[41.993691849426249,34.360607138798322],[41.993642161392081,34.360688376768309],[41.993544878067752,34.360647081201705],[41.993594568381624,34.360565844114589],[41.993691849426249,34.360607138798322]]]},"properties":{"OBJECTID":262,"Name":"صناعي","اسم_المؤسس":" ","Shape_Length":40.337758021624772,"Shape_Area":101.69457986476056}},{"type":"Feature","id":263,"geometry":{"type":"Polygon","coordinates":[[[41.993815709697223,34.360403931814908],[41.993741085344602,34.36052593531322],[41.993400945608315,34.360381550318557],[41.993475568090268,34.360259544357667],[41.993815709697223,34.360403931814908]]]},"properties":{"OBJECTID":263,"Name":"صناعي","اسم_المؤسس":" ","Shape_Length":100.70744031234962,"Shape_Area":534.00239728073711}},{"type":"Feature","id":264,"geometry":{"type":"Polygon","coordinates":[[[41.99389035089839,34.360281918848877],[41.993815727838452,34.360403922356937],[41.993475583037664,34.360259536780696],[41.99355020857088,34.360137530703739],[41.99389035089839,34.360281918848877]]]},"properties":{"OBJECTID":264,"Name":"صناعي","اسم_المؤسس":" ","Shape_Length":100.70815814796188,"Shape_Area":534.00881772814955}},{"type":"Feature","id":265,"geometry":{"type":"Polygon","coordinates":[[[41.993964840860677,34.360160029428549],[41.993890219157208,34.360282034747463],[41.993550076829429,34.360137646601977],[41.993624700016355,34.360015641442544],[41.993964840860677,34.360160029428549]]]},"properties":{"OBJECTID":265,"Name":"صناعي","اسم_المؤسس":" ","Shape_Length":100.70798402495767,"Shape_Area":534.00690733397778}},{"type":"Feature","id":266,"geometry":{"type":"Polygon","coordinates":[[[41.993475595143771,34.360259540991336],[41.993400972629807,34.360381546051634],[41.993060832794924,34.360237156470056],[41.993135456824398,34.360115152469824],[41.993475595143771,34.360259540991336]]]},"properties":{"OBJECTID":266,"Name":"صناعي","اسم_المؤسس":" ","Shape_Length":100.70749751698079,"Shape_Area":534.00233658631032}},{"type":"Feature","id":267,"geometry":{"type":"Polygon","coordinates":[[[41.99355023562434,34.360137527337379],[41.993475611145094,34.360259532487177],[41.993135471707689,34.360115143091697],[41.993210095530472,34.359993139055163],[41.99355023562434,34.360137527337379]]]},"properties":{"OBJECTID":267,"Name":"صناعي","اسم_المؤسس":" ","Shape_Length":100.70776847802708,"Shape_Area":534.00536404284844}},{"type":"Feature","id":268,"geometry":{"type":"Polygon","coordinates":[[[41.993624729209678,34.360015637122402],[41.993550103882875,34.360137643235639],[41.993209963788729,34.359993254953075],[41.993284588523153,34.359871251754321],[41.993624729209678,34.360015637122402]]]},"properties":{"OBJECTID":268,"Name":"صناعي","اسم_المؤسس":" ","Shape_Length":100.70784675632396,"Shape_Area":534.00693845496085}},{"type":"Feature","id":269,"geometry":{"type":"Polygon","coordinates":[[[41.993678706957176,34.359527161048504],[41.993529731461415,34.359770730277923],[41.993334940979075,34.359688043336014],[41.993483918015222,34.359444474292751],[41.993678706957176,34.359527161048504]]]},"properties":{"OBJECTID":269,"Name":"صناعي","اسم_المؤسس":" ","Shape_Length":100.90675707225958,"Shape_Area":610.52031091455592}},{"type":"Feature","id":270,"geometry":{"type":"Polygon","coordinates":[[[41.993483908405473,34.359444509682142],[41.993334930219163,34.359688076950761],[41.993140143392608,34.359605390498096],[41.993289119861366,34.359361823495348],[41.993483908405473,34.359444509682142]]]},"properties":{"OBJECTID":270,"Name":"صناعي","اسم_المؤسس":" ","Shape_Length":100.90609443962319,"Shape_Area":610.51182302125505}},{"type":"Feature","id":271,"geometry":{"type":"Polygon","coordinates":[[[41.993289603519578,34.359361945063711],[41.993140627116176,34.359605513868168],[41.992945838386667,34.359522824436041],[41.993094817416427,34.359279255791158],[41.993289603519578,34.359361945063711]]]},"properties":{"OBJECTID":271,"Name":"صناعي","اسم_المؤسس":" ","Shape_Length":100.9067347058775,"Shape_Area":610.5197042247795}},{"type":"Feature","id":272,"geometry":{"type":"Polygon","coordinates":[[[41.993094804548598,34.359279291260265],[41.992945828808743,34.359522860726003],[41.99275103942314,34.359440172790052],[41.992900019993343,34.359196604331323],[41.993094804548598,34.359279291260265]]]},"properties":{"OBJECTID":272,"Name":"صناعي","اسم_المؤسس":" ","Shape_Length":100.90658165945455,"Shape_Area":610.51696078540397}},{"type":"Feature","id":273,"geometry":{"type":"Polygon","coordinates":[[[41.992900153642786,34.35919669480527],[41.992751174158826,34.359440263237573],[41.992556389514718,34.359357575764534],[41.992705367281111,34.359114007598144],[41.992900153642786,34.35919669480527]]]},"properties":{"OBJECTID":273,"Name":"صناعي","اسم_المؤسس":" ","Shape_Length":100.9062704116143,"Shape_Area":610.51269137977999}},{"type":"Feature","id":274,"geometry":{"type":"Polygon","coordinates":[[[41.993827655922445,34.35928363286618],[41.993678680100082,34.359527200465642],[41.9934838944801,34.359444515431314],[41.99363286963883,34.359200947170535],[41.993827655922445,34.35928363286618]]]},"properties":{"OBJECTID":274,"Name":"صناعي","اسم_المؤسس":" ","Shape_Length":100.90582333078889,"Shape_Area":610.50750272359414}},{"type":"Feature","id":275,"geometry":{"type":"Polygon","coordinates":[[[41.99363285673919,34.359200981739079],[41.993483882634294,34.359444549072641],[41.993289094090109,34.359361862885834],[41.993438072961254,34.359118294758076],[41.99363285673919,34.359200981739079]]]},"properties":{"OBJECTID":275,"Name":"صناعي","اسم_المؤسس":" ","Shape_Length":100.90605515144463,"Shape_Area":610.51076899618738}},{"type":"Feature","id":276,"geometry":{"type":"Polygon","coordinates":[[[41.993438553392345,34.359118417306242],[41.993289578866346,34.359361985328214],[41.993094790623218,34.35927929700938],[41.993243769915438,34.359035728193227],[41.993438553392345,34.359118417306242]]]},"properties":{"OBJECTID":276,"Name":"صناعي","اسم_المؤسس":" ","Shape_Length":100.90642345972441,"Shape_Area":610.51543481511965}},{"type":"Feature","id":277,"geometry":{"type":"Polygon","coordinates":[[[41.993243759219652,34.359035763609164],[41.993094780981266,34.359279331498151],[41.992899992082052,34.359196644675485],[41.993048971924885,34.358953078773879],[41.993243759219652,34.359035763609164]]]},"properties":{"OBJECTID":277,"Name":"صناعي","اسم_المؤسس":" ","Shape_Length":100.9064045448641,"Shape_Area":610.51582045446457}},{"type":"Feature","id":278,"geometry":{"type":"Polygon","coordinates":[[[41.993049105574066,34.358953169247663],[41.992900129021457,34.359196735970301],[41.992705342627659,34.359114047862533],[41.99285431854868,34.358870481379199],[41.993049105574066,34.358953169247663]]]},"properties":{"OBJECTID":278,"Name":"صناعي","اسم_المؤسس":" ","Shape_Length":100.90613487036366,"Shape_Area":610.51314891980985}},{"type":"Feature","id":279,"geometry":{"type":"Polygon","coordinates":[[[41.994558470963781,34.359115435503838],[41.994409499824741,34.359359005621386],[41.994214711740973,34.359276320019404],[41.994363686560284,34.359032749134201],[41.994558470963781,34.359115435503838]]]},"properties":{"OBJECTID":279,"Name":"صناعي","اسم_المؤسس":" ","Shape_Length":100.90636725399867,"Shape_Area":610.51393347868782}},{"type":"Feature","id":280,"geometry":{"type":"Polygon","coordinates":[[[41.994363673725097,34.359032785503992],[41.994214701077638,34.359276356336004],[41.994019912241605,34.359193669528381],[41.994168886461509,34.358950099783101],[41.994363673725097,34.359032785503992]]]},"properties":{"OBJECTID":280,"Name":"صناعي","اسم_المؤسس":" ","Shape_Length":100.9067177869502,"Shape_Area":610.51925692134637}},{"type":"Feature","id":281,"geometry":{"type":"Polygon","coordinates":[[[41.994169368968237,34.358950219573401],[41.99402039698564,34.359193791067241],[41.993825607492909,34.359111105756604],[41.993974583187821,34.358867534395728],[41.994169368968237,34.358950219573401]]]},"properties":{"OBJECTID":281,"Name":"صناعي","اسم_المؤسس":" ","Shape_Length":100.90683670298357,"Shape_Area":610.51972888575551}},{"type":"Feature","id":282,"geometry":{"type":"Polygon","coordinates":[[[41.993974571374324,34.358867568937704],[41.993825595647273,34.359111139397967],[41.993630810832144,34.359028452748767],[41.993779784937814,34.358784885256199],[41.993974571374324,34.358867568937704]]]},"properties":{"OBJECTID":282,"Name":"صناعي","اسم_المؤسس":" ","Shape_Length":100.90613443205982,"Shape_Area":610.51108366852895}},{"type":"Feature","id":283,"geometry":{"type":"Polygon","coordinates":[[[41.993779919609302,34.358784973901379],[41.993630945568,34.359028543195294],[41.993436157924563,34.35894585809568],[41.993585135710234,34.35870228983535],[41.993779919609302,34.358784973901379]]]},"properties":{"OBJECTID":283,"Name":"صناعي","اسم_المؤسس":" ","Shape_Length":100.90617357003178,"Shape_Area":610.51144921694413}},{"type":"Feature","id":284,"geometry":{"type":"Polygon","coordinates":[[[41.994707419852681,34.358871904525991],[41.994558448451116,34.359115474814779],[41.994363659799852,34.35903279125327],[41.994512631623778,34.35878922027657],[41.994707419852681,34.358871904525991]]]},"properties":{"OBJECTID":284,"Name":"صناعي","اسم_المؤسس":" ","Shape_Length":100.90656488732392,"Shape_Area":610.51720189711773}},{"type":"Feature","id":285,"geometry":{"type":"Polygon","coordinates":[[[41.994512620896494,34.358789254792008],[41.994363646900545,34.359032825821856],[41.994168861808824,34.358950140047753],[41.994317834119315,34.358706570184381],[41.994512620896494,34.358789254792008]]]},"properties":{"OBJECTID":285,"Name":"صناعي","اسم_المؤسس":" ","Shape_Length":100.90640639229973,"Shape_Area":610.51429907704892}},{"type":"Feature","id":286,"geometry":{"type":"Polygon","coordinates":[[[41.994318317806908,34.358706692649399],[41.994169343229572,34.358950259864642],[41.993974558535051,34.358867574660344],[41.994123530276838,34.358624006836983],[41.994318317806908,34.358706692649399]]]},"properties":{"OBJECTID":286,"Name":"صناعي","اسم_المؤسس":" ","Shape_Length":100.90591931745141,"Shape_Area":610.50984972466142}},{"type":"Feature","id":287,"geometry":{"type":"Polygon","coordinates":[[[41.994123518463432,34.35862404137896],[41.993974544613742,34.358867611056709],[41.99377976025292,34.358784924620174],[41.993928734621115,34.358541356956358],[41.994123518463432,34.35862404137896]]]},"properties":{"OBJECTID":287,"Name":"صناعي","اسم_المؤسس":" ","Shape_Length":100.90591952671377,"Shape_Area":610.50826467729985}},{"type":"Feature","id":288,"geometry":{"type":"Polygon","coordinates":[[[41.993928866034452,34.358541445681126],[41.993779896042433,34.358785014139386],[41.993585108853331,34.358702329252431],[41.993734082493532,34.358458759125959],[41.993928866034452,34.358541445681126]]]},"properties":{"OBJECTID":288,"Name":"صناعي","اسم_المؤسس":" ","Shape_Length":100.90611880560049,"Shape_Area":610.51159668972707}},{"type":"Feature","id":289,"geometry":{"type":"Polygon","coordinates":[[[41.99358538313713,34.358702431606986],[41.993436409759973,34.358946001562494],[41.993241623471654,34.358863313403326],[41.993390597367302,34.358619745461738],[41.99358538313713,34.358702431606986]]]},"properties":{"OBJECTID":289,"Name":"صناعي","اسم_المؤسس":" ","Shape_Length":100.90635062780767,"Shape_Area":610.51486300998556}},{"type":"Feature","id":290,"geometry":{"type":"Polygon","coordinates":[[[41.993734336563897,34.35845890434026],[41.993585358484218,34.358702471871538],[41.993390573832329,34.358619786600272],[41.993539547990494,34.35837621848745],[41.993734336563897,34.35845890434026]]]},"properties":{"OBJECTID":290,"Name":"صناعي","اسم_المؤسس":" ","Shape_Length":100.90640504055952,"Shape_Area":610.51561219987218}},{"type":"Feature","id":291,"geometry":{"type":"Polygon","coordinates":[[[41.993341176262199,34.35870107231775],[41.993241669774648,34.358863759359195],[41.99290092630504,34.358719111679619],[41.993000432237537,34.358556424913303],[41.993341176262199,34.35870107231775]]]},"properties":{"OBJECTID":291,"Name":"صناعي","اسم_المؤسس":" ","Shape_Length":110.95968208278151,"Shape_Area":713.34546242262741}},{"type":"Feature","id":292,"geometry":{"type":"Polygon","coordinates":[[[41.993440689375113,34.3585383679142],[41.993341184373044,34.358701055894244],[41.993000438176509,34.358556408542967],[41.993099945881418,34.358393720758322],[41.993440689375113,34.3585383679142]]]},"properties":{"OBJECTID":292,"Name":"صناعي","اسم_المؤسس":" ","Shape_Length":110.96016844932382,"Shape_Area":713.35206540141075}},{"type":"Feature","id":293,"geometry":{"type":"Polygon","coordinates":[[[41.993540149896276,34.358375906296644],[41.993440646379327,34.358538595215251],[41.993099901798772,34.358393948085876],[41.993199406996695,34.358231261190454],[41.993540149896276,34.358375906296644]]]},"properties":{"OBJECTID":293,"Name":"صناعي","اسم_المؤسس":" ","Shape_Length":110.9598409330188,"Shape_Area":713.3476619154485}},{"type":"Feature","id":294,"geometry":{"type":"Polygon","coordinates":[[[41.992935328623766,34.358372838453505],[41.992835685268524,34.358535418560969],[41.992544116509478,34.358411389129117],[41.992643760286143,34.35824880833411],[41.992935328623766,34.358372838453505]]]},"properties":{"OBJECTID":294,"Name":"صناعي","اسم_المؤسس":" ","Shape_Length":100.80671188645542,"Shape_Area":610.51798461350791}},{"type":"Feature","id":295,"geometry":{"type":"Polygon","coordinates":[[[41.992835725865781,34.358535429285595],[41.992736082078743,34.358698007527124],[41.992444513888053,34.358573976054551],[41.99254415816057,34.358411398926698],[41.992835725865781,34.358535429285595]]]},"properties":{"OBJECTID":295,"Name":"صناعي","اسم_المؤسس":" ","Shape_Length":100.8061065710765,"Shape_Area":610.5092522024654}},{"type":"Feature","id":296,"geometry":{"type":"Polygon","coordinates":[[[41.992736191078066,34.358697893989053],[41.992636546891568,34.358860471265267],[41.992344976203917,34.358736443235422],[41.992444622951716,34.358573864317918],[41.992736191078066,34.358697893989053]]]},"properties":{"OBJECTID":296,"Name":"صناعي","اسم_المؤسس":" ","Shape_Length":100.80622414525209,"Shape_Area":610.51137989972767}},{"type":"Feature","id":297,"geometry":{"type":"Polygon","coordinates":[[[41.99264381104139,34.358248829626923],[41.992544165060828,34.358411409574529],[41.992252594919258,34.358287378552262],[41.992352242503287,34.358124800592357],[41.99264381104139,34.358248829626923]]]},"properties":{"OBJECTID":297,"Name":"صناعي","اسم_المؤسس":" ","Shape_Length":100.80690271992879,"Shape_Area":610.5198394996653}},{"type":"Feature","id":298,"geometry":{"type":"Polygon","coordinates":[[[41.992544207797884,34.358411419345515],[41.992444562439481,34.358573996499977],[41.992152992962382,34.358449966138785],[41.992252639828145,34.35828738827022],[41.992544207797884,34.358411419345515]]]},"properties":{"OBJECTID":298,"Name":"صناعي","اسم_المؤسس":" ","Shape_Length":100.80641662179939,"Shape_Area":610.51312978030694}},{"type":"Feature","id":299,"geometry":{"type":"Polygon","coordinates":[[[41.992444671503144,34.358573884763345],[41.992345025841388,34.358736463654331],[41.992053458083035,34.35861243302719],[41.992153103176342,34.35844985617706],[41.992444671503144,34.358573884763345]]]},"properties":{"OBJECTID":299,"Name":"صناعي","اسم_المؤسس":" ","Shape_Length":100.80608863464592,"Shape_Area":610.5097640966826}},{"type":"Feature","id":300,"geometry":{"type":"Polygon","coordinates":[[[41.992636718835051,34.358860263343963],[41.992537073259442,34.359022842383318],[41.992245504226716,34.358898812286441],[41.992345149137776,34.358736232586132],[41.992636718835051,34.358860263343963]]]},"properties":{"OBJECTID":300,"Name":"صناعي","اسم_المؤسس":" ","Shape_Length":100.80649667546776,"Shape_Area":610.51518196239226}},{"type":"Feature","id":301,"geometry":{"type":"Polygon","coordinates":[[[41.99234519877524,34.358736253005027],[41.9922455527783,34.358898832731946],[41.991953984534995,34.358774800991533],[41.992053629931455,34.358612222404844],[41.99234519877524,34.358736253005027]]]},"properties":{"OBJECTID":301,"Name":"صناعي","اسم_المؤسس":" ","Shape_Length":100.80649667540007,"Shape_Area":610.51518196239226}},{"type":"Feature","id":302,"geometry":{"type":"Polygon","coordinates":[[[41.993059288849594,34.358169781212652],[41.992935093671342,34.358372833386376],[41.992740506746237,34.358290228729146],[41.992864702366973,34.358087178533751],[41.993059288849594,34.358169781212652]]]},"properties":{"OBJECTID":302,"Name":"صناعي","اسم_المؤسس":" ","Shape_Length":90.780956803878141,"Shape_Area":508.44215106467448}},{"type":"Feature","id":303,"geometry":{"type":"Polygon","coordinates":[[[41.992865155937821,34.35808737114867],[41.992740964693844,34.358290422138779],[41.992546377079066,34.358207818078554],[41.992670569787386,34.358004767239052],[41.992865155937821,34.35808737114867]]]},"properties":{"OBJECTID":303,"Name":"صناعي","اسم_المؤسس":" ","Shape_Length":90.780709502134386,"Shape_Area":508.43986823437172}},{"type":"Feature","id":304,"geometry":{"type":"Polygon","coordinates":[[[41.992670294530626,34.358003079361865],[41.99254609850184,34.358206128479573],[41.992351514514318,34.358123524008036],[41.992475707663615,34.357920475147218],[41.992670294530626,34.358003079361865]]]},"properties":{"OBJECTID":304,"Name":"صناعي","اسم_المؤسس":" ","Shape_Length":90.780374388504001,"Shape_Area":508.43606129501944}},{"type":"Feature","id":305,"geometry":{"type":"Polygon","coordinates":[[[41.991920320438311,34.358995604171895],[41.991875598742304,34.359068714724877],[41.991826958401056,34.35904806572168],[41.991871677927143,34.358974954337192],[41.991920320438311,34.358995604171895]]]},"properties":{"OBJECTID":305,"Name":"صناعي","اسم_المؤسس":" ","Shape_Length":28.256792146667188,"Shape_Area":45.763102622936536}},{"type":"Feature","id":306,"geometry":{"type":"Polygon","coordinates":[[[41.991968988302034,34.359016263281582],[41.991924267758108,34.35908937472454],[41.991875624136107,34.359068725821743],[41.991920343628131,34.358995614421296],[41.991968988302034,34.359016263281582]]]},"properties":{"OBJECTID":306,"Name":"صناعي","اسم_المؤسس":" ","Shape_Length":28.257222104017565,"Shape_Area":45.764981579593382}},{"type":"Feature","id":307,"geometry":{"type":"Polygon","coordinates":[[[41.99201759664912,34.359036898588201],[41.991972875053257,34.359110010073678],[41.991924233548367,34.359089360237796],[41.991968950834405,34.359016248874553],[41.99201759664912,34.359036898588201]]]},"properties":{"OBJECTID":307,"Name":"صناعي","اسم_المؤسس":" ","Shape_Length":28.257182966106953,"Shape_Area":45.764896319738227}},{"type":"Feature","id":308,"geometry":{"type":"Polygon","coordinates":[[[41.992066263504562,34.359057558583665],[41.992021544114714,34.359130670031966],[41.991972898275129,34.359110021223643],[41.992017618752989,34.359036908864127],[41.992066263504562,34.359057558583665]]]},"properties":{"OBJECTID":308,"Name":"صناعي","اسم_المؤسس":" ","Shape_Length":28.257533354828187,"Shape_Area":45.766218630500546}},{"type":"Feature","id":309,"geometry":{"type":"Polygon","coordinates":[[[41.992115620136076,34.359078511761858],[41.992070899662778,34.3591516223523],[41.992022255972003,34.359130973511817],[41.992066977533305,34.359057862010175],[41.992115620136076,34.359078511761858]]]},"properties":{"OBJECTID":309,"Name":"صناعي","اسم_المؤسس":" ","Shape_Length":28.257102895454395,"Shape_Area":45.764422197951383}},{"type":"Feature","id":310,"geometry":{"type":"Polygon","coordinates":[[[41.992164286973441,34.359099169914423],[41.992119566630329,34.359172283222634],[41.992070922820616,34.359151631701032],[41.9921156432939,34.35907852111059],[41.992164286973441,34.359099169914423]]]},"properties":{"OBJECTID":310,"Name":"صناعي","اسم_المؤسس":" ","Shape_Length":28.257414644704134,"Shape_Area":45.765576691742226}},{"type":"Feature","id":311,"geometry":{"type":"Polygon","coordinates":[[[41.992212895476143,34.359119806939297],[41.992168177242903,34.359192917508487],[41.992119531302514,34.359172267861901],[41.992164251677686,34.359099155454309],[41.992212895476143,34.359119806939297]]]},"properties":{"OBJECTID":311,"Name":"صناعي","اسم_المؤسس":" ","Shape_Length":28.257454574923475,"Shape_Area":45.766130645801226}},{"type":"Feature","id":312,"geometry":{"type":"Polygon","coordinates":[[[41.992261561273182,34.359140465077061],[41.992216844224068,34.359213577436833],[41.992168199378867,34.35919292868499],[41.992212918633996,34.359119816288008],[41.992261561273182,34.359140465077061]]]},"properties":{"OBJECTID":312,"Name":"صناعي","اسم_المؤسس":" ","Shape_Length":28.257166546109683,"Shape_Area":45.764659455291927}},{"type":"Feature","id":313,"geometry":{"type":"Polygon","coordinates":[[[41.992309658781963,34.359160882906757],[41.992264940680542,34.35923399530887],[41.992216295748705,34.359213344776251],[41.992261017142098,34.359140232310374],[41.992309658781963,34.359160882906757]]]},"properties":{"OBJECTID":313,"Name":"صناعي","اسم_المؤسس":" ","Shape_Length":28.257415140890522,"Shape_Area":45.765494123672333}},{"type":"Feature","id":314,"geometry":{"type":"Polygon","coordinates":[[[41.992358329064416,34.359181543598908],[41.992313607675086,34.359254654295469],[41.992264963838423,34.359234004657573],[41.992309683057833,34.359160893129491],[41.992358329064416,34.359181543598908]]]},"properties":{"OBJECTID":314,"Name":"صناعي","اسم_المؤسس":" ","Shape_Length":28.257414286448078,"Shape_Area":45.765934857923504}},{"type":"Feature","id":315,"geometry":{"type":"Polygon","coordinates":[[[41.992406935390015,34.359202177892669],[41.99236221518477,34.359275290379806],[41.992313573433179,34.359254638908226],[41.992358293736558,34.359181528238246],[41.992406935390015,34.359202177892669]]]},"properties":{"OBJECTID":315,"Name":"صناعي","اسم_المؤسس":" ","Shape_Length":28.257024474534809,"Shape_Area":45.76397606125127}},{"type":"Feature","id":316,"geometry":{"type":"Polygon","coordinates":[[[41.992455603514138,34.35922283769596],[41.992410883278886,34.359295948397858],[41.992362238374703,34.359275300629093],[41.992406958515865,34.359202186340724],[41.992455603514138,34.35922283769596]]]},"properties":{"OBJECTID":316,"Name":"صناعي","اسم_المؤسس":" ","Shape_Length":28.257629553718303,"Shape_Area":45.766378367636982}},{"type":"Feature","id":317,"geometry":{"type":"Polygon","coordinates":[[[41.991964092210708,34.358922741288509],[41.991919373877884,34.358995852675115],[41.991870730312833,34.358975203767208],[41.99191545078758,34.35890209054218],[41.991964092210708,34.358922741288509]]]},"properties":{"OBJECTID":317,"Name":"صناعي","اسم_المؤسس":" ","Shape_Length":28.257183318332117,"Shape_Area":45.764538130346729}},{"type":"Feature","id":318,"geometry":{"type":"Polygon","coordinates":[[[41.992012758954317,34.358943400409153],[41.991968041773589,34.359016512685777],[41.991919397099736,34.358995863825101],[41.991964115400499,34.358922751537882],[41.992012758954317,34.358943400409153]]]},"properties":{"OBJECTID":318,"Name":"صناعي","اسم_المؤسس":" ","Shape_Length":28.257206332917228,"Shape_Area":45.764937802411382}},{"type":"Feature","id":319,"geometry":{"type":"Polygon","coordinates":[[[41.992061368385322,34.358964036574278],[41.992016649002608,34.359037147118748],[41.991968006477904,34.359016498225621],[41.992012724712602,34.358943385021846],[41.992061368385322,34.358964036574278]]]},"properties":{"OBJECTID":319,"Name":"صناعي","اسم_المؤسس":" ","Shape_Length":28.25718346328566,"Shape_Area":45.764813752437576}},{"type":"Feature","id":320,"geometry":{"type":"Polygon","coordinates":[[[41.992110036292594,34.3589846965276],[41.99206531802993,34.359057807061468],[41.992016672192435,34.359037157368107],[41.992061391543103,34.358964045923031],[41.992110036292594,34.3589846965276]]]},"properties":{"OBJECTID":320,"Name":"صناعي","اسم_المؤسس":" ","Shape_Length":28.257358374211059,"Shape_Area":45.765970892912833}},{"type":"Feature","id":321,"geometry":{"type":"Polygon","coordinates":[[[41.992159391771501,34.359005648815973],[41.992114671403485,34.359078760319733],[41.992066030940663,34.359058109613919],[41.992110749170799,34.358984998179231],[41.992159391771501,34.359005648815973]]]},"properties":{"OBJECTID":321,"Name":"صناعي","اسم_المؤسس":" ","Shape_Length":28.256928776886085,"Shape_Area":45.763733761662827}},{"type":"Feature","id":322,"geometry":{"type":"Polygon","coordinates":[[[41.992208060746677,34.359026306899807],[41.992163339358797,34.359099419346727],[41.992114696733253,34.359078769615344],[41.99215941496135,34.359005659065303],[41.992208060746677,34.359026306899807]]]},"properties":{"OBJECTID":322,"Name":"صناعي","اسم_المؤسس":" ","Shape_Length":28.257222109175387,"Shape_Area":45.764981577001137}},{"type":"Feature","id":323,"geometry":{"type":"Polygon","coordinates":[[[41.992256669215294,34.359046943909128],[41.992211947765334,34.359120053670168],[41.992163305149028,34.359099404860046],[41.992208024397016,34.359026293366902],[41.992256669215294,34.359046943909128]]]},"properties":{"OBJECTID":323,"Name":"صناعي","اسم_المؤسس":" ","Shape_Length":28.257103042065388,"Shape_Area":45.764697827483211}},{"type":"Feature","id":324,"geometry":{"type":"Polygon","coordinates":[[[41.992305336096202,34.359067602905348],[41.992260618002327,34.35914071440385],[41.992211972009144,34.359120062992304],[41.99225669131917,34.359046954185025],[41.992305336096202,34.359067602905348]]]},"properties":{"OBJECTID":324,"Name":"صناعي","اسم_المؤسس":" ","Shape_Length":28.257182758302488,"Shape_Area":45.765530101253745}},{"type":"Feature","id":325,"geometry":{"type":"Polygon","coordinates":[[[41.992353431431354,34.359088021673401],[41.992308713307061,34.359161131386436],[41.992260070645358,34.35914048261747],[41.992304789825596,34.359067371092593],[41.992353431431354,34.359088021673401]]]},"properties":{"OBJECTID":325,"Name":"صناعي","اسم_المؤسس":" ","Shape_Length":28.256696597780095,"Shape_Area":45.76313597272857}},{"type":"Feature","id":326,"geometry":{"type":"Polygon","coordinates":[[[41.992402098293596,34.359108678827269],[41.992357382535531,34.35918179300613],[41.992308736529004,34.359161142536358],[41.992353454621231,34.359088031922703],[41.992402098293596,34.359108678827269]]]},"properties":{"OBJECTID":326,"Name":"صناعي","اسم_المؤسس":" ","Shape_Length":28.257246127575527,"Shape_Area":45.765216146938542}},{"type":"Feature","id":327,"geometry":{"type":"Polygon","coordinates":[[[41.992450706853163,34.359129315754146],[41.992405988829027,34.359202426399683],[41.992357346153739,34.359181778572676],[41.992402064083777,34.359108664340653],[41.992450706853163,34.359129315754146]]]},"properties":{"OBJECTID":327,"Name":"صناعي","اسم_المؤسس":" ","Shape_Length":28.257087625410534,"Shape_Area":45.764295833317362}},{"type":"Feature","id":328,"geometry":{"type":"Polygon","coordinates":[[[41.992499374911112,34.359149974641284],[41.992454656953093,34.359223086203365],[41.992406012050985,34.359202437549584],[41.992450730043075,34.359129326003426],[41.992499374911112,34.359149974641284]]]},"properties":{"OBJECTID":328,"Name":"صناعي","اسم_المؤسس":" ","Shape_Length":28.257166194122405,"Shape_Area":45.765017639532147}},{"type":"Feature","id":329,"geometry":{"type":"Polygon","coordinates":[[[41.992282474607656,34.357873473930709],[41.991984178540228,34.358361166359941],[41.991594812577361,34.358195872702083],[41.991893110431242,34.357708180223696],[41.992282474607656,34.357873473930709]]]},"properties":{"OBJECTID":329,"Name":"صناعي","اسم_المؤسس":"معمل الكاشي ظهار جمعه عمر","Shape_Length":201.91012311379751,"Shape_Area":2443.5973045374735}},{"type":"Feature","id":331,"geometry":{"type":"Polygon","coordinates":[[[41.990363500610805,34.358836113085587],[41.990264124624133,34.358998573829346],[41.990166841516555,34.358957275453378],[41.990266218612469,34.358794811151512],[41.990363500610805,34.358836113085587]]]},"properties":{"OBJECTID":331,"Name":"صناعي","اسم_المؤسس":" ","Shape_Length":60.556078279014287,"Shape_Area":203.38494629543345}},{"type":"Feature","id":332,"geometry":{"type":"Polygon","coordinates":[[[41.990655345619153,34.358960005809642],[41.990555972322518,34.359122468514144],[41.99045868897317,34.359081171286896],[41.990558063475106,34.358918707726112],[41.990655345619153,34.358960005809642]]]},"properties":{"OBJECTID":332,"Name":"صناعي","اسم_المؤسس":" ","Shape_Length":60.555733841839654,"Shape_Area":203.38199938543949}},{"type":"Feature","id":333,"geometry":{"type":"Polygon","coordinates":[[[41.990558072098835,34.358918705712469],[41.990458694531107,34.359081174756547],[41.990361410058973,34.359039873870728],[41.990460787810072,34.358877405798133],[41.990558072098835,34.358918705712469]]]},"properties":{"OBJECTID":333,"Name":"صناعي","اسم_المؤسس":" ","Shape_Length":60.557674414331998,"Shape_Area":203.3945499691192}},{"type":"Feature","id":334,"geometry":{"type":"Polygon","coordinates":[[[41.990752634498385,34.359001307253571],[41.990653259149148,34.359163769181443],[41.990555976666421,34.359122468407925],[41.990655348877063,34.35896000572999],[41.990752634498385,34.359001307253571]]]},"properties":{"OBJECTID":334,"Name":"صناعي","اسم_المؤسس":" ","Shape_Length":60.556118854112761,"Shape_Area":203.38676291415837}},{"type":"Feature","id":335,"geometry":{"type":"Polygon","coordinates":[[[41.991044476129886,34.35912519548895],[41.990945103406659,34.359287657576317],[41.99084781844617,34.359246356203435],[41.990947192374705,34.359083893259765],[41.991044476129886,34.35912519548895]]]},"properties":{"OBJECTID":335,"Name":"صناعي","اسم_المؤسس":" ","Shape_Length":60.556215197716298,"Shape_Area":203.38773032150422}},{"type":"Feature","id":336,"geometry":{"type":"Polygon","coordinates":[[[41.990947199944486,34.35908389217326],[41.990847822982211,34.359246361500851],[41.990750538144994,34.359205060945854],[41.990849916376646,34.359042592563199],[41.990947199944486,34.35908389217326]]]},"properties":{"OBJECTID":336,"Name":"صناعي","اسم_المؤسس":" ","Shape_Length":60.557634630501497,"Shape_Area":203.39390453573975}},{"type":"Feature","id":337,"geometry":{"type":"Polygon","coordinates":[[[41.991141765182036,34.35916649119838],[41.991042390534304,34.359328956111561],[41.990945107718538,34.359287656569492],[41.991044479387803,34.359125195409277],[41.991141765182036,34.35916649119838]]]},"properties":{"OBJECTID":337,"Name":"صناعي","اسم_المؤسس":" ","Shape_Length":60.555869471621079,"Shape_Area":203.38381771694182}},{"type":"Feature","id":338,"geometry":{"type":"Polygon","coordinates":[[[41.99084991653676,34.359042597066221],[41.990750540316959,34.359205060892748],[41.990653256689022,34.359163761129103],[41.990752630984289,34.359001300128376],[41.99084991653676,34.359042597066221]]]},"properties":{"OBJECTID":338,"Name":"صناعي","اسم_المؤسس":" ","Shape_Length":60.55606100918147,"Shape_Area":203.38547520054607}},{"type":"Feature","id":339,"geometry":{"type":"Polygon","coordinates":[[[41.990462883320482,34.358673637681832],[41.990363509968319,34.358836101138721],[41.990266228002014,34.358794800105258],[41.990365600419558,34.358632336745792],[41.990462883320482,34.358673637681832]]]},"properties":{"OBJECTID":339,"Name":"صناعي","اسم_المؤسس":" ","Shape_Length":60.556063151175849,"Shape_Area":203.38534151024928}},{"type":"Feature","id":340,"geometry":{"type":"Polygon","coordinates":[[[41.990754731196702,34.358797531914803],[41.990655354944607,34.358959992962156],[41.990558072832606,34.358918695779238],[41.990657448086019,34.358756233028103],[41.990754731196702,34.358797531914803]]]},"properties":{"OBJECTID":340,"Name":"صناعي","اسم_المؤسس":" ","Shape_Length":60.555709971595569,"Shape_Area":203.38212988879806}},{"type":"Feature","id":341,"geometry":{"type":"Polygon","coordinates":[[[41.990657456709741,34.358756231014439],[41.990558078390528,34.358918699248896],[41.990460795187744,34.358877399308],[41.990560171486365,34.358714931197539],[41.990657456709741,34.358756231014439]]]},"properties":{"OBJECTID":341,"Name":"صناعي","اسم_المؤسس":" ","Shape_Length":60.557538437817612,"Shape_Area":203.39362550343384}},{"type":"Feature","id":342,"geometry":{"type":"Polygon","coordinates":[[[41.99085201765655,34.358838830639122],[41.99075264059794,34.359001295386356],[41.990655357116559,34.358959992909043],[41.990754734454612,34.358797531835137],[41.99085201765655,34.358838830639122]]]},"properties":{"OBJECTID":342,"Name":"صناعي","اسم_المؤسس":" ","Shape_Length":60.556405799270706,"Shape_Area":203.38752829684745}},{"type":"Feature","id":343,"geometry":{"type":"Polygon","coordinates":[[[41.991143858801927,34.358962717761273],[41.991044485487322,34.359125183542034],[41.990947200646175,34.359083881339416],[41.991046575326209,34.35892141920538],[41.991143858801927,34.358962717761273]]]},"properties":{"OBJECTID":343,"Name":"صناعي","اسم_المؤسس":" ","Shape_Length":60.55642980873742,"Shape_Area":203.38808608089982}},{"type":"Feature","id":344,"geometry":{"type":"Polygon","coordinates":[[[41.991046585067927,34.358921418065748],[41.990947207322137,34.359083885683098],[41.990849922636301,34.359042585198999],[41.990949300533451,34.358880117652525],[41.991046585067927,34.358921418065748]]]},"properties":{"OBJECTID":344,"Name":"صناعي","اسم_المؤسس":" ","Shape_Length":60.557554853320909,"Shape_Area":203.3941959752446}},{"type":"Feature","id":345,"geometry":{"type":"Polygon","coordinates":[[[41.991241147830799,34.359004017002235],[41.991141771313572,34.359166480231742],[41.991044488713221,34.359125182561748],[41.991143863145815,34.358962717655025],[41.991241147830799,34.359004017002235]]]},"properties":{"OBJECTID":345,"Name":"صناعي","اسم_المؤسس":" ","Shape_Length":60.556293033932533,"Shape_Area":203.38599036945993}},{"type":"Feature","id":346,"geometry":{"type":"Polygon","coordinates":[[[41.990949298521627,34.358880122208674],[41.990849925926234,34.359042586019939],[41.990752641395716,34.35900128725433],[41.990852014142462,34.358838823513935],[41.990949298521627,34.358880122208674]]]},"properties":{"OBJECTID":346,"Name":"صناعي","اسم_المؤسس":" ","Shape_Length":60.556181213822086,"Shape_Area":203.38631209811348}},{"type":"Feature","id":347,"geometry":{"type":"Polygon","coordinates":[[[41.990560170592516,34.358714936627742],[41.990460797359688,34.358877399254901],[41.990363514312207,34.358836101032516],[41.990462886546375,34.35867363670156],[41.990560170592516,34.358714936627742]]]},"properties":{"OBJECTID":347,"Name":"صناعي","اسم_المؤسس":" ","Shape_Length":60.55604573249424,"Shape_Area":203.38518211131992}},{"type":"Feature","id":348,"geometry":{"type":"Polygon","coordinates":[[[41.990460788002181,34.358877411201767],[41.990361412230911,34.359039873817629],[41.990264128968029,34.358998573723149],[41.990363504922669,34.358836112078777],[41.990460788002181,34.358877411201767]]]},"properties":{"OBJECTID":348,"Name":"صناعي","اسم_المؤسس":" ","Shape_Length":60.555982079261256,"Shape_Area":203.38466723090758}},{"type":"Feature","id":349,"geometry":{"type":"Polygon","coordinates":[[[41.992239240805077,34.359630135785743],[41.992139866749248,34.359792600624345],[41.992042581788567,34.359751301141152],[41.992141954973867,34.359588838201212],[41.992239240805077,34.359630135785743]]]},"properties":{"OBJECTID":349,"Name":"صناعي","اسم_المؤسس":" ","Shape_Length":60.55625354110699,"Shape_Area":203.38672169321759}},{"type":"Feature","id":350,"geometry":{"type":"Polygon","coordinates":[[[41.992531092298378,34.359754027301847],[41.992431721986655,34.359916493173962],[41.992334432440288,34.359875194945822],[41.992433806225421,34.359712730866072],[41.992531092298378,34.359754027301847]]]},"properties":{"OBJECTID":350,"Name":"صناعي","اسم_المؤسس":" ","Shape_Length":60.556587659195259,"Shape_Area":203.38970205336585}},{"type":"Feature","id":351,"geometry":{"type":"Polygon","coordinates":[[[41.992433815935165,34.35971272882572],[41.992334437966321,34.359875197514782],[41.992237152855139,34.359833899097637],[41.992336529857333,34.359671429605427],[41.992433815935165,34.35971272882572]]]},"properties":{"OBJECTID":351,"Name":"صناعي","اسم_المؤسس":" ","Shape_Length":60.557650404423995,"Shape_Area":203.39399215059078}},{"type":"Feature","id":352,"geometry":{"type":"Polygon","coordinates":[[[41.992628381784627,34.359795325376417],[41.992529010538306,34.359957791345977],[41.992431725212555,34.359916492193648],[41.992531096610264,34.359754026294958],[41.992628381784627,34.359795325376417]]]},"properties":{"OBJECTID":352,"Name":"صناعي","اسم_المؤسس":" ","Shape_Length":60.556469947792841,"Shape_Area":203.38783763354161}},{"type":"Feature","id":353,"geometry":{"type":"Polygon","coordinates":[[[41.992920230858765,34.359919208774826],[41.992820855626505,34.360081672361488],[41.992723570091059,34.360040375258521],[41.99282294323865,34.35987790999468],[41.992920230858765,34.359919208774826]]]},"properties":{"OBJECTID":353,"Name":"صناعي","اسم_المؤسس":" ","Shape_Length":60.556484720567035,"Shape_Area":203.38833624467483}},{"type":"Feature","id":354,"geometry":{"type":"Polygon","coordinates":[[[41.992822952980433,34.359877908854905],[41.992723575649165,34.360040378728058],[41.992626290204981,34.359999081542391],[41.992725664461737,34.359836612720422],[41.992822952980433,34.359877908854905]]]},"properties":{"OBJECTID":354,"Name":"صناعي","اسم_المؤسس":" ","Shape_Length":60.557537293217429,"Shape_Area":203.39334809116087}},{"type":"Feature","id":355,"geometry":{"type":"Polygon","coordinates":[[[41.993017519592044,34.359960505644494],[41.992918145629197,34.360122970176036],[41.992820859970443,34.360081672255184],[41.992920235170651,34.359919207767916],[41.993017519592044,34.359960505644494]]]},"properties":{"OBJECTID":355,"Name":"صناعي","اسم_المؤسس":" ","Shape_Length":60.556269669245424,"Shape_Area":203.38591543458733}},{"type":"Feature","id":356,"geometry":{"type":"Polygon","coordinates":[[[41.992725663535978,34.359836617250018],[41.992626293462926,34.359999081462668],[41.992529008077966,34.359957783293666],[41.992628379356333,34.35979531822472],[41.992725663535978,34.359836617250018]]]},"properties":{"OBJECTID":356,"Name":"صناعي","اسم_المؤسس":" ","Shape_Length":60.556022864939379,"Shape_Area":203.38490162550943}},{"type":"Feature","id":357,"geometry":{"type":"Polygon","coordinates":[[[41.992338620689921,34.35946766171724],[41.99223924907642,34.359630123865315],[41.992141962159238,34.359588826307359],[41.992241334913963,34.359426361501789],[41.992338620689921,34.35946766171724]]]},"properties":{"OBJECTID":357,"Name":"صناعي","اسم_المؤسس":" ","Shape_Length":60.556293475495366,"Shape_Area":203.38805547668667}},{"type":"Feature","id":358,"geometry":{"type":"Polygon","coordinates":[[[41.992630471697026,34.359591552120136],[41.992531099515752,34.359754016308578],[41.992433815582721,34.359712718919056],[41.992533186733262,34.359550252126233],[41.992630471697026,34.359591552120136]]]},"properties":{"OBJECTID":358,"Name":"صناعي","اسم_المؤسس":" ","Shape_Length":60.55629417954566,"Shape_Area":203.38626771947582}},{"type":"Feature","id":359,"geometry":{"type":"Polygon","coordinates":[[[41.992533194303078,34.359550251039629],[41.992433820054799,34.359712722415203],[41.992336536148933,34.359671423141755],[41.99243590840868,34.359508952790819],[41.992533194303078,34.359550251039629]]]},"properties":{"OBJECTID":359,"Name":"صناعي","اسم_المؤسس":" ","Shape_Length":60.557579079024421,"Shape_Area":203.39317148920506}},{"type":"Feature","id":360,"geometry":{"type":"Polygon","coordinates":[[[41.992727762085821,34.359632849196629],[41.992628389001979,34.359795314383142],[41.992531103827631,34.359754015301689],[41.992630476040944,34.359591552013853],[41.992727762085821,34.359632849196629]]]},"properties":{"OBJECTID":360,"Name":"صناعي","اسم_المؤسس":" ","Shape_Length":60.55625354110699,"Shape_Area":203.38672169321759}},{"type":"Feature","id":361,"geometry":{"type":"Polygon","coordinates":[[[41.993019610673763,34.359756731481838],[41.992920239162082,34.359919197754969],[41.99282295262794,34.359877898948241],[41.992922325376995,34.359715432719398],[41.993019610673763,34.359756731481838]]]},"properties":{"OBJECTID":361,"Name":"صناعي","اسم_المؤسس":" ","Shape_Length":60.556701122075083,"Shape_Area":203.38945220410309}},{"type":"Feature","id":362,"geometry":{"type":"Polygon","coordinates":[[[41.992922334032784,34.359715431606183],[41.992822957100053,34.35987790244436],[41.992725671775219,34.359836604428956],[41.992825047869481,34.359674136390048],[41.992922334032784,34.359715431606183]]]},"properties":{"OBJECTID":362,"Name":"صناعي","اسم_المؤسس":" ","Shape_Length":60.557457724315732,"Shape_Area":203.39205719786656}},{"type":"Feature","id":363,"geometry":{"type":"Polygon","coordinates":[[[41.993116900341626,34.359798028254033],[41.993017528917235,34.359960492796816],[41.992920242387974,34.359919196774634],[41.9930196139317,34.359756731402115],[41.993116900341626,34.359798028254033]]]},"properties":{"OBJECTID":363,"Name":"صناعي","اسم_المؤسس":" ","Shape_Length":60.556236623307854,"Shape_Area":203.38635673315235}},{"type":"Feature","id":364,"geometry":{"type":"Polygon","coordinates":[[[41.992825047997663,34.359674139992464],[41.99272567394717,34.359836604375808],[41.992628388713598,34.35979530627769],[41.992727760743499,34.359632842018364],[41.992825047997663,34.359674139992464]]]},"properties":{"OBJECTID":364,"Name":"صناعي","اسم_المؤسس":" ","Shape_Length":60.556389023925959,"Shape_Area":203.38785168602186}},{"type":"Feature","id":365,"geometry":{"type":"Polygon","coordinates":[[[41.992435908568879,34.359508957293833],[41.992336538320906,34.359671423088614],[41.992239252302312,34.359630122885001],[41.992338625033817,34.359467661610971],[41.992435908568879,34.359508957293833]]]},"properties":{"OBJECTID":365,"Name":"صناعي","اسم_المؤسس":" ","Shape_Length":60.555886388312288,"Shape_Area":203.38418267274167}},{"type":"Feature","id":366,"geometry":{"type":"Polygon","coordinates":[[[41.99233652893156,34.359671434135009],[41.992237156113084,34.359833899017929],[41.992139869975155,34.359792599644038],[41.992239244063022,34.359630135706027],[41.99233652893156,34.359671434135009]]]},"properties":{"OBJECTID":366,"Name":"صناعي","اسم_المؤسس":" ","Shape_Length":60.556389521414033,"Shape_Area":203.38764617584712}},{"type":"Feature","id":367,"geometry":{"type":"Polygon","coordinates":[[[41.990711109878283,34.359727211506403],[41.990611733790757,34.359889676134863],[41.990514448254366,34.359848374527978],[41.99061382564328,34.359685911745075],[41.990711109878283,34.359727211506403]]]},"properties":{"OBJECTID":367,"Name":"صناعي","اسم_المؤسس":" ","Shape_Length":60.55652550220961,"Shape_Area":203.38857066007668}},{"type":"Feature","id":368,"geometry":{"type":"Polygon","coordinates":[[[41.991002959776893,34.359851107672],[41.990903582993418,34.36001357073841],[41.990806299419226,34.359972271127788],[41.990905674150078,34.359809807284734],[41.991002959776893,34.359851107672]]]},"properties":{"OBJECTID":368,"Name":"صناعي","اسم_المؤسس":" ","Shape_Length":60.556254040200216,"Shape_Area":203.38651618856667}},{"type":"Feature","id":369,"geometry":{"type":"Polygon","coordinates":[[[41.990905682805909,34.359809806171668],[41.990806304945224,34.359972273696819],[41.990709020376322,34.359930974030043],[41.990808399474354,34.359768506549216],[41.990905682805909,34.359809806171668]]]},"properties":{"OBJECTID":369,"Name":"صناعي","اسم_المؤسس":" ","Shape_Length":60.557147763302702,"Shape_Area":203.39032305129965}},{"type":"Feature","id":370,"geometry":{"type":"Polygon","coordinates":[[[41.991100247602901,34.359892406122199],[41.99100087093877,34.360054868358894],[41.990903586283387,34.36001357155935],[41.991002963002821,34.359851106691714],[41.991100247602901,34.359892406122199]]]},"properties":{"OBJECTID":370,"Name":"صناعي","اسم_المؤسس":" ","Shape_Length":60.55615705400762,"Shape_Area":203.38506587933432}},{"type":"Feature","id":371,"geometry":{"type":"Polygon","coordinates":[[[41.991392091728471,34.360016291547936],[41.991292717754469,34.360178755745366],[41.99119543387927,34.360137458266784],[41.991294808004639,34.359974994140231],[41.991392091728471,34.360016291547936]]]},"properties":{"OBJECTID":371,"Name":"صناعي","اسم_المؤسس":" ","Shape_Length":60.555830033963304,"Shape_Area":203.38227842045274}},{"type":"Feature","id":372,"geometry":{"type":"Polygon","coordinates":[[[41.991294816628468,34.359974992126538],[41.991195438319288,34.360137460862354],[41.991098153353292,34.360096160625822],[41.991197531845863,34.359933692861482],[41.991294816628468,34.359974992126538]]]},"properties":{"OBJECTID":372,"Name":"صناعي","اسم_المؤسس":" ","Shape_Length":60.55741922600194,"Shape_Area":203.3923775573225}},{"type":"Feature","id":373,"geometry":{"type":"Polygon","coordinates":[[[41.991489382155571,34.360057591415377],[41.991390007182893,34.360220053909025],[41.991292721044452,34.360178756566278],[41.991392096072417,34.360016291441688],[41.991489382155571,34.360057591415377]]]},"properties":{"OBJECTID":373,"Name":"صناعي","اسم_المؤسس":" ","Shape_Length":60.556332965736033,"Shape_Area":203.38732416219412}},{"type":"Feature","id":374,"geometry":{"type":"Polygon","coordinates":[[[41.991197532038029,34.35993369826511],[41.991098156611258,34.360096160546142],[41.991000869596576,34.360054861180615],[41.991100247314662,34.359892398016733],[41.991197532038029,34.35993369826511]]]},"properties":{"OBJECTID":374,"Name":"صناعي","اسم_المؤسس":" ","Shape_Length":60.556349385866184,"Shape_Area":203.38789463594892}},{"type":"Feature","id":375,"geometry":{"type":"Polygon","coordinates":[[[41.990810492848922,34.359564736720955],[41.990711118181878,34.359727200486674],[41.990613832860895,34.359685900751906],[41.990713208765293,34.359523437030511],[41.990810492848922,34.359564736720955]]]},"properties":{"OBJECTID":375,"Name":"صناعي","اسم_المؤسس":" ","Shape_Length":60.556333464279192,"Shape_Area":203.38711866275423}},{"type":"Feature","id":376,"geometry":{"type":"Polygon","coordinates":[[[41.991102343347372,34.359688631746735],[41.991002966930417,34.359851094877577],[41.99090568353963,34.359809796238437],[41.991005057935986,34.359647333231585],[41.991102343347372,34.359688631746735]]]},"properties":{"OBJECTID":376,"Name":"صناعي","اسم_المؤسس":" ","Shape_Length":60.556021715425288,"Shape_Area":203.38462426456073}},{"type":"Feature","id":377,"geometry":{"type":"Polygon","coordinates":[[[41.991005068731745,34.359647331164773],[41.990905689097637,34.359809799708081],[41.990808404648085,34.359768499211569],[41.990907781207632,34.35960603171943],[41.991005068731745,34.359647331164773]]]},"properties":{"OBJECTID":377,"Name":"صناعي","اسم_المؤسس":" ","Shape_Length":60.557634280940192,"Shape_Area":203.39479847144131}},{"type":"Feature","id":378,"geometry":{"type":"Polygon","coordinates":[[[41.991199633225989,34.359729930973536],[41.991100256960401,34.359892394175276],[41.991002971274355,34.359851094771344],[41.991102347659279,34.359688630739896],[41.991199633225989,34.359729930973536]]]},"properties":{"OBJECTID":378,"Name":"صناعي","اسم_المؤسس":" ","Shape_Length":60.556525001763248,"Shape_Area":203.38877616472757}},{"type":"Feature","id":379,"geometry":{"type":"Polygon","coordinates":[[[41.991491474789555,34.359853818040982],[41.991392101150012,34.360016281402203],[41.991294817362139,34.359974982193307],[41.991394190035031,34.359812518028896],[41.991491474789555,34.359853818040982]]]},"properties":{"OBJECTID":379,"Name":"صناعي","اسم_المؤسس":" ","Shape_Length":60.556022863989213,"Shape_Area":203.38490162630939}},{"type":"Feature","id":380,"geometry":{"type":"Polygon","coordinates":[[[41.991394198658831,34.359812516015189],[41.991294820716178,34.35997498481543],[41.991197535965604,34.359933686450987],[41.991296915177635,34.359771218595661],[41.991394198658831,34.359812516015189]]]},"properties":{"OBJECTID":380,"Name":"صناعي","اسم_المؤسس":" ","Shape_Length":60.557186758506674,"Shape_Area":203.38979719771697}},{"type":"Feature","id":381,"geometry":{"type":"Polygon","coordinates":[[[41.99158876608719,34.359895116009753],[41.991489390427063,34.360057579494992],[41.991392105493958,34.360016281295955],[41.991491481273421,34.359853816981001],[41.99158876608719,34.359895116009753]]]},"properties":{"OBJECTID":381,"Name":"صناعي","اسم_المؤسس":" ","Shape_Length":60.55625339413892,"Shape_Area":203.38603332438697}},{"type":"Feature","id":382,"geometry":{"type":"Polygon","coordinates":[[[41.991296915369809,34.35977122399931],[41.991197538137577,34.359933686397859],[41.991100253414217,34.359892386149497],[41.991199629679805,34.359729922947757],[41.991296915369809,34.35977122399931]]]},"properties":{"OBJECTID":382,"Name":"صناعي","اسم_المؤسس":" ","Shape_Length":60.556405942270871,"Shape_Area":203.38821666067807}},{"type":"Feature","id":383,"geometry":{"type":"Polygon","coordinates":[[[41.990713217389093,34.359523435016854],[41.990613838418888,34.35968590422155],[41.990516554243143,34.359644603476916],[41.990615933460766,34.359482137044907],[41.990713217389093,34.359523435016854]]]},"properties":{"OBJECTID":383,"Name":"صناعي","اسم_المؤسس":" ","Shape_Length":60.557322885614795,"Shape_Area":203.39141009896591}},{"type":"Feature","id":384,"geometry":{"type":"Polygon","coordinates":[[[41.99090778031379,34.359606037149639],[41.99080840678802,34.35976849825785],[41.990711121407799,34.359727199506402],[41.990810496074843,34.359564735740676],[41.99090778031379,34.359606037149639]]]},"properties":{"OBJECTID":384,"Name":"صناعي","اسم_المؤسس":" ","Shape_Length":60.556022511659336,"Shape_Area":203.3857954947909}},{"type":"Feature","id":385,"geometry":{"type":"Polygon","coordinates":[[[41.990613833213132,34.359685910658577],[41.990514453844391,34.359848378898263],[41.990417169517279,34.359807078082738],[41.990516549069397,34.359644610814541],[41.990613833213132,34.359685910658577]]]},"properties":{"OBJECTID":385,"Name":"صناعي","اسم_المؤسس":" ","Shape_Length":60.557419227643535,"Shape_Area":203.39237757002959}},{"type":"Feature","id":386,"geometry":{"type":"Polygon","coordinates":[[[41.990808399634467,34.359768511052245],[41.990709022548288,34.359930973976923],[41.990611738102672,34.359889675128031],[41.990711113136229,34.35972721142673],[41.990808399634467,34.359768511052245]]]},"properties":{"OBJECTID":386,"Name":"صناعي","اسم_المؤسس":" ","Shape_Length":60.556332965121229,"Shape_Area":203.38732416139419}},{"type":"Feature","id":387,"geometry":{"type":"Polygon","coordinates":[[[41.991683958231803,34.360140140547813],[41.991584582572024,34.360302605911613],[41.991487296155,34.360261306032498],[41.991586672062255,34.360098843441385],[41.991683958231803,34.360140140547813]]]},"properties":{"OBJECTID":387,"Name":"صناعي","اسم_المؤسس":" ","Shape_Length":60.556428664215488,"Shape_Area":203.38780873609483}},{"type":"Feature","id":388,"geometry":{"type":"Polygon","coordinates":[[[41.991975809750208,34.360264033358],[41.991876435598492,34.36042649800725],[41.991779150025693,34.360385199250295],[41.991878525478832,34.36022273644658],[41.991975809750208,34.360264033358]]]},"properties":{"OBJECTID":388,"Name":"صناعي","اسم_المؤسس":" ","Shape_Length":60.555981933213801,"Shape_Area":203.38397886287697}},{"type":"Feature","id":389,"geometry":{"type":"Polygon","coordinates":[[[41.991878533016674,34.360222734459406],[41.991779156637733,34.360385201792738],[41.991681870102234,34.360343903880242],[41.991781248676396,34.360181432962243],[41.991878533016674,34.360222734459406]]]},"properties":{"OBJECTID":389,"Name":"صناعي","اسم_المؤسس":" ","Shape_Length":60.557555213782109,"Shape_Area":203.39330206877241}},{"type":"Feature","id":390,"geometry":{"type":"Polygon","coordinates":[[[41.992073100692849,34.360305331828499],[41.991973726692521,34.36046779654864],[41.991876439910421,34.360426497000361],[41.991975814062123,34.360264032351125],[41.992073100692849,34.360305331828499]]]},"properties":{"OBJECTID":390,"Name":"صناعي","اسم_المؤسس":" ","Shape_Length":60.556565285941105,"Shape_Area":203.38921607398024}},{"type":"Feature","id":391,"geometry":{"type":"Polygon","coordinates":[[[41.992170384954527,34.360346623170862],[41.992071009955517,34.360509086187214],[41.991973724264248,34.360467789396921],[41.992073099318524,34.360305323749621],[41.992170384954527,34.360346623170862]]]},"properties":{"OBJECTID":391,"Name":"صناعي","اسم_المؤسس":" ","Shape_Length":60.55625339589227,"Shape_Area":203.38603332438697}},{"type":"Feature","id":392,"geometry":{"type":"Polygon","coordinates":[[[41.991783340774603,34.359977665026996],[41.991683966503267,34.360140128627421],[41.991586680333718,34.360098831520993],[41.991686055810391,34.359936367064265],[41.991783340774603,34.359977665026996]]]},"properties":{"OBJECTID":392,"Name":"صناعي","اسم_المؤسس":" ","Shape_Length":60.55619683897276,"Shape_Area":203.38571130993398}},{"type":"Feature","id":393,"geometry":{"type":"Polygon","coordinates":[[[41.992075195064793,34.360101556644217],[41.991975820225655,34.360264022285051],[41.991878533750274,34.360222724526174],[41.991977905514872,34.360060259936517],[41.992075195064793,34.360101556644217]]]},"properties":{"OBJECTID":393,"Name":"صناعي","اسم_المؤسس":" ","Shape_Length":60.556627300237878,"Shape_Area":203.3896591184388}},{"type":"Feature","id":394,"geometry":{"type":"Polygon","coordinates":[[[41.991977916310653,34.360060257869634],[41.991878539276321,34.360222727095149],[41.991781253914127,34.360181427425772],[41.991880628927873,34.360018958324261],[41.991977916310653,34.360060257869634]]]},"properties":{"OBJECTID":394,"Name":"صناعي","اسم_المؤسس":" ","Shape_Length":60.557634777882114,"Shape_Area":203.39459294206637}},{"type":"Feature","id":395,"geometry":{"type":"Polygon","coordinates":[[[41.992172484834136,34.360142856871612],[41.992073108996308,34.360305320808685],[41.991975823451583,34.360264021304751],[41.992075199408738,34.360101556537948],[41.992172484834136,34.360142856871612]]]},"properties":{"OBJECTID":395,"Name":"صناعي","اسم_المؤسس":" ","Shape_Length":60.556541777927066,"Shape_Area":203.38845278447678}},{"type":"Feature","id":396,"geometry":{"type":"Polygon","coordinates":[[[41.9922697678264,34.360184147269059],[41.99217039424785,34.360346609422642],[41.992073106535997,34.360305312756367],[41.992172482341786,34.360142847918695],[41.9922697678264,34.360184147269059]]]},"properties":{"OBJECTID":396,"Name":"صناعي","اسم_المؤسس":" ","Shape_Length":60.556253044741908,"Shape_Area":203.38692718786854}},{"type":"Feature","id":397,"geometry":{"type":"Polygon","coordinates":[[[41.991686063380243,34.359936365977717],[41.991586685923814,34.360098835891215],[41.991489400771364,34.360057534172483],[41.991588777357251,34.359895066157648],[41.991686063380243,34.359936365977717]]]},"properties":{"OBJECTID":397,"Name":"صناعي","اسم_المؤسس":" ","Shape_Length":60.557691338435362,"Shape_Area":203.3949149557192}},{"type":"Feature","id":398,"geometry":{"type":"Polygon","coordinates":[[[41.991880629088051,34.360018962827304],[41.991781256086099,34.360181427372638],[41.991683970815174,34.360140127620561],[41.991783344064601,34.359977665847907],[41.991880629088051,34.360018962827304]]]},"properties":{"OBJECTID":398,"Name":"صناعي","اسم_المؤسس":" ","Shape_Length":60.555886381611131,"Shape_Area":203.38418265031098}},{"type":"Feature","id":399,"geometry":{"type":"Polygon","coordinates":[[[41.991586680718108,34.360098842328263],[41.991487301713065,34.360261309502093],[41.991390018645284,34.360220009460576],[41.991489394511696,34.360057541536712],[41.991586680718108,34.360098842328263]]]},"properties":{"OBJECTID":399,"Name":"صناعي","اسم_المؤسس":" ","Shape_Length":60.557204470028815,"Shape_Area":203.39133346357215}},{"type":"Feature","id":400,"geometry":{"type":"Polygon","coordinates":[[[41.991781248836567,34.360181437465265],[41.991681872274221,34.360343903827108],[41.991584586883938,34.360302604904753],[41.991683962575749,34.360140140441551],[41.991781248836567,34.360181437465265]]]},"properties":{"OBJECTID":400,"Name":"صناعي","اسم_المؤسس":" ","Shape_Length":60.556604136697601,"Shape_Area":203.38800189576665}},{"type":"Feature","id":401,"geometry":{"type":"Polygon","coordinates":[[[41.990135659673825,34.359609227322323],[41.99008592542225,34.359690441626519],[41.989891400592185,34.359607764222424],[41.989941134994965,34.359526549989162],[41.990135659673825,34.359609227322323]]]},"properties":{"OBJECTID":401,"Name":"صناعي","اسم_المؤسس":" ","Shape_Length":60.457276298232955,"Shape_Area":203.3939417373129}},{"type":"Feature","id":402,"geometry":{"type":"Polygon","coordinates":[[[41.99023512151409,34.35944680242725],[41.990185390735853,34.359528017584687],[41.989990869466105,34.3594453402428],[41.99004060374952,34.359364127778498],[41.99023512151409,34.35944680242725]]]},"properties":{"OBJECTID":402,"Name":"صناعي","اسم_المؤسس":" ","Shape_Length":60.456111720485595,"Shape_Area":203.38688553912723}},{"type":"Feature","id":403,"geometry":{"type":"Polygon","coordinates":[[[41.990185390831897,34.359528020286497],[41.990135654403993,34.359609231958117],[41.989941136337059,34.359526557167484],[41.989990870680138,34.359445343818692],[41.990185390831897,34.359528020286497]]]},"properties":{"OBJECTID":403,"Name":"صناعي","اسم_المؤسس":" ","Shape_Length":60.455951975799479,"Shape_Area":203.38598076257099}},{"type":"Feature","id":404,"geometry":{"type":"Polygon","coordinates":[[[41.990334586405638,34.359284381891001],[41.990284853574771,34.359365595332591],[41.990090334939424,34.359282922582544],[41.990140067825422,34.359201706510063],[41.990334586405638,34.359284381891001]]]},"properties":{"OBJECTID":404,"Name":"صناعي","اسم_المؤسس":" ","Shape_Length":60.45605472455172,"Shape_Area":203.38772114652122}},{"type":"Feature","id":405,"geometry":{"type":"Polygon","coordinates":[[[41.990284856672623,34.359365590749903],[41.990235121578124,34.359446804228462],[41.990040598319631,34.359364127911249],[41.990090332479326,34.359282914530183],[41.990284856672623,34.359365590749903]]]},"properties":{"OBJECTID":405,"Name":"صناعي","اسم_المؤسس":" ","Shape_Length":60.456964577793613,"Shape_Area":203.39173621105948}},{"type":"Feature","id":406,"geometry":{"type":"Polygon","coordinates":[[[41.989990857392279,34.359445336932424],[41.989941121963192,34.359526550307756],[41.98974660426164,34.359443875186393],[41.98979633881995,34.35936266370976],[41.989990857392279,34.359445336932424]]]},"properties":{"OBJECTID":406,"Name":"صناعي","اسم_المؤسس":" ","Shape_Length":60.455623626663993,"Shape_Area":203.38408377617748}},{"type":"Feature","id":407,"geometry":{"type":"Polygon","coordinates":[[[41.990140053451618,34.35920169965037],[41.990090320533589,34.359282914822231],[41.989895802231601,34.359200240840849],[41.989945538558736,34.359119025660277],[41.990140053451618,34.35920169965037]]]},"properties":{"OBJECTID":407,"Name":"صناعي","اسم_المؤسس":" ","Shape_Length":60.455975131775844,"Shape_Area":203.38848401370251}},{"type":"Feature","id":408,"geometry":{"type":"Polygon","coordinates":[[[41.990090324717421,34.359282910212983],[41.990040589503735,34.3593641245212],[41.989846065428615,34.359281445197979],[41.989895799771531,34.359200232788474],[41.990090324717421,34.359282910212983]]]},"properties":{"OBJECTID":408,"Name":"صناعي","اسم_المؤسس":" ","Shape_Length":60.457332646674189,"Shape_Area":203.39359196790701}},{"type":"Feature","id":409,"geometry":{"type":"Polygon","coordinates":[[[41.990189786245921,34.359120483561753],[41.990140054409522,34.35920169602138],[41.989945537344703,34.359119022084386],[41.989995268214287,34.359037808821633],[41.990189786245921,34.359120483561753]]]},"properties":{"OBJECTID":409,"Name":"صناعي","اسم_المؤسس":" ","Shape_Length":60.455472298259508,"Shape_Area":203.38229730344418}},{"type":"Feature","id":410,"geometry":{"type":"Polygon","coordinates":[[[41.990040589407698,34.359364121819375],[41.989990856210255,34.359445334257153],[41.989796337605917,34.35936266013389],[41.989846071944484,34.359281445038697],[41.990040589407698,34.359364121819375]]]},"properties":{"OBJECTID":410,"Name":"صناعي","اسم_المؤسس":" ","Shape_Length":60.455935848491556,"Shape_Area":203.3864838967163}},{"type":"Feature","id":411,"geometry":{"type":"Polygon","coordinates":[[[41.992597599645109,34.360642943802283],[41.992547865109692,34.360724158156607],[41.992353340093629,34.360641486631543],[41.992403070404251,34.36056027155383],[41.992597599645109,34.360642943802283]]]},"properties":{"OBJECTID":411,"Name":"صناعي","اسم_المؤسس":" ","Shape_Length":60.456693437389887,"Shape_Area":203.39055923805884}},{"type":"Feature","id":412,"geometry":{"type":"Polygon","coordinates":[[[41.992697059817026,34.360480517059045],[41.99264732980896,34.360561731339324],[41.992452805095311,34.360479059956127],[41.992502538544606,34.360397846567672],[41.992697059817026,34.360480517059045]]]},"properties":{"OBJECTID":412,"Name":"صناعي","اسم_المؤسس":" ","Shape_Length":60.455760270850526,"Shape_Area":203.38472128187976}},{"type":"Feature","id":413,"geometry":{"type":"Polygon","coordinates":[[[41.992647328851149,34.360561734968336],[41.992597596515303,34.360642947484436],[41.992403072832559,34.360560278705535],[41.992452805223479,34.360479063558564],[41.992647328851149,34.360561734968336]]]},"properties":{"OBJECTID":413,"Name":"صناعي","اسم_المؤسس":" ","Shape_Length":60.455799349445122,"Shape_Area":203.38516591260458}},{"type":"Feature","id":414,"geometry":{"type":"Polygon","coordinates":[[[41.992796519750385,34.360318093853685],[41.992746788839689,34.360399308192811],[41.992552267782557,34.360316639573576],[41.992601998844449,34.360235425305369],[41.992796519750385,34.360318093853685]]]},"properties":{"OBJECTID":414,"Name":"صناعي","اسم_المؤسس":" ","Shape_Length":60.455296279794212,"Shape_Area":203.38257608970525}},{"type":"Feature","id":415,"geometry":{"type":"Polygon","coordinates":[[[41.992746791937442,34.360399303610073],[41.99269705879513,34.360480518886831],[41.99250253196459,34.360397844925878],[41.992552264204164,34.36031663064724],[41.992746791937442,34.360399303610073]]]},"properties":{"OBJECTID":415,"Name":"صناعي","اسم_المؤسس":" ","Shape_Length":60.457021782619123,"Shape_Area":203.39245624385404}},{"type":"Feature","id":416,"geometry":{"type":"Polygon","coordinates":[[[41.992846252613177,34.360236875842858],[41.992796519654249,34.360318091151868],[41.992601998716282,34.36023542170296],[41.992651729622402,34.360154205617413],[41.992846252613177,34.360236875842858]]]},"properties":{"OBJECTID":416,"Name":"صناعي","اسم_المؤسس":" ","Shape_Length":60.455975277812414,"Shape_Area":203.3878035744745}},{"type":"Feature","id":417,"geometry":{"type":"Polygon","coordinates":[[[41.992452791935264,34.360479056672581],[41.992403058458343,34.360560271846118],[41.992208535012814,34.360477599134043],[41.992258267651074,34.360396386759824],[41.992452791935264,34.360479056672581]]]},"properties":{"OBJECTID":417,"Name":"صناعي","اسم_المؤسس":" ","Shape_Length":60.456031272307385,"Shape_Area":203.38657876020457}},{"type":"Feature","id":418,"geometry":{"type":"Polygon","coordinates":[[[41.992601985524225,34.360235417518815],[41.992552253376324,34.360316631813582],[41.99235773038442,34.3602339593143],[41.992407461629568,34.360152746017668],[41.992601985524225,34.360235417518815]]]},"properties":{"OBJECTID":418,"Name":"صناعي","اسم_المؤسس":" ","Shape_Length":60.456031916071019,"Shape_Area":203.38609291047379}},{"type":"Feature","id":419,"geometry":{"type":"Polygon","coordinates":[[[41.992552255388091,34.360316627257397],[41.992502524234489,34.360397841509467],[41.992307993425378,34.36031516732406],[41.992357729042112,34.360233952136042],[41.992552255388091,34.360316627257397]]]},"properties":{"OBJECTID":419,"Name":"صناعي","اسم_المؤسس":" ","Shape_Length":60.457428928732561,"Shape_Area":203.39475661496238}},{"type":"Feature","id":420,"geometry":{"type":"Polygon","coordinates":[[[41.992651717420209,34.360154198704883],[41.99260198431007,34.360235413942959],[41.992407462587394,34.360152742388657],[41.992457192590798,34.36007152730123],[41.992651717420209,34.360154198704883]]]},"properties":{"OBJECTID":420,"Name":"صناعي","اسم_المؤسس":" ","Shape_Length":60.4562470701282,"Shape_Area":203.38849474791641}},{"type":"Feature","id":421,"geometry":{"type":"Polygon","coordinates":[[[41.992403062642104,34.360560267236821],[41.992353331213444,34.36064148144046],[41.992158801036688,34.360558807015671],[41.992208533670507,34.360477591955771],[41.992403062642104,34.360560267236821]]]},"properties":{"OBJECTID":421,"Name":"صناعي","اسم_المؤسس":" ","Shape_Length":60.457372868661388,"Shape_Area":203.39374535073938}},{"type":"Feature","id":422,"geometry":{"type":"Polygon","coordinates":[[[41.992502524138366,34.360397838807657],[41.99245279072111,34.360479053096732],[41.992258266436927,34.360396383183989],[41.992307998855324,34.360315167191203],[41.992502524138366,34.360397838807657]]]},"properties":{"OBJECTID":422,"Name":"صناعي","اسم_المؤسس":" ","Shape_Length":60.456421642598357,"Shape_Area":203.38986807058353}},{"type":"Feature","id":423,"geometry":{"type":"Polygon","coordinates":[[[41.994114156949585,34.359916734392847],[41.99406442423917,34.359997947472166],[41.993869895274877,34.359915277548893],[41.99391962481446,34.359834062819068],[41.994114156949585,34.359916734392847]]]},"properties":{"OBJECTID":423,"Name":"صناعي","اسم_المؤسس":" ","Shape_Length":60.45723587220359,"Shape_Area":203.39223266695851}},{"type":"Feature","id":424,"geometry":{"type":"Polygon","coordinates":[[[41.994213613247204,34.3597543038955],[41.994163881838197,34.359835517881088],[41.993969358734489,34.359752851569169],[41.994019090262647,34.359671636753909],[41.994213613247204,34.3597543038955]]]},"properties":{"OBJECTID":424,"Name":"صناعي","اسم_المؤسس":" ","Shape_Length":60.455798702271338,"Shape_Area":203.38565170813001}},{"type":"Feature","id":425,"geometry":{"type":"Polygon","coordinates":[[[41.994163883084489,34.359835522357507],[41.994114151647906,34.359916738128184],[41.993919627210808,34.359834069070111],[41.993969359948693,34.359752855144997],[41.994163883084489,34.359835522357507]]]},"properties":{"OBJECTID":425,"Name":"صناعي","اسم_المؤسس":" ","Shape_Length":60.456166626096497,"Shape_Area":203.388187937471}},{"type":"Feature","id":426,"geometry":{"type":"Polygon","coordinates":[[[41.994313069434597,34.359591880538474],[41.994263340445038,34.359673096304348],[41.994068816429525,34.359590426558462],[41.994118547742268,34.359509210810344],[41.994313069434597,34.359591880538474]]]},"properties":{"OBJECTID":426,"Name":"صناعي","اسم_المؤسس":" ","Shape_Length":60.456303771189226,"Shape_Area":203.38902010740793}},{"type":"Feature","id":427,"geometry":{"type":"Polygon","coordinates":[[[41.99426334354267,34.359673091721568],[41.994213612225344,34.359754305723285],[41.994019083714711,34.35967163601282],[41.99406881400111,34.3595904194068],[41.99426334354267,34.359673091721568]]]},"properties":{"OBJECTID":427,"Name":"صناعي","اسم_المؤسس":" ","Shape_Length":60.457372224494137,"Shape_Area":203.39423123047067}},{"type":"Feature","id":428,"geometry":{"type":"Polygon","coordinates":[[[41.993969344488526,34.359752848312368],[41.993919612836621,34.359834062210879],[41.99372509096888,34.359751393669484],[41.993774821589867,34.359670177166663],[41.993969344488526,34.359752848312368]]]},"properties":{"OBJECTID":428,"Name":"صناعي","اسم_المؤسس":" ","Shape_Length":60.456128049676039,"Shape_Area":203.38793797233967}},{"type":"Feature","id":429,"geometry":{"type":"Polygon","coordinates":[[[41.994118532314189,34.359509204878307],[41.994068802087419,34.359590420599844],[41.993874278501366,34.359507752324397],[41.993924009933281,34.359426535746614],[41.994118532314189,34.359509204878307]]]},"properties":{"OBJECTID":429,"Name":"صناعي","اسم_المؤسس":" ","Shape_Length":60.456382419879688,"Shape_Area":203.3901039355668}},{"type":"Feature","id":430,"geometry":{"type":"Polygon","coordinates":[[[41.994068805185059,34.359590416017078],[41.994019075920534,34.359671630795283],[41.993824544485264,34.359588959933191],[41.993874277191004,34.359507746046745],[41.994068805185059,34.359590416017078]]]},"properties":{"OBJECTID":430,"Name":"صناعي","اسم_المؤسس":" ","Shape_Length":60.457275445823925,"Shape_Area":203.39287191722309}},{"type":"Feature","id":431,"geometry":{"type":"Polygon","coordinates":[[[41.993919617020254,34.359834057601532],[41.99386988751273,34.359915273231962],[41.993675357763713,34.359832601203316],[41.993725089658525,34.359751387391853],[41.993919617020254,34.359834057601532]]]},"properties":{"OBJECTID":431,"Name":"صناعي","اسم_المؤسس":" ","Shape_Length":60.457100724792596,"Shape_Area":203.39217910030715}},{"type":"Feature","id":432,"geometry":{"type":"Polygon","coordinates":[[[41.994019075856407,34.359671628994079],[41.993969344360302,34.359752844709945],[41.993774821461649,34.359670173564247],[41.993824551001126,34.359588959773681],[41.994019075856407,34.359671628994079]]]},"properties":{"OBJECTID":432,"Name":"صناعي","اسم_المؤسس":" ","Shape_Length":60.456303416143271,"Shape_Area":203.38814500889453}},{"type":"Feature","id":433,"geometry":{"type":"Polygon","coordinates":[[[41.990551348377991,34.359587696147535],[41.990481786278977,34.359701422722544],[41.990287221449435,34.359618823557696],[41.99035678599634,34.359505098830034],[41.990551348377991,34.359587696147535]]]},"properties":{"OBJECTID":433,"Name":"صناعي","اسم_المؤسس":" ","Shape_Length":68.543014736834806,"Shape_Area":284.73693198905141}},{"type":"Feature","id":434,"geometry":{"type":"Polygon","coordinates":[[[41.993155751209073,34.360481900677058],[41.993106061618839,34.360563138480359],[41.993008779825175,34.360521844239379],[41.993058469459072,34.360440605570915],[41.993155751209073,34.360481900677058]]]},"properties":{"OBJECTID":434,"Name":"صناعي","اسم_المؤسس":" ","Shape_Length":40.337837301934663,"Shape_Area":101.69497762050395}},{"type":"Feature","id":435,"geometry":{"type":"Polygon","coordinates":[[[41.993253031932312,34.36052319482647],[41.993203343503744,34.36060443263861],[41.9931060605008,34.360563137606313],[41.993155751177028,34.36048189977646],[41.993253031932312,34.36052319482647]]]},"properties":{"OBJECTID":435,"Name":"صناعي","اسم_المؤسس":" ","Shape_Length":40.337797660147878,"Shape_Area":101.69477873442273}},{"type":"Feature","id":436,"geometry":{"type":"Polygon","coordinates":[[[41.993350322809157,34.360564496759388],[41.993300633338258,34.360645733732952],[41.99320335123388,34.360604436054984],[41.993253040748421,34.360523198216242],[41.993350322809157,34.360564496759388]]]},"properties":{"OBJECTID":436,"Name":"صناعي","اسم_المؤسس":" ","Shape_Length":40.338047055080949,"Shape_Area":101.69603112501002}},{"type":"Feature","id":437,"geometry":{"type":"Polygon","coordinates":[[[41.993447587296835,34.360605787539654],[41.993397894643643,34.360687024628412],[41.993300615834194,34.360645730555817],[41.993350304187061,34.360564492708221],[41.993447587296835,34.360605787539654]]]},"properties":{"OBJECTID":437,"Name":"صناعي","اسم_المؤسس":" ","Shape_Length":40.337582118256229,"Shape_Area":101.6936929126862}},{"type":"Feature","id":438,"geometry":{"type":"Polygon","coordinates":[[[41.993544876152193,34.360647088459714],[41.993495186832668,34.360728325504141],[41.99339790355593,34.36068703071998],[41.993447595091084,34.360605792757227],[41.993544876152193,34.360647088459714]]]},"properties":{"OBJECTID":438,"Name":"صناعي","اسم_المؤسس":" ","Shape_Length":40.337853719468676,"Shape_Area":101.69506440893744}},{"type":"Feature","id":439,"geometry":{"type":"Polygon","coordinates":[[[41.993642156154451,34.360688382304858],[41.993592470168593,34.360769619304968],[41.993495186800615,34.360728324603535],[41.99354487608808,34.36064708665851],[41.993642156154451,34.360688382304858]]]},"properties":{"OBJECTID":439,"Name":"صناعي","اسم_المؤسس":" ","Shape_Length":40.337526844816189,"Shape_Area":101.69340916535901}},{"type":"Feature","id":440,"geometry":{"type":"Polygon","coordinates":[[[41.993205442719422,34.360400658301479],[41.993155754306798,34.360481896094306],[41.993058473610745,34.360440600060983],[41.993108161045114,34.360359363230778],[41.993205442719422,34.360400658301479]]]},"properties":{"OBJECTID":440,"Name":"صناعي","اسم_المؤسس":" ","Shape_Length":40.337526846096551,"Shape_Area":101.69340918177795}},{"type":"Feature","id":441,"geometry":{"type":"Polygon","coordinates":[[[41.993302724452946,34.360441952388868],[41.993253036083964,34.360523189316531],[41.993155753188766,34.360481895220282],[41.99320544160139,34.360400657427455],[41.993302724452946,34.360441952388868]]]},"properties":{"OBJECTID":441,"Name":"صناعي","اسم_المؤسس":" ","Shape_Length":40.337741253674913,"Shape_Area":101.69449935131651}},{"type":"Feature","id":442,"geometry":{"type":"Polygon","coordinates":[[[41.99340001413605,34.360483253412333],[41.993350325874822,34.360564491276008],[41.993253042760152,34.360523193660079],[41.993302732215113,34.360441956705849],[41.99340001413605,34.360483253412333]]]},"properties":{"OBJECTID":442,"Name":"صناعي","اسم_المؤسس":" ","Shape_Length":40.337990491131933,"Shape_Area":101.69574895777455}},{"type":"Feature","id":443,"geometry":{"type":"Polygon","coordinates":[[[41.993497280687961,34.360524543203404],[41.993447588190513,34.360605782109459],[41.993350308370772,34.360564488098881],[41.993399996632014,34.360483250235205],[41.993497280687961,34.360524543203404]]]},"properties":{"OBJECTID":443,"Name":"صناعي","اسم_المؤسس":" ","Shape_Length":40.337836660997766,"Shape_Area":101.69497838278778}},{"type":"Feature","id":444,"geometry":{"type":"Polygon","coordinates":[[[41.993594568413677,34.360565845015195],[41.993544879185791,34.360647082075722],[41.993447597102801,34.360605788201035],[41.993497287460329,34.360524550248748],[41.993594568413677,34.360565845015195]]]},"properties":{"OBJECTID":444,"Name":"صناعي","اسم_المؤسس":" ","Shape_Length":40.337621895371242,"Shape_Area":101.69389450592483}},{"type":"Feature","id":445,"geometry":{"type":"Polygon","coordinates":[[[41.993691849426249,34.360607138798322],[41.993642161392081,34.360688376768309],[41.993544878067752,34.360647081201705],[41.993594568381624,34.360565844114589],[41.993691849426249,34.360607138798322]]]},"properties":{"OBJECTID":445,"Name":"صناعي","اسم_المؤسس":" ","Shape_Length":40.337758021624772,"Shape_Area":101.69457986476056}},{"type":"Feature","id":446,"geometry":{"type":"Polygon","coordinates":[[[41.993815709697223,34.360403931814908],[41.993741085344602,34.36052593531322],[41.993400945608315,34.360381550318557],[41.993475568090268,34.360259544357667],[41.993815709697223,34.360403931814908]]]},"properties":{"OBJECTID":446,"Name":"صناعي","اسم_المؤسس":" ","Shape_Length":100.70744031234962,"Shape_Area":534.00239728073711}},{"type":"Feature","id":447,"geometry":{"type":"Polygon","coordinates":[[[41.99389035089839,34.360281918848877],[41.993815727838452,34.360403922356937],[41.993475583037664,34.360259536780696],[41.99355020857088,34.360137530703739],[41.99389035089839,34.360281918848877]]]},"properties":{"OBJECTID":447,"Name":"صناعي","اسم_المؤسس":" ","Shape_Length":100.70815814796188,"Shape_Area":534.00881772814955}},{"type":"Feature","id":448,"geometry":{"type":"Polygon","coordinates":[[[41.993964840860677,34.360160029428549],[41.993890219157208,34.360282034747463],[41.993550076829429,34.360137646601977],[41.993624700016355,34.360015641442544],[41.993964840860677,34.360160029428549]]]},"properties":{"OBJECTID":448,"Name":"صناعي","اسم_المؤسس":" ","Shape_Length":100.70798402495767,"Shape_Area":534.00690733397778}},{"type":"Feature","id":449,"geometry":{"type":"Polygon","coordinates":[[[41.993475595143771,34.360259540991336],[41.993400972629807,34.360381546051634],[41.993060832794924,34.360237156470056],[41.993135456824398,34.360115152469824],[41.993475595143771,34.360259540991336]]]},"properties":{"OBJECTID":449,"Name":"صناعي","اسم_المؤسس":" ","Shape_Length":100.70749751698079,"Shape_Area":534.00233658631032}},{"type":"Feature","id":450,"geometry":{"type":"Polygon","coordinates":[[[41.99355023562434,34.360137527337379],[41.993475611145094,34.360259532487177],[41.993135471707689,34.360115143091697],[41.993210095530472,34.359993139055163],[41.99355023562434,34.360137527337379]]]},"properties":{"OBJECTID":450,"Name":"صناعي","اسم_المؤسس":" ","Shape_Length":100.70776847802708,"Shape_Area":534.00536404284844}},{"type":"Feature","id":451,"geometry":{"type":"Polygon","coordinates":[[[41.993624729209678,34.360015637122402],[41.993550103882875,34.360137643235639],[41.993209963788729,34.359993254953075],[41.993284588523153,34.359871251754321],[41.993624729209678,34.360015637122402]]]},"properties":{"OBJECTID":451,"Name":"صناعي","اسم_المؤسس":" ","Shape_Length":100.70784675632396,"Shape_Area":534.00693845496085}},{"type":"Feature","id":452,"geometry":{"type":"Polygon","coordinates":[[[41.993678706957176,34.359527161048504],[41.993529731461415,34.359770730277923],[41.993334940979075,34.359688043336014],[41.993483918015222,34.359444474292751],[41.993678706957176,34.359527161048504]]]},"properties":{"OBJECTID":452,"Name":"صناعي","اسم_المؤسس":" ","Shape_Length":100.90675707225958,"Shape_Area":610.52031091455592}},{"type":"Feature","id":453,"geometry":{"type":"Polygon","coordinates":[[[41.993483908405473,34.359444509682142],[41.993334930219163,34.359688076950761],[41.993140143392608,34.359605390498096],[41.993289119861366,34.359361823495348],[41.993483908405473,34.359444509682142]]]},"properties":{"OBJECTID":453,"Name":"صناعي","اسم_المؤسس":" ","Shape_Length":100.90609443962319,"Shape_Area":610.51182302125505}},{"type":"Feature","id":454,"geometry":{"type":"Polygon","coordinates":[[[41.993289603519578,34.359361945063711],[41.993140627116176,34.359605513868168],[41.992945838386667,34.359522824436041],[41.993094817416427,34.359279255791158],[41.993289603519578,34.359361945063711]]]},"properties":{"OBJECTID":454,"Name":"صناعي","اسم_المؤسس":" ","Shape_Length":100.9067347058775,"Shape_Area":610.5197042247795}},{"type":"Feature","id":455,"geometry":{"type":"Polygon","coordinates":[[[41.993094804548598,34.359279291260265],[41.992945828808743,34.359522860726003],[41.99275103942314,34.359440172790052],[41.992900019993343,34.359196604331323],[41.993094804548598,34.359279291260265]]]},"properties":{"OBJECTID":455,"Name":"صناعي","اسم_المؤسس":" ","Shape_Length":100.90658165945455,"Shape_Area":610.51696078540397}},{"type":"Feature","id":456,"geometry":{"type":"Polygon","coordinates":[[[41.993827655922445,34.35928363286618],[41.993678680100082,34.359527200465642],[41.9934838944801,34.359444515431314],[41.99363286963883,34.359200947170535],[41.993827655922445,34.35928363286618]]]},"properties":{"OBJECTID":456,"Name":"صناعي","اسم_المؤسس":" ","Shape_Length":100.90582333078889,"Shape_Area":610.50750272359414}},{"type":"Feature","id":457,"geometry":{"type":"Polygon","coordinates":[[[41.99363285673919,34.359200981739079],[41.993483882634294,34.359444549072641],[41.993289094090109,34.359361862885834],[41.993438072961254,34.359118294758076],[41.99363285673919,34.359200981739079]]]},"properties":{"OBJECTID":457,"Name":"صناعي","اسم_المؤسس":" ","Shape_Length":100.90605515144463,"Shape_Area":610.51076899618738}},{"type":"Feature","id":458,"geometry":{"type":"Polygon","coordinates":[[[41.993438553392345,34.359118417306242],[41.993289578866346,34.359361985328214],[41.993094790623218,34.35927929700938],[41.993243769915438,34.359035728193227],[41.993438553392345,34.359118417306242]]]},"properties":{"OBJECTID":458,"Name":"صناعي","اسم_المؤسس":" ","Shape_Length":100.90642345972441,"Shape_Area":610.51543481511965}},{"type":"Feature","id":459,"geometry":{"type":"Polygon","coordinates":[[[41.993243759219652,34.359035763609164],[41.993094780981266,34.359279331498151],[41.992899992082052,34.359196644675485],[41.993048971924885,34.358953078773879],[41.993243759219652,34.359035763609164]]]},"properties":{"OBJECTID":459,"Name":"صناعي","اسم_المؤسس":" ","Shape_Length":100.9064045448641,"Shape_Area":610.51582045446457}},{"type":"Feature","id":460,"geometry":{"type":"Polygon","coordinates":[[[41.994558470963781,34.359115435503838],[41.994409499824741,34.359359005621386],[41.994214711740973,34.359276320019404],[41.994363686560284,34.359032749134201],[41.994558470963781,34.359115435503838]]]},"properties":{"OBJECTID":460,"Name":"صناعي","اسم_المؤسس":" ","Shape_Length":100.90636725399867,"Shape_Area":610.51393347868782}},{"type":"Feature","id":461,"geometry":{"type":"Polygon","coordinates":[[[41.994363673725097,34.359032785503992],[41.994214701077638,34.359276356336004],[41.994019912241605,34.359193669528381],[41.994168886461509,34.358950099783101],[41.994363673725097,34.359032785503992]]]},"properties":{"OBJECTID":461,"Name":"صناعي","اسم_المؤسس":" ","Shape_Length":100.9067177869502,"Shape_Area":610.51925692134637}},{"type":"Feature","id":462,"geometry":{"type":"Polygon","coordinates":[[[41.994169368968237,34.358950219573401],[41.99402039698564,34.359193791067241],[41.993825607492909,34.359111105756604],[41.993974583187821,34.358867534395728],[41.994169368968237,34.358950219573401]]]},"properties":{"OBJECTID":462,"Name":"صناعي","اسم_المؤسس":" ","Shape_Length":100.90683670298357,"Shape_Area":610.51972888575551}},{"type":"Feature","id":463,"geometry":{"type":"Polygon","coordinates":[[[41.993974571374324,34.358867568937704],[41.993825595647273,34.359111139397967],[41.993630810832144,34.359028452748767],[41.993779784937814,34.358784885256199],[41.993974571374324,34.358867568937704]]]},"properties":{"OBJECTID":463,"Name":"صناعي","اسم_المؤسس":" ","Shape_Length":100.90613443205982,"Shape_Area":610.51108366852895}},{"type":"Feature","id":464,"geometry":{"type":"Polygon","coordinates":[[[41.993779919609302,34.358784973901379],[41.993630945568,34.359028543195294],[41.993436157924563,34.35894585809568],[41.993585135710234,34.35870228983535],[41.993779919609302,34.358784973901379]]]},"properties":{"OBJECTID":464,"Name":"صناعي","اسم_المؤسس":" ","Shape_Length":100.90617357003178,"Shape_Area":610.51144921694413}},{"type":"Feature","id":465,"geometry":{"type":"Polygon","coordinates":[[[41.994707419852681,34.358871904525991],[41.994558448451116,34.359115474814779],[41.994363659799852,34.35903279125327],[41.994512631623778,34.35878922027657],[41.994707419852681,34.358871904525991]]]},"properties":{"OBJECTID":465,"Name":"صناعي","اسم_المؤسس":" ","Shape_Length":100.90656488732392,"Shape_Area":610.51720189711773}},{"type":"Feature","id":466,"geometry":{"type":"Polygon","coordinates":[[[41.994512620896494,34.358789254792008],[41.994363646900545,34.359032825821856],[41.994168861808824,34.358950140047753],[41.994317834119315,34.358706570184381],[41.994512620896494,34.358789254792008]]]},"properties":{"OBJECTID":466,"Name":"صناعي","اسم_المؤسس":" ","Shape_Length":100.90640639229973,"Shape_Area":610.51429907704892}},{"type":"Feature","id":467,"geometry":{"type":"Polygon","coordinates":[[[41.994318317806908,34.358706692649399],[41.994169343229572,34.358950259864642],[41.993974558535051,34.358867574660344],[41.994123530276838,34.358624006836983],[41.994318317806908,34.358706692649399]]]},"properties":{"OBJECTID":467,"Name":"صناعي","اسم_المؤسس":" ","Shape_Length":100.90591931745141,"Shape_Area":610.50984972466142}},{"type":"Feature","id":468,"geometry":{"type":"Polygon","coordinates":[[[41.994123518463432,34.35862404137896],[41.993974544613742,34.358867611056709],[41.99377976025292,34.358784924620174],[41.993928734621115,34.358541356956358],[41.994123518463432,34.35862404137896]]]},"properties":{"OBJECTID":468,"Name":"صناعي","اسم_المؤسس":" ","Shape_Length":100.90591952671377,"Shape_Area":610.50826467729985}},{"type":"Feature","id":469,"geometry":{"type":"Polygon","coordinates":[[[41.993928866034452,34.358541445681126],[41.993779896042433,34.358785014139386],[41.993585108853331,34.358702329252431],[41.993734082493532,34.358458759125959],[41.993928866034452,34.358541445681126]]]},"properties":{"OBJECTID":469,"Name":"صناعي","اسم_المؤسس":" ","Shape_Length":100.90611880560049,"Shape_Area":610.51159668972707}},{"type":"Feature","id":470,"geometry":{"type":"Polygon","coordinates":[[[41.99358538313713,34.358702431606986],[41.993436409759973,34.358946001562494],[41.993241623471654,34.358863313403326],[41.993390597367302,34.358619745461738],[41.99358538313713,34.358702431606986]]]},"properties":{"OBJECTID":470,"Name":"صناعي","اسم_المؤسس":" ","Shape_Length":100.90635062780767,"Shape_Area":610.51486300998556}},{"type":"Feature","id":471,"geometry":{"type":"Polygon","coordinates":[[[41.993734336563897,34.35845890434026],[41.993585358484218,34.358702471871538],[41.993390573832329,34.358619786600272],[41.993539547990494,34.35837621848745],[41.993734336563897,34.35845890434026]]]},"properties":{"OBJECTID":471,"Name":"صناعي","اسم_المؤسس":" ","Shape_Length":100.90640504055952,"Shape_Area":610.51561219987218}},{"type":"Feature","id":472,"geometry":{"type":"Polygon","coordinates":[[[41.993341176262199,34.35870107231775],[41.993241669774648,34.358863759359195],[41.99290092630504,34.358719111679619],[41.993000432237537,34.358556424913303],[41.993341176262199,34.35870107231775]]]},"properties":{"OBJECTID":472,"Name":"صناعي","اسم_المؤسس":" ","Shape_Length":110.95968208278151,"Shape_Area":713.34546242262741}},{"type":"Feature","id":473,"geometry":{"type":"Polygon","coordinates":[[[41.993440689375113,34.3585383679142],[41.993341184373044,34.358701055894244],[41.993000438176509,34.358556408542967],[41.993099945881418,34.358393720758322],[41.993440689375113,34.3585383679142]]]},"properties":{"OBJECTID":473,"Name":"صناعي","اسم_المؤسس":" ","Shape_Length":110.96016844932382,"Shape_Area":713.35206540141075}},{"type":"Feature","id":474,"geometry":{"type":"Polygon","coordinates":[[[41.993540149896276,34.358375906296644],[41.993440646379327,34.358538595215251],[41.993099901798772,34.358393948085876],[41.993199406996695,34.358231261190454],[41.993540149896276,34.358375906296644]]]},"properties":{"OBJECTID":474,"Name":"صناعي","اسم_المؤسس":" ","Shape_Length":110.9598409330188,"Shape_Area":713.3476619154485}},{"type":"Feature","id":475,"geometry":{"type":"Polygon","coordinates":[[[41.992935328623766,34.358372838453505],[41.992835685268524,34.358535418560969],[41.992544116509478,34.358411389129117],[41.992643760286143,34.35824880833411],[41.992935328623766,34.358372838453505]]]},"properties":{"OBJECTID":475,"Name":"صناعي","اسم_المؤسس":" ","Shape_Length":100.80671188645542,"Shape_Area":610.51798461350791}},{"type":"Feature","id":476,"geometry":{"type":"Polygon","coordinates":[[[41.992835725865781,34.358535429285595],[41.992736082078743,34.358698007527124],[41.992444513888053,34.358573976054551],[41.99254415816057,34.358411398926698],[41.992835725865781,34.358535429285595]]]},"properties":{"OBJECTID":476,"Name":"صناعي","اسم_المؤسس":" ","Shape_Length":100.8061065710765,"Shape_Area":610.5092522024654}},{"type":"Feature","id":477,"geometry":{"type":"Polygon","coordinates":[[[41.992736191078066,34.358697893989053],[41.992636546891568,34.358860471265267],[41.992344976203917,34.358736443235422],[41.992444622951716,34.358573864317918],[41.992736191078066,34.358697893989053]]]},"properties":{"OBJECTID":477,"Name":"صناعي","اسم_المؤسس":" ","Shape_Length":100.80622414525209,"Shape_Area":610.51137989972767}},{"type":"Feature","id":478,"geometry":{"type":"Polygon","coordinates":[[[41.99264381104139,34.358248829626923],[41.992544165060828,34.358411409574529],[41.992252594919258,34.358287378552262],[41.992352242503287,34.358124800592357],[41.99264381104139,34.358248829626923]]]},"properties":{"OBJECTID":478,"Name":"صناعي","اسم_المؤسس":" ","Shape_Length":100.80690271992879,"Shape_Area":610.5198394996653}},{"type":"Feature","id":479,"geometry":{"type":"Polygon","coordinates":[[[41.992544207797884,34.358411419345515],[41.992444562439481,34.358573996499977],[41.992152992962382,34.358449966138785],[41.992252639828145,34.35828738827022],[41.992544207797884,34.358411419345515]]]},"properties":{"OBJECTID":479,"Name":"صناعي","اسم_المؤسس":" ","Shape_Length":100.80641662179939,"Shape_Area":610.51312978030694}},{"type":"Feature","id":480,"geometry":{"type":"Polygon","coordinates":[[[41.992444671503144,34.358573884763345],[41.992345025841388,34.358736463654331],[41.992053458083035,34.35861243302719],[41.992153103176342,34.35844985617706],[41.992444671503144,34.358573884763345]]]},"properties":{"OBJECTID":480,"Name":"صناعي","اسم_المؤسس":" ","Shape_Length":100.80608863464592,"Shape_Area":610.5097640966826}},{"type":"Feature","id":481,"geometry":{"type":"Polygon","coordinates":[[[41.992636718835051,34.358860263343963],[41.992537073259442,34.359022842383318],[41.992245504226716,34.358898812286441],[41.992345149137776,34.358736232586132],[41.992636718835051,34.358860263343963]]]},"properties":{"OBJECTID":481,"Name":"صناعي","اسم_المؤسس":" ","Shape_Length":100.80649667546776,"Shape_Area":610.51518196239226}},{"type":"Feature","id":482,"geometry":{"type":"Polygon","coordinates":[[[41.992865155937821,34.35808737114867],[41.992740964693844,34.358290422138779],[41.992546377079066,34.358207818078554],[41.992670569787386,34.358004767239052],[41.992865155937821,34.35808737114867]]]},"properties":{"OBJECTID":482,"Name":"صناعي","اسم_المؤسس":" ","Shape_Length":90.780709502134386,"Shape_Area":508.43986823437172}},{"type":"Feature","id":483,"geometry":{"type":"Polygon","coordinates":[[[41.992670294530626,34.358003079361865],[41.99254609850184,34.358206128479573],[41.992351514514318,34.358123524008036],[41.992475707663615,34.357920475147218],[41.992670294530626,34.358003079361865]]]},"properties":{"OBJECTID":483,"Name":"صناعي","اسم_المؤسس":" ","Shape_Length":90.780374388504001,"Shape_Area":508.43606129501944}},{"type":"Feature","id":484,"geometry":{"type":"Polygon","coordinates":[[[41.991920320438311,34.358995604171895],[41.991875598742304,34.359068714724877],[41.991826958401056,34.35904806572168],[41.991871677927143,34.358974954337192],[41.991920320438311,34.358995604171895]]]},"properties":{"OBJECTID":484,"Name":"صناعي","اسم_المؤسس":" ","Shape_Length":28.256792146667188,"Shape_Area":45.763102622936536}},{"type":"Feature","id":485,"geometry":{"type":"Polygon","coordinates":[[[41.991968988302034,34.359016263281582],[41.991924267758108,34.35908937472454],[41.991875624136107,34.359068725821743],[41.991920343628131,34.358995614421296],[41.991968988302034,34.359016263281582]]]},"properties":{"OBJECTID":485,"Name":"صناعي","اسم_المؤسس":" ","Shape_Length":28.257222104017565,"Shape_Area":45.764981579593382}},{"type":"Feature","id":486,"geometry":{"type":"Polygon","coordinates":[[[41.99201759664912,34.359036898588201],[41.991972875053257,34.359110010073678],[41.991924233548367,34.359089360237796],[41.991968950834405,34.359016248874553],[41.99201759664912,34.359036898588201]]]},"properties":{"OBJECTID":486,"Name":"صناعي","اسم_المؤسس":" ","Shape_Length":28.257182966106953,"Shape_Area":45.764896319738227}},{"type":"Feature","id":487,"geometry":{"type":"Polygon","coordinates":[[[41.992066263504562,34.359057558583665],[41.992021544114714,34.359130670031966],[41.991972898275129,34.359110021223643],[41.992017618752989,34.359036908864127],[41.992066263504562,34.359057558583665]]]},"properties":{"OBJECTID":487,"Name":"صناعي","اسم_المؤسس":" ","Shape_Length":28.257533354828187,"Shape_Area":45.766218630500546}},{"type":"Feature","id":488,"geometry":{"type":"Polygon","coordinates":[[[41.992115620136076,34.359078511761858],[41.992070899662778,34.3591516223523],[41.992022255972003,34.359130973511817],[41.992066977533305,34.359057862010175],[41.992115620136076,34.359078511761858]]]},"properties":{"OBJECTID":488,"Name":"صناعي","اسم_المؤسس":" ","Shape_Length":28.257102895454395,"Shape_Area":45.764422197951383}},{"type":"Feature","id":489,"geometry":{"type":"Polygon","coordinates":[[[41.992164286973441,34.359099169914423],[41.992119566630329,34.359172283222634],[41.992070922820616,34.359151631701032],[41.9921156432939,34.35907852111059],[41.992164286973441,34.359099169914423]]]},"properties":{"OBJECTID":489,"Name":"صناعي","اسم_المؤسس":" ","Shape_Length":28.257414644704134,"Shape_Area":45.765576691742226}},{"type":"Feature","id":490,"geometry":{"type":"Polygon","coordinates":[[[41.992212895476143,34.359119806939297],[41.992168177242903,34.359192917508487],[41.992119531302514,34.359172267861901],[41.992164251677686,34.359099155454309],[41.992212895476143,34.359119806939297]]]},"properties":{"OBJECTID":490,"Name":"صناعي","اسم_المؤسس":" ","Shape_Length":28.257454574923475,"Shape_Area":45.766130645801226}},{"type":"Feature","id":491,"geometry":{"type":"Polygon","coordinates":[[[41.992261561273182,34.359140465077061],[41.992216844224068,34.359213577436833],[41.992168199378867,34.35919292868499],[41.992212918633996,34.359119816288008],[41.992261561273182,34.359140465077061]]]},"properties":{"OBJECTID":491,"Name":"صناعي","اسم_المؤسس":" ","Shape_Length":28.257166546109683,"Shape_Area":45.764659455291927}},{"type":"Feature","id":492,"geometry":{"type":"Polygon","coordinates":[[[41.992309658781963,34.359160882906757],[41.992264940680542,34.35923399530887],[41.992216295748705,34.359213344776251],[41.992261017142098,34.359140232310374],[41.992309658781963,34.359160882906757]]]},"properties":{"OBJECTID":492,"Name":"صناعي","اسم_المؤسس":" ","Shape_Length":28.257415140890522,"Shape_Area":45.765494123672333}},{"type":"Feature","id":493,"geometry":{"type":"Polygon","coordinates":[[[41.992358329064416,34.359181543598908],[41.992313607675086,34.359254654295469],[41.992264963838423,34.359234004657573],[41.992309683057833,34.359160893129491],[41.992358329064416,34.359181543598908]]]},"properties":{"OBJECTID":493,"Name":"صناعي","اسم_المؤسس":" ","Shape_Length":28.257414286448078,"Shape_Area":45.765934857923504}},{"type":"Feature","id":494,"geometry":{"type":"Polygon","coordinates":[[[41.992406935390015,34.359202177892669],[41.99236221518477,34.359275290379806],[41.992313573433179,34.359254638908226],[41.992358293736558,34.359181528238246],[41.992406935390015,34.359202177892669]]]},"properties":{"OBJECTID":494,"Name":"صناعي","اسم_المؤسس":" ","Shape_Length":28.257024474534809,"Shape_Area":45.76397606125127}},{"type":"Feature","id":495,"geometry":{"type":"Polygon","coordinates":[[[41.992455603514138,34.35922283769596],[41.992410883278886,34.359295948397858],[41.992362238374703,34.359275300629093],[41.992406958515865,34.359202186340724],[41.992455603514138,34.35922283769596]]]},"properties":{"OBJECTID":495,"Name":"صناعي","اسم_المؤسس":" ","Shape_Length":28.257629553718303,"Shape_Area":45.766378367636982}},{"type":"Feature","id":496,"geometry":{"type":"Polygon","coordinates":[[[41.991964092210708,34.358922741288509],[41.991919373877884,34.358995852675115],[41.991870730312833,34.358975203767208],[41.99191545078758,34.35890209054218],[41.991964092210708,34.358922741288509]]]},"properties":{"OBJECTID":496,"Name":"صناعي","اسم_المؤسس":" ","Shape_Length":28.257183318332117,"Shape_Area":45.764538130346729}},{"type":"Feature","id":497,"geometry":{"type":"Polygon","coordinates":[[[41.992012758954317,34.358943400409153],[41.991968041773589,34.359016512685777],[41.991919397099736,34.358995863825101],[41.991964115400499,34.358922751537882],[41.992012758954317,34.358943400409153]]]},"properties":{"OBJECTID":497,"Name":"صناعي","اسم_المؤسس":" ","Shape_Length":28.257206332917228,"Shape_Area":45.764937802411382}},{"type":"Feature","id":498,"geometry":{"type":"Polygon","coordinates":[[[41.992061368385322,34.358964036574278],[41.992016649002608,34.359037147118748],[41.991968006477904,34.359016498225621],[41.992012724712602,34.358943385021846],[41.992061368385322,34.358964036574278]]]},"properties":{"OBJECTID":498,"Name":"صناعي","اسم_المؤسس":" ","Shape_Length":28.25718346328566,"Shape_Area":45.764813752437576}},{"type":"Feature","id":499,"geometry":{"type":"Polygon","coordinates":[[[41.992110036292594,34.3589846965276],[41.99206531802993,34.359057807061468],[41.992016672192435,34.359037157368107],[41.992061391543103,34.358964045923031],[41.992110036292594,34.3589846965276]]]},"properties":{"OBJECTID":499,"Name":"صناعي","اسم_المؤسس":" ","Shape_Length":28.257358374211059,"Shape_Area":45.765970892912833}},{"type":"Feature","id":500,"geometry":{"type":"Polygon","coordinates":[[[41.992159391771501,34.359005648815973],[41.992114671403485,34.359078760319733],[41.992066030940663,34.359058109613919],[41.992110749170799,34.358984998179231],[41.992159391771501,34.359005648815973]]]},"properties":{"OBJECTID":500,"Name":"صناعي","اسم_المؤسس":" ","Shape_Length":28.256928776886085,"Shape_Area":45.763733761662827}},{"type":"Feature","id":501,"geometry":{"type":"Polygon","coordinates":[[[41.992208060746677,34.359026306899807],[41.992163339358797,34.359099419346727],[41.992114696733253,34.359078769615344],[41.99215941496135,34.359005659065303],[41.992208060746677,34.359026306899807]]]},"properties":{"OBJECTID":501,"Name":"صناعي","اسم_المؤسس":" ","Shape_Length":28.257222109175387,"Shape_Area":45.764981577001137}},{"type":"Feature","id":502,"geometry":{"type":"Polygon","coordinates":[[[41.992256669215294,34.359046943909128],[41.992211947765334,34.359120053670168],[41.992163305149028,34.359099404860046],[41.992208024397016,34.359026293366902],[41.992256669215294,34.359046943909128]]]},"properties":{"OBJECTID":502,"Name":"صناعي","اسم_المؤسس":" ","Shape_Length":28.257103042065388,"Shape_Area":45.764697827483211}},{"type":"Feature","id":503,"geometry":{"type":"Polygon","coordinates":[[[41.992305336096202,34.359067602905348],[41.992260618002327,34.35914071440385],[41.992211972009144,34.359120062992304],[41.99225669131917,34.359046954185025],[41.992305336096202,34.359067602905348]]]},"properties":{"OBJECTID":503,"Name":"صناعي","اسم_المؤسس":" ","Shape_Length":28.257182758302488,"Shape_Area":45.765530101253745}},{"type":"Feature","id":504,"geometry":{"type":"Polygon","coordinates":[[[41.992353431431354,34.359088021673401],[41.992308713307061,34.359161131386436],[41.992260070645358,34.35914048261747],[41.992304789825596,34.359067371092593],[41.992353431431354,34.359088021673401]]]},"properties":{"OBJECTID":504,"Name":"صناعي","اسم_المؤسس":" ","Shape_Length":28.256696597780095,"Shape_Area":45.76313597272857}},{"type":"Feature","id":505,"geometry":{"type":"Polygon","coordinates":[[[41.992402098293596,34.359108678827269],[41.992357382535531,34.35918179300613],[41.992308736529004,34.359161142536358],[41.992353454621231,34.359088031922703],[41.992402098293596,34.359108678827269]]]},"properties":{"OBJECTID":505,"Name":"صناعي","اسم_المؤسس":" ","Shape_Length":28.257246127575527,"Shape_Area":45.765216146938542}},{"type":"Feature","id":506,"geometry":{"type":"Polygon","coordinates":[[[41.992450706853163,34.359129315754146],[41.992405988829027,34.359202426399683],[41.992357346153739,34.359181778572676],[41.992402064083777,34.359108664340653],[41.992450706853163,34.359129315754146]]]},"properties":{"OBJECTID":506,"Name":"صناعي","اسم_المؤسس":" ","Shape_Length":28.257087625410534,"Shape_Area":45.764295833317362}},{"type":"Feature","id":507,"geometry":{"type":"Polygon","coordinates":[[[41.992499374911112,34.359149974641284],[41.992454656953093,34.359223086203365],[41.992406012050985,34.359202437549584],[41.992450730043075,34.359129326003426],[41.992499374911112,34.359149974641284]]]},"properties":{"OBJECTID":507,"Name":"صناعي","اسم_المؤسس":" ","Shape_Length":28.257166194122405,"Shape_Area":45.765017639532147}},{"type":"Feature","id":541,"geometry":{"type":"Polygon","coordinates":[[[41.974908996124526,34.346768863114228],[41.975265715480674,34.346978865939214],[41.975175027547657,34.347091204245338],[41.974817116950547,34.346880498201102],[41.974908996124526,34.346768863114228]]]},"properties":{"OBJECTID":541,"Name":"صناعي","اسم_المؤسس":null,"Shape_Length":110.67879675400224,"Shape_Area":605.01150875363442}},{"type":"Feature","id":542,"geometry":{"type":"Polygon","coordinates":[[[41.975175027547657,34.347091204245338],[41.974563982685858,34.34781271946504],[41.973842035321148,34.34740540896334],[41.974459207054004,34.346669791935796],[41.974817116950547,34.346880498201102],[41.975175027547657,34.347091204245338]]]},"properties":{"OBJECTID":542,"Name":"صناعي","اسم_المؤسس":null,"Shape_Length":358.50952422409455,"Shape_Area":7950.9779652963362}},{"type":"Feature","id":543,"geometry":{"type":"Polygon","coordinates":[[[41.97474356635459,34.346332131425299],[41.975097901664441,34.346540733430835],[41.975000845867143,34.346657262932304],[41.9746453182998,34.346447959516482],[41.97474356635459,34.346332131425299]]]},"properties":{"OBJECTID":543,"Name":"صناعي","اسم_المؤسس":null,"Shape_Length":111.57195798299762,"Shape_Area":629.77761259242334}},{"type":"Feature","id":544,"geometry":{"type":"Polygon","coordinates":[[[41.975000845867143,34.346657262932304],[41.974908996124526,34.346768863114228],[41.974552278479393,34.346558858248159],[41.9746453182998,34.346447959516482],[41.975000845867143,34.346657262932304]]]},"properties":{"OBJECTID":544,"Name":"صناعي","اسم_المؤسس":null,"Shape_Length":110.39540502451695,"Shape_Area":602.80114465267661}},{"type":"Feature","id":545,"geometry":{"type":"Polygon","coordinates":[[[41.974908996124526,34.346768863114228],[41.974817116950547,34.346880498201102],[41.974459207054004,34.346669791935796],[41.974552278479393,34.346558858248159],[41.974908996124526,34.346768863114228]]]},"properties":{"OBJECTID":545,"Name":"صناعي","اسم_المؤسس":null,"Shape_Length":110.67384555698493,"Shape_Area":605.00981308476548}},{"type":"Feature","id":546,"geometry":{"type":"Polygon","coordinates":[[[41.975000845867143,34.346657262932304],[41.975356375165724,34.346866565215244],[41.975265715480674,34.346978865939214],[41.974908996124526,34.346768863114228],[41.975000845867143,34.346657262932304]]]},"properties":{"OBJECTID":546,"Name":"صناعي","اسم_المؤسس":null,"Shape_Length":110.40030912987152,"Shape_Area":602.80182432956553}},{"type":"Feature","id":547,"geometry":{"type":"Polygon","coordinates":[[[41.985379966510912,34.34854052454164],[41.981270726930241,34.346146864131974],[41.980146907206944,34.3474740420667],[41.975412067901061,34.344715597309126],[41.977628737862311,34.340917653251296],[41.987715002189113,34.345460875470792],[41.985379966510912,34.34854052454164]]]},"properties":{"OBJECTID":547,"Name":"صناعي","اسم_المؤسس":null,"Shape_Length":3103.6141285209601,"Shape_Area":455929.94622245966}},{"type":"Feature","id":548,"geometry":{"type":"Polygon","coordinates":[[[41.975805613620594,34.34632627913544],[41.975514107276709,34.346675266119782],[41.974805322091512,34.346256674569453],[41.975096944462301,34.345909077252266],[41.975805613620594,34.34632627913544]]]},"properties":{"OBJECTID":548,"Name":"صناعي","اسم_المؤسس":null,"Shape_Length":254.21856529183475,"Shape_Area":3766.8969320334722}},{"type":"Feature","id":549,"geometry":{"type":"Polygon","coordinates":[[[41.974743626690248,34.347914069315443],[41.975120106039064,34.347469502031466],[41.975253001235338,34.347547706337231],[41.974878359691296,34.347990081295599],[41.974743626690248,34.347914069315443]]]},"properties":{"OBJECTID":549,"Name":"صناعي","اسم_المؤسس":null,"Shape_Length":150.29598372822838,"Shape_Area":902.1633938436853}},{"type":"Feature","id":550,"geometry":{"type":"Polygon","coordinates":[[[41.976179479641331,34.34839725858992],[41.976359121190825,34.348498603320557],[41.97617180210591,34.348719795247348],[41.975992159087035,34.348618447581963],[41.976179479641331,34.34839725858992]]]},"properties":{"OBJECTID":550,"Name":"صناعي","اسم_المؤسس":null,"Shape_Length":99.999353207703308,"Shape_Area":599.9218800578426}},{"type":"Feature","id":551,"geometry":{"type":"Polygon","coordinates":[[[41.976366798082729,34.348176067580468],[41.976546440461981,34.348277412925995],[41.976359121190825,34.348498603320557],[41.976179479641331,34.34839725858992],[41.976366798082729,34.348176067580468]]]},"properties":{"OBJECTID":551,"Name":"صناعي","اسم_المؤسس":null,"Shape_Length":99.999235921077371,"Shape_Area":599.92008443408281}},{"type":"Feature","id":552,"geometry":{"type":"Polygon","coordinates":[[[41.977217931348321,34.348111454073837],[41.977155492787418,34.348185184531161],[41.976975846626168,34.348083838385683],[41.977038285219336,34.348010106213572],[41.977217931348321,34.348111454073837]]]},"properties":{"OBJECTID":552,"Name":"صناعي","اسم_المؤسس":null,"Shape_Length":60.000246261089686,"Shape_Area":199.97941475031649}},{"type":"Feature","id":553,"geometry":{"type":"Polygon","coordinates":[[[41.977210261034266,34.348433991421516],[41.977147820108428,34.348507722837873],[41.976968174290811,34.34840637579422],[41.977030614290527,34.348332646291965],[41.977210261034266,34.348433991421516]]]},"properties":{"OBJECTID":553,"Name":"صناعي","اسم_المؤسس":null,"Shape_Length":60.000067314453702,"Shape_Area":199.97855487611525}},{"type":"Feature","id":554,"geometry":{"type":"Polygon","coordinates":[[[41.977858741984164,34.349235641701306],[41.97794856906156,34.349286317160086],[41.977823691518481,34.349433776992825],[41.977733862205234,34.349383102401099],[41.977858741984164,34.349235641701306]]]},"properties":{"OBJECTID":554,"Name":"صناعي","اسم_المؤسس":null,"Shape_Length":60.000692174305044,"Shape_Area":199.98496534268628}},{"type":"Feature","id":555,"geometry":{"type":"Polygon","coordinates":[[[41.977733862205234,34.349383102401099],[41.977823691518481,34.349433776992825],[41.977698813610999,34.349581238519001],[41.977608984169862,34.34953056294021],[41.977733862205234,34.349383102401099]]]},"properties":{"OBJECTID":555,"Name":"صناعي","اسم_المؤسس":null,"Shape_Length":60.000894688645502,"Shape_Area":199.98679113977644}},{"type":"Feature","id":556,"geometry":{"type":"Polygon","coordinates":[[[41.97812821896661,34.349387661662945],[41.978003340561543,34.349535122595626],[41.977913515412403,34.349484448942839],[41.978038393945354,34.349336988997237],[41.97812821896661,34.349387661662945]]]},"properties":{"OBJECTID":556,"Name":"صناعي","اسم_المؤسس":null,"Shape_Length":59.999971603100789,"Shape_Area":199.97776466898469}},{"type":"Feature","id":557,"geometry":{"type":"Polygon","coordinates":[[[41.977913515412403,34.349484448942839],[41.977788830454216,34.349631678709073],[41.977698813610999,34.349581238519001],[41.977823691518481,34.349433776992825],[41.977913515412403,34.349484448942839]]]},"properties":{"OBJECTID":557,"Name":"صناعي","اسم_المؤسس":null,"Shape_Length":59.968750097979175,"Shape_Area":199.81606648428416}},{"type":"Feature","id":558,"geometry":{"type":"Polygon","coordinates":[[[41.978467794956146,34.349143408398263],[41.978557622232032,34.349194082495373],[41.97843274378944,34.349341543842968],[41.978342918653013,34.349290871407781],[41.978467794956146,34.349143408398263]]]},"properties":{"OBJECTID":558,"Name":"صناعي","اسم_المؤسس":null,"Shape_Length":60.000432574556434,"Shape_Area":199.98118039938592}},{"type":"Feature","id":559,"geometry":{"type":"Polygon","coordinates":[[[41.978592672012617,34.348995947956354],[41.978682496988917,34.3490466211193],[41.978557622232032,34.349194082495373],[41.978467794956146,34.349143408398263],[41.978592672012617,34.348995947956354]]]},"properties":{"OBJECTID":559,"Name":"صناعي","اسم_المؤسس":null,"Shape_Length":60.000131180855931,"Shape_Area":199.97997747142946}},{"type":"Feature","id":560,"geometry":{"type":"Polygon","coordinates":[[[41.975627637681129,34.347105325931715],[41.975377878605308,34.347400244552659],[41.975244982492683,34.347322041301993],[41.975494742929605,34.347027122910767],[41.975627637681129,34.347105325931715]]]},"properties":{"OBJECTID":560,"Name":"صناعي","اسم_المؤسس":null,"Shape_Length":110.00003817870706,"Shape_Area":599.99219063026385}},{"type":"Feature","id":561,"geometry":{"type":"Polygon","coordinates":[[[41.976726246256121,34.347751802857076],[41.976903447440947,34.347856073538864],[41.976778567777906,34.348003533271722],[41.976601368613089,34.347899263266939],[41.976726246256121,34.347751802857076]]]},"properties":{"OBJECTID":561,"Name":"صناعي","اسم_المؤسس":null,"Shape_Length":80.00057186613725,"Shape_Area":400.00129784981215}},{"type":"Feature","id":562,"geometry":{"type":"Polygon","coordinates":[[[41.976601368613089,34.347899263266939],[41.976778567777906,34.348003533271722],[41.976653690976129,34.3481509937181],[41.976476490541906,34.348046723568991],[41.976601368613089,34.347899263266939]]]},"properties":{"OBJECTID":562,"Name":"صناعي","اسم_المؤسس":null,"Shape_Length":80.000332359649718,"Shape_Area":399.99888960390314}},{"type":"Feature","id":563,"geometry":{"type":"Polygon","coordinates":[[[41.977247903406187,34.347174994222641],[41.977402955296789,34.347266233687876],[41.977215640366175,34.347487423390433],[41.977060587212563,34.347396185528751],[41.977247903406187,34.347174994222641]]]},"properties":{"OBJECTID":563,"Name":"صناعي","اسم_المؤسس":null,"Shape_Length":95.001265212436877,"Shape_Area":525.01316186149211}},{"type":"Feature","id":564,"geometry":{"type":"Polygon","coordinates":[[[41.977060587212563,34.347396185528751],[41.977215640366175,34.347487423390433],[41.977028324504161,34.347708613751045],[41.976873273281321,34.34761737561238],[41.977060587212563,34.347396185528751]]]},"properties":{"OBJECTID":564,"Name":"صناعي","اسم_المؤسس":null,"Shape_Length":95.000885364860125,"Shape_Area":525.00858352816999}},{"type":"Feature","id":565,"geometry":{"type":"Polygon","coordinates":[[[41.975814957316992,34.346884139351793],[41.975752518301135,34.346957869121731],[41.975619622601414,34.346879666255269],[41.975682062740077,34.346805935622335],[41.975814957316992,34.346884139351793]]]},"properties":{"OBJECTID":565,"Name":"صناعي","اسم_المؤسس":null,"Shape_Length":50.000077685019015,"Shape_Area":149.99905855374521}},{"type":"Feature","id":568,"geometry":{"type":"Polygon","coordinates":[[[41.977944182997227,34.348194298289755],[41.977881745077291,34.348268029987835],[41.977702098000698,34.348166686767385],[41.977764537038745,34.34809295332807],[41.977944182997227,34.348194298289755]]]},"properties":{"OBJECTID":568,"Name":"صناعي","اسم_المؤسس":null,"Shape_Length":60.000150764582941,"Shape_Area":199.98002353862043}},{"type":"Feature","id":569,"geometry":{"type":"Polygon","coordinates":[[[41.979042864707658,34.347288746381416],[41.978917989825938,34.347436210774148],[41.978783255458318,34.347360201558445],[41.978908129461963,34.34721273912303],[41.979042864707658,34.347288746381416]]]},"properties":{"OBJECTID":569,"Name":"صناعي","اسم_المؤسس":null,"Shape_Length":70.000396443853163,"Shape_Area":299.96922652467015}},{"type":"Feature","id":570,"geometry":{"type":"Polygon","coordinates":[[[41.979302471370538,34.347217292529358],[41.979177599168843,34.347364755305385],[41.979042864707658,34.347288746381416],[41.979167737117123,34.347141285536253],[41.979302471370538,34.347217292529358]]]},"properties":{"OBJECTID":570,"Name":"صناعي","اسم_المؤسس":null,"Shape_Length":69.999815444906872,"Shape_Area":299.96467596576508}},{"type":"Feature","id":572,"geometry":{"type":"Polygon","coordinates":[[[41.97523634228142,34.347865176635253],[41.975049020215423,34.348086364265882],[41.974914286881585,34.348010351590389],[41.975101610217536,34.347789163227219],[41.97523634228142,34.347865176635253]]]},"properties":{"OBJECTID":572,"Name":"صناعي","اسم_المؤسس":null,"Shape_Length":90.000208466133287,"Shape_Area":449.9516478539681}},{"type":"Feature","id":573,"geometry":{"type":"Polygon","coordinates":[[[41.976179479641331,34.34839725858992],[41.975992159087035,34.348618447581963],[41.975857424121926,34.348542436941628],[41.976044743742648,34.348321246369267],[41.976179479641331,34.34839725858992]]]},"properties":{"OBJECTID":573,"Name":"صناعي","اسم_المؤسس":null,"Shape_Length":90.000272229378766,"Shape_Area":449.95288122687293}},{"type":"Feature","id":574,"geometry":{"type":"Polygon","coordinates":[[[41.975910010348791,34.348245236635549],[41.975722690448414,34.348466425212195],[41.975587955926635,34.34839041334709],[41.975775276011134,34.348169224064314],[41.975910010348791,34.348245236635549]]]},"properties":{"OBJECTID":574,"Name":"صناعي","اسم_المؤسس":null,"Shape_Length":90.000109907045967,"Shape_Area":449.9515300491683}},{"type":"Feature","id":575,"geometry":{"type":"Polygon","coordinates":[[[41.976044743742648,34.348321246369267],[41.975857424121926,34.348542436941628],[41.975722690448414,34.348466425212195],[41.975910010348791,34.348245236635549],[41.976044743742648,34.348321246369267]]]},"properties":{"OBJECTID":575,"Name":"صناعي","اسم_المؤسس":null,"Shape_Length":89.99985209084663,"Shape_Area":449.94704088179412}},{"type":"Feature","id":576,"geometry":{"type":"Polygon","coordinates":[[[41.975371075573207,34.347941187152941],[41.975183753786844,34.348162376779293],[41.975049020215423,34.348086364265882],[41.97523634228142,34.347865176635253],[41.975371075573207,34.347941187152941]]]},"properties":{"OBJECTID":576,"Name":"صناعي","اسم_المؤسس":null,"Shape_Length":90.000133798879062,"Shape_Area":449.95032379621733}},{"type":"Feature","id":577,"geometry":{"type":"Polygon","coordinates":[[[41.975640543028746,34.348093212205185],[41.975453221642447,34.348314401319918],[41.97531848759585,34.348238389130636],[41.975505808144106,34.348017201137438],[41.975640543028746,34.348093212205185]]]},"properties":{"OBJECTID":577,"Name":"صناعي","اسم_المؤسس":null,"Shape_Length":90.000133480662498,"Shape_Area":449.95137594746853}},{"type":"Feature","id":578,"geometry":{"type":"Polygon","coordinates":[[[41.975775276011134,34.348169224064314],[41.975587955926635,34.34839041334709],[41.975453221642447,34.348314401319918],[41.975640543028746,34.348093212205185],[41.975775276011134,34.348169224064314]]]},"properties":{"OBJECTID":578,"Name":"صناعي","اسم_المؤسس":null,"Shape_Length":90.000110229983108,"Shape_Area":449.95047795899404}},{"type":"Feature","id":579,"geometry":{"type":"Polygon","coordinates":[[[41.975505808144106,34.348017201137438],[41.97531848759585,34.348238389130636],[41.975183753786844,34.348162376779293],[41.975371075573207,34.347941187152941],[41.975505808144106,34.348017201137438]]]},"properties":{"OBJECTID":579,"Name":"صناعي","اسم_المؤسس":null,"Shape_Length":90.000227512079761,"Shape_Area":449.95227352290533}},{"type":"Feature","id":580,"geometry":{"type":"Polygon","coordinates":[[[41.975423662266415,34.347643987887793],[41.97523634228142,34.347865176635253],[41.975101610217536,34.347789163227219],[41.975288930482158,34.347567976475489],[41.975423662266415,34.347643987887793]]]},"properties":{"OBJECTID":580,"Name":"صناعي","اسم_المؤسس":null,"Shape_Length":89.999809154597116,"Shape_Area":449.94762146080791}},{"type":"Feature","id":581,"geometry":{"type":"Polygon","coordinates":[[[41.976232065689416,34.348100056375657],[41.976044743742648,34.348321246369267],[41.975910010348791,34.348245236635549],[41.976097331393838,34.348024045962219],[41.976232065689416,34.348100056375657]]]},"properties":{"OBJECTID":581,"Name":"صناعي","اسم_المؤسس":null,"Shape_Length":90.000253825620078,"Shape_Area":449.95015127651044}},{"type":"Feature","id":582,"geometry":{"type":"Polygon","coordinates":[[[41.976097331393838,34.348024045962219],[41.975910010348791,34.348245236635549],[41.975775276011134,34.348169224064314],[41.975962597303983,34.347948034486095],[41.976097331393838,34.348024045962219]]]},"properties":{"OBJECTID":582,"Name":"صناعي","اسم_المؤسس":null,"Shape_Length":90.000509539028826,"Shape_Area":449.95450433411571}},{"type":"Feature","id":583,"geometry":{"type":"Polygon","coordinates":[[[41.976366798082729,34.348176067580468],[41.976179479641331,34.34839725858992],[41.976044743742648,34.348321246369267],[41.976232065689416,34.348100056375657],[41.976366798082729,34.348176067580468]]]},"properties":{"OBJECTID":583,"Name":"صناعي","اسم_المؤسس":null,"Shape_Length":90.000368684692901,"Shape_Area":449.95286285161677}},{"type":"Feature","id":584,"geometry":{"type":"Polygon","coordinates":[[[41.975962597303983,34.347948034486095],[41.975775276011134,34.348169224064314],[41.975640543028746,34.348093212205185],[41.975827862429576,34.347872024675532],[41.975962597303983,34.347948034486095]]]},"properties":{"OBJECTID":584,"Name":"صناعي","اسم_المؤسس":null,"Shape_Length":89.999973579896889,"Shape_Area":449.94910878368836}},{"type":"Feature","id":585,"geometry":{"type":"Polygon","coordinates":[[[41.975693127697191,34.34779601200102],[41.975505808144106,34.348017201137438],[41.975371075573207,34.347941187152941],[41.975558395437787,34.347720000912865],[41.975693127697191,34.34779601200102]]]},"properties":{"OBJECTID":585,"Name":"صناعي","اسم_المؤسس":null,"Shape_Length":89.999787686274203,"Shape_Area":449.94791173502756}},{"type":"Feature","id":586,"geometry":{"type":"Polygon","coordinates":[[[41.975558395437787,34.347720000912865],[41.975371075573207,34.347941187152941],[41.97523634228142,34.347865176635253],[41.975423662266415,34.347643987887793],[41.975558395437787,34.347720000912865]]]},"properties":{"OBJECTID":586,"Name":"صناعي","اسم_المؤسس":null,"Shape_Length":89.999832405406835,"Shape_Area":449.94851944428245}},{"type":"Feature","id":587,"geometry":{"type":"Polygon","coordinates":[[[41.975827862429576,34.347872024675532],[41.975640543028746,34.348093212205185],[41.975505808144106,34.348017201137438],[41.975693127697191,34.34779601200102],[41.975827862429576,34.347872024675532]]]},"properties":{"OBJECTID":587,"Name":"صناعي","اسم_المؤسس":null,"Shape_Length":90.000133157554444,"Shape_Area":449.95242804514476}},{"type":"Feature","id":588,"geometry":{"type":"Polygon","coordinates":[[[41.976726246256121,34.347751802857076],[41.976601368613089,34.347899263266939],[41.976424175371044,34.347794994649874],[41.976549054315328,34.347647535284956],[41.976726246256121,34.347751802857076]]]},"properties":{"OBJECTID":588,"Name":"صناعي","اسم_المؤسس":null,"Shape_Length":79.999112881586399,"Shape_Area":399.98669009470518}},{"type":"Feature","id":589,"geometry":{"type":"Polygon","coordinates":[[[41.976371857279602,34.347543264861692],[41.976246979301351,34.347690725830667],[41.976069783597787,34.347586454928802],[41.976194662909116,34.347438995905407],[41.976371857279602,34.347543264861692]]]},"properties":{"OBJECTID":589,"Name":"صناعي","اسم_المؤسس":null,"Shape_Length":79.99985264277322,"Shape_Area":399.99409053398534}},{"type":"Feature","id":590,"geometry":{"type":"Polygon","coordinates":[[[41.976549054315328,34.347647535284956],[41.976424175371044,34.347794994649874],[41.976246979301351,34.347690725830667],[41.976371857279602,34.347543264861692],[41.976549054315328,34.347647535284956]]]},"properties":{"OBJECTID":590,"Name":"صناعي","اسم_المؤسس":null,"Shape_Length":80.000012296774202,"Shape_Area":399.9956927294121}},{"type":"Feature","id":591,"geometry":{"type":"Polygon","coordinates":[[[41.975840272072787,34.3472304536254],[41.975715391308562,34.347377912333698],[41.975538198012273,34.347273641461832],[41.975663076724643,34.347126181175881],[41.975840272072787,34.3472304536254]]]},"properties":{"OBJECTID":591,"Name":"صناعي","اسم_المؤسس":null,"Shape_Length":80.000112782628918,"Shape_Area":399.99669099271637}},{"type":"Feature","id":592,"geometry":{"type":"Polygon","coordinates":[[[41.976194662909116,34.347438995905407],[41.976069783597787,34.347586454928802],[41.975892587270096,34.347482184672579],[41.976017466733111,34.347334724919314],[41.976194662909116,34.347438995905407]]]},"properties":{"OBJECTID":592,"Name":"صناعي","اسم_المؤسس":null,"Shape_Length":80.000132096654568,"Shape_Area":399.99689638421899}},{"type":"Feature","id":593,"geometry":{"type":"Polygon","coordinates":[[[41.976017466733111,34.347334724919314],[41.975892587270096,34.347482184672579],[41.975715391308562,34.347377912333698],[41.975840272072787,34.3472304536254],[41.976017466733111,34.347334724919314]]]},"properties":{"OBJECTID":593,"Name":"صناعي","اسم_المؤسس":null,"Shape_Length":80.000232583947408,"Shape_Area":399.99789467059327}},{"type":"Feature","id":594,"geometry":{"type":"Polygon","coordinates":[[[41.976424175371044,34.347794994649874],[41.976299296030497,34.347942454807594],[41.976122100863094,34.347838185791197],[41.976246979301351,34.347690725830667],[41.976424175371044,34.347794994649874]]]},"properties":{"OBJECTID":594,"Name":"صناعي","اسم_المؤسس":null,"Shape_Length":79.999732183027248,"Shape_Area":399.99289346916737}},{"type":"Feature","id":595,"geometry":{"type":"Polygon","coordinates":[[[41.976601368613089,34.347899263266939],[41.976476490541906,34.348046723568991],[41.976299296030497,34.347942454807594],[41.976424175371044,34.347794994649874],[41.976601368613089,34.347899263266939]]]},"properties":{"OBJECTID":595,"Name":"صناعي","اسم_المؤسس":null,"Shape_Length":79.999412874779935,"Shape_Area":399.98968907461074}},{"type":"Feature","id":596,"geometry":{"type":"Polygon","coordinates":[[[41.976246979301351,34.347690725830667],[41.976122100863094,34.347838185791197],[41.975944904976004,34.347733914718589],[41.976069783597787,34.347586454928802],[41.976246979301351,34.347690725830667]]]},"properties":{"OBJECTID":596,"Name":"صناعي","اسم_المؤسس":null,"Shape_Length":79.999993076775922,"Shape_Area":399.9954864078328}},{"type":"Feature","id":597,"geometry":{"type":"Polygon","coordinates":[[[41.975715391308562,34.347377912333698],[41.975590511233904,34.347525371808381],[41.975413317690389,34.34742109896451],[41.975538198012273,34.347273641461832],[41.975715391308562,34.347377912333698]]]},"properties":{"OBJECTID":597,"Name":"صناعي","اسم_المؤسس":null,"Shape_Length":79.999792909483531,"Shape_Area":399.99349226815013}},{"type":"Feature","id":598,"geometry":{"type":"Polygon","coordinates":[[[41.975892587270096,34.347482184672579],[41.975767707315249,34.347629642516779],[41.975590511233904,34.347525371808381],[41.975715391308562,34.347377912333698],[41.975892587270096,34.347482184672579]]]},"properties":{"OBJECTID":598,"Name":"صناعي","اسم_المؤسس":null,"Shape_Length":80.000112218382839,"Shape_Area":399.99669665762838}},{"type":"Feature","id":599,"geometry":{"type":"Polygon","coordinates":[[[41.976069783597787,34.347586454928802],[41.975944904976004,34.347733914718589],[41.975767707315249,34.347629642516779],[41.975892587270096,34.347482184672579],[41.976069783597787,34.347586454928802]]]},"properties":{"OBJECTID":599,"Name":"صناعي","اسم_المؤسس":null,"Shape_Length":80.000132192004003,"Shape_Area":399.99689545043924}},{"type":"Feature","id":600,"geometry":{"type":"Polygon","coordinates":[[[41.975964810269346,34.346707186898641],[41.975914859736896,34.346766171658544],[41.975781966355932,34.346687968005121],[41.975831915921297,34.346628985124084],[41.975964810269346,34.346707186898641]]]},"properties":{"OBJECTID":600,"Name":"صناعي","اسم_المؤسس":null,"Shape_Length":45.999611362075697,"Shape_Area":119.99671311324302}},{"type":"Feature","id":601,"geometry":{"type":"Polygon","coordinates":[[[41.976064709052643,34.346589220081754],[41.976014759711177,34.346648203949137],[41.975881866472157,34.346570001298758],[41.975931816922674,34.346511016555581],[41.976064709052643,34.346589220081754]]]},"properties":{"OBJECTID":601,"Name":"صناعي","اسم_المؤسس":null,"Shape_Length":45.999592048691014,"Shape_Area":119.99691033290804}},{"type":"Feature","id":602,"geometry":{"type":"Polygon","coordinates":[[[41.976014759711177,34.346648203949137],[41.975964810269346,34.346707186898641],[41.975831915921297,34.346628985124084],[41.975881866472157,34.346570001298758],[41.976014759711177,34.346648203949137]]]},"properties":{"OBJECTID":602,"Name":"صناعي","اسم_المؤسس":null,"Shape_Length":45.999471025480325,"Shape_Area":119.9958750324689}},{"type":"Feature","id":603,"geometry":{"type":"Polygon","coordinates":[[[41.975914859736896,34.346766171658544],[41.975864907986441,34.346825154626387],[41.975732013528273,34.346746952749385],[41.975781966355932,34.346687968005121],[41.975914859736896,34.346766171658544]]]},"properties":{"OBJECTID":603,"Name":"صناعي","اسم_المؤسس":null,"Shape_Length":45.999850774435494,"Shape_Area":119.99851999686577}},{"type":"Feature","id":604,"geometry":{"type":"Polygon","coordinates":[[[41.975864907986441,34.346825154626387],[41.975814957316992,34.346884139351793],[41.975682062740077,34.346805935622335],[41.975732013528273,34.346746952749385],[41.975864907986441,34.346825154626387]]]},"properties":{"OBJECTID":604,"Name":"صناعي","اسم_المؤسس":null,"Shape_Length":45.999751043152671,"Shape_Area":119.99748528581489}},{"type":"Feature","id":605,"geometry":{"type":"Polygon","coordinates":[[[41.975931816922674,34.346511016555581],[41.975994256589878,34.346437287589112],[41.976127148587331,34.34651548925001],[41.976064709052643,34.346589220081754],[41.975931816922674,34.346511016555581]]]},"properties":{"OBJECTID":605,"Name":"صناعي","اسم_المؤسس":null,"Shape_Length":49.999598063710323,"Shape_Area":149.99660955044456}},{"type":"Feature","id":606,"geometry":{"type":"Polygon","coordinates":[[[41.976782765356788,34.346901286772855],[41.976595450612137,34.347122477353771],[41.976440405481092,34.347031243875414],[41.976627721552468,34.34681005349217],[41.976782765356788,34.346901286772855]]]},"properties":{"OBJECTID":606,"Name":"صناعي","اسم_المؤسس":null,"Shape_Length":94.999504585640608,"Shape_Area":524.98651588437406}},{"type":"Feature","id":607,"geometry":{"type":"Polygon","coordinates":[[[41.976472676832131,34.346718815519374],[41.976285361669433,34.346940007453334],[41.976130316047033,34.346848771769253],[41.976317632632018,34.346627582734854],[41.976472676832131,34.346718815519374]]]},"properties":{"OBJECTID":607,"Name":"صناعي","اسم_المؤسس":null,"Shape_Length":94.999804579627508,"Shape_Area":524.99051544276801}},{"type":"Feature","id":608,"geometry":{"type":"Polygon","coordinates":[[[41.976627721552468,34.34681005349217],[41.976440405481092,34.347031243875414],[41.976285361669433,34.346940007453334],[41.976472676832131,34.346718815519374],[41.976627721552468,34.34681005349217]]]},"properties":{"OBJECTID":608,"Name":"صناعي","اسم_المؤسس":null,"Shape_Length":95.00014664120863,"Shape_Area":524.99509519498815}},{"type":"Feature","id":609,"geometry":{"type":"Polygon","coordinates":[[[41.976937810703447,34.346992523414116],[41.976750495113862,34.347213714245569],[41.976595450612137,34.347122477353771],[41.976782765356788,34.346901286772855],[41.976937810703447,34.346992523414116]]]},"properties":{"OBJECTID":609,"Name":"صناعي","اسم_المؤسس":null,"Shape_Length":94.99998641848812,"Shape_Area":524.99369820262814}},{"type":"Feature","id":610,"geometry":{"type":"Polygon","coordinates":[[[41.977247903406187,34.347174994222641],[41.977060587212563,34.347396185528751],[41.976905542084495,34.347304949968461],[41.977092857465045,34.347083759813508],[41.977247903406187,34.347174994222641]]]},"properties":{"OBJECTID":610,"Name":"صناعي","اسم_المؤسس":null,"Shape_Length":94.999845328841161,"Shape_Area":524.9913603961445}},{"type":"Feature","id":611,"geometry":{"type":"Polygon","coordinates":[[[41.977092857465045,34.347083759813508],[41.976905542084495,34.347304949968461],[41.976750495113862,34.347213714245569],[41.976937810703447,34.346992523414116],[41.977092857465045,34.347083759813508]]]},"properties":{"OBJECTID":611,"Name":"صناعي","اسم_المؤسس":null,"Shape_Length":95.000145414498675,"Shape_Area":524.99623390676629}},{"type":"Feature","id":612,"geometry":{"type":"Polygon","coordinates":[[[41.976317632632018,34.346627582734854],[41.976130316047033,34.346848771769253],[41.975975272829849,34.346757533115031],[41.976162588569878,34.346536344331156],[41.976317632632018,34.346627582734854]]]},"properties":{"OBJECTID":612,"Name":"صناعي","اسم_المؤسس":null,"Shape_Length":94.999946663452477,"Shape_Area":524.99409688149603}},{"type":"Feature","id":613,"geometry":{"type":"Polygon","coordinates":[[[41.976440405481092,34.347031243875414],[41.976253088382762,34.347252432214823],[41.976098044362061,34.347161196469251],[41.976285361669433,34.346940007453334],[41.976440405481092,34.347031243875414]]]},"properties":{"OBJECTID":613,"Name":"صناعي","اسم_المؤسس":null,"Shape_Length":94.999545425729025,"Shape_Area":524.98823473690913}},{"type":"Feature","id":614,"geometry":{"type":"Polygon","coordinates":[[[41.976750495113862,34.347213714245569],[41.976563179614978,34.347434903907406],[41.976408134904233,34.347343667692122],[41.976595450612137,34.347122477353771],[41.976750495113862,34.347213714245569]]]},"properties":{"OBJECTID":614,"Name":"صناعي","اسم_المؤسس":null,"Shape_Length":94.999706400142628,"Shape_Area":524.99037328437589}},{"type":"Feature","id":615,"geometry":{"type":"Polygon","coordinates":[[[41.976595450612137,34.347122477353771],[41.976408134904233,34.347343667692122],[41.976253088382762,34.347252432214823],[41.976440405481092,34.347031243875414],[41.976595450612137,34.347122477353771]]]},"properties":{"OBJECTID":615,"Name":"صناعي","اسم_المؤسس":null,"Shape_Length":94.999624478191265,"Shape_Area":524.98931778351516}},{"type":"Feature","id":616,"geometry":{"type":"Polygon","coordinates":[[[41.976285361669433,34.346940007453334],[41.976098044362061,34.347161196469251],[41.975942998498788,34.347069960561051],[41.976130316047033,34.346848771769253],[41.976285361669433,34.346940007453334]]]},"properties":{"OBJECTID":616,"Name":"صناعي","اسم_المؤسس":null,"Shape_Length":94.999884617808902,"Shape_Area":524.9928420386276}},{"type":"Feature","id":617,"geometry":{"type":"Polygon","coordinates":[[[41.976130316047033,34.346848771769253],[41.975942998498788,34.347069960561051],[41.975787957307958,34.346978724331748],[41.975975272829849,34.346757533115031],[41.976130316047033,34.346848771769253]]]},"properties":{"OBJECTID":617,"Name":"صناعي","اسم_المؤسس":null,"Shape_Length":94.999706968926617,"Shape_Area":524.98936695843145}},{"type":"Feature","id":618,"geometry":{"type":"Polygon","coordinates":[[[41.977060587212563,34.347396185528751],[41.976873273281321,34.34761737561238],[41.97671822682652,34.347526139854409],[41.976905542084495,34.347304949968461],[41.977060587212563,34.347396185528751]]]},"properties":{"OBJECTID":618,"Name":"صناعي","اسم_المؤسس":null,"Shape_Length":94.999586035074501,"Shape_Area":524.9894516695706}},{"type":"Feature","id":619,"geometry":{"type":"Polygon","coordinates":[[[41.976905542084495,34.347304949968461],[41.97671822682652,34.347526139854409],[41.976563179614978,34.347434903907406],[41.976750495113862,34.347213714245569],[41.976905542084495,34.347304949968461]]]},"properties":{"OBJECTID":619,"Name":"صناعي","اسم_المؤسس":null,"Shape_Length":94.999885368778081,"Shape_Area":524.99358360126826}},{"type":"Feature","id":620,"geometry":{"type":"Polygon","coordinates":[[[41.977038285219336,34.348010106213572],[41.977100720670968,34.347936380398139],[41.977280367726095,34.348037726344302],[41.977217931348321,34.348111454073837],[41.977038285219336,34.348010106213572]]]},"properties":{"OBJECTID":620,"Name":"صناعي","اسم_المؤسس":null,"Shape_Length":59.999226892715782,"Shape_Area":199.96878304580866}},{"type":"Feature","id":621,"geometry":{"type":"Polygon","coordinates":[[[41.976593536579308,34.348848757539727],[41.976531096979912,34.348922488628112],[41.976351448741006,34.348821140744086],[41.976413888468265,34.348747410642758],[41.976593536579308,34.348848757539727]]]},"properties":{"OBJECTID":621,"Name":"صناعي","اسم_المؤسس":null,"Shape_Length":60.000269507910033,"Shape_Area":199.97910656017814}},{"type":"Feature","id":622,"geometry":{"type":"Polygon","coordinates":[[[41.976655975017685,34.348775027351422],[41.976593536579308,34.348848757539727],[41.976413888468265,34.348747410642758],[41.976476328120341,34.348673681415093],[41.976655975017685,34.348775027351422]]]},"properties":{"OBJECTID":622,"Name":"صناعي","اسم_المؤسس":null,"Shape_Length":59.999851151900202,"Shape_Area":199.97590104562349}},{"type":"Feature","id":623,"geometry":{"type":"Polygon","coordinates":[[[41.976843295151703,34.348553837393297],[41.97678085594859,34.348627567688879],[41.976601208093662,34.348526220150617],[41.976663647392769,34.348452489941451],[41.976843295151703,34.348553837393297]]]},"properties":{"OBJECTID":623,"Name":"صناعي","اسم_المؤسس":null,"Shape_Length":60.000248041789739,"Shape_Area":199.97859583170771}},{"type":"Feature","id":624,"geometry":{"type":"Polygon","coordinates":[[[41.97678085594859,34.348627567688879],[41.976718415520729,34.348701297083323],[41.976538769773377,34.348599950306387],[41.976601208093662,34.348526220150617],[41.97678085594859,34.348627567688879]]]},"properties":{"OBJECTID":624,"Name":"صناعي","اسم_المؤسس":null,"Shape_Length":59.999947287427183,"Shape_Area":199.97668543929097}},{"type":"Feature","id":625,"geometry":{"type":"Polygon","coordinates":[[[41.976718415520729,34.348701297083323],[41.976655975017685,34.348775027351422],[41.976476328120341,34.348673681415093],[41.976538769773377,34.348599950306387],[41.976718415520729,34.348701297083323]]]},"properties":{"OBJECTID":625,"Name":"صناعي","اسم_المؤسس":null,"Shape_Length":60.000088782960574,"Shape_Area":199.97906562117043}},{"type":"Feature","id":626,"geometry":{"type":"Polygon","coordinates":[[[41.976905734247772,34.348480107070763],[41.976843295151703,34.348553837393297],[41.976663647392769,34.348452489941451],[41.976726087670684,34.348378759678923],[41.976905734247772,34.348480107070763]]]},"properties":{"OBJECTID":626,"Name":"صناعي","اسم_المؤسس":null,"Shape_Length":60.000226893866497,"Shape_Area":199.97878169187857}},{"type":"Feature","id":627,"geometry":{"type":"Polygon","coordinates":[[[41.977030614290527,34.348332646291965],[41.976968174290811,34.34840637579422],[41.976788527841578,34.348305029389444],[41.976850965701864,34.34823129822523],[41.977030614290527,34.348332646291965]]]},"properties":{"OBJECTID":627,"Name":"صناعي","اسم_المؤسس":null,"Shape_Length":60.000248043373823,"Shape_Area":199.97859582219422}},{"type":"Feature","id":628,"geometry":{"type":"Polygon","coordinates":[[[41.977155492787418,34.348185184531161],[41.977093053065495,34.348258915888557],[41.976913406744522,34.348157567855417],[41.976975846626168,34.348083838385683],[41.977155492787418,34.348185184531161]]]},"properties":{"OBJECTID":628,"Name":"صناعي","اسم_المؤسس":null,"Shape_Length":60.000205748144289,"Shape_Area":199.97896757248583}},{"type":"Feature","id":629,"geometry":{"type":"Polygon","coordinates":[[[41.976968174290811,34.34840637579422],[41.976905734247772,34.348480107070763],[41.976726087670684,34.348378759678923],[41.976788527841578,34.348305029389444],[41.976968174290811,34.34840637579422]]]},"properties":{"OBJECTID":629,"Name":"صناعي","اسم_المؤسس":null,"Shape_Length":60.00022721544574,"Shape_Area":199.97947831161815}},{"type":"Feature","id":630,"geometry":{"type":"Polygon","coordinates":[[[41.977093053065495,34.348258915888557],[41.977030614290527,34.348332646291965],[41.976850965701864,34.34823129822523],[41.976913406744522,34.348157567855417],[41.977093053065495,34.348258915888557]]]},"properties":{"OBJECTID":630,"Name":"صناعي","اسم_المؤسس":null,"Shape_Length":60.000485032062727,"Shape_Area":199.98036719918525}},{"type":"Feature","id":631,"geometry":{"type":"Polygon","coordinates":[[[41.977217931348321,34.348111454073837],[41.977280367726095,34.348037726344302],[41.977460011977897,34.348139072982221],[41.977397577867798,34.348212800745337],[41.977217931348321,34.348111454073837]]]},"properties":{"OBJECTID":631,"Name":"صناعي","اسم_المؤسس":null,"Shape_Length":59.999084260449166,"Shape_Area":199.968615068487}},{"type":"Feature","id":632,"geometry":{"type":"Polygon","coordinates":[[[41.977022942215292,34.34865518368278],[41.976960500936478,34.348728914117657],[41.97678085594859,34.348627567688879],[41.976843295151703,34.348553837393297],[41.977022942215292,34.34865518368278]]]},"properties":{"OBJECTID":632,"Name":"صناعي","اسم_المؤسس":null,"Shape_Length":59.999926460116328,"Shape_Area":199.97756791279187}},{"type":"Feature","id":633,"geometry":{"type":"Polygon","coordinates":[[[41.976898063894026,34.34880264441987],[41.976835623518838,34.348876375675026],[41.976655975017685,34.348775027351422],[41.976718415520729,34.348701297083323],[41.976898063894026,34.34880264441987]]]},"properties":{"OBJECTID":633,"Name":"صناعي","اسم_المؤسس":null,"Shape_Length":60.000506498273459,"Shape_Area":199.98087794136086}},{"type":"Feature","id":634,"geometry":{"type":"Polygon","coordinates":[[[41.976960500936478,34.348728914117657],[41.976898063894026,34.34880264441987],[41.976718415520729,34.348701297083323],[41.97678085594859,34.348627567688879],[41.976960500936478,34.348728914117657]]]},"properties":{"OBJECTID":634,"Name":"صناعي","اسم_المؤسس":null,"Shape_Length":59.999806434817664,"Shape_Area":199.97569847596759}},{"type":"Feature","id":635,"geometry":{"type":"Polygon","coordinates":[[[41.976773185144609,34.348950105049141],[41.976710743405754,34.349023834475581],[41.976531096979912,34.348922488628112],[41.976593536579308,34.348848757539727],[41.976773185144609,34.348950105049141]]]},"properties":{"OBJECTID":635,"Name":"صناعي","اسم_المؤسس":null,"Shape_Length":60.000088464252329,"Shape_Area":199.97836902062284}},{"type":"Feature","id":636,"geometry":{"type":"Polygon","coordinates":[[[41.977397577867798,34.348212800745337],[41.977335137199347,34.348286530441321],[41.977155492787418,34.348185184531161],[41.977217931348321,34.348111454073837],[41.977397577867798,34.348212800745337]]]},"properties":{"OBJECTID":636,"Name":"صناعي","اسم_المؤسس":null,"Shape_Length":59.99990499555075,"Shape_Area":199.97705719932131}},{"type":"Feature","id":637,"geometry":{"type":"Polygon","coordinates":[[[41.976835623518838,34.348876375675026],[41.976773185144609,34.348950105049141],[41.976593536579308,34.348848757539727],[41.976655975017685,34.348775027351422],[41.976835623518838,34.348876375675026]]]},"properties":{"OBJECTID":637,"Name":"صناعي","اسم_المؤسس":null,"Shape_Length":60.000106867023582,"Shape_Area":199.97691222636655}},{"type":"Feature","id":638,"geometry":{"type":"Polygon","coordinates":[[[41.977272698595534,34.34836026005749],[41.977210261034266,34.348433991421516],[41.977030614290527,34.348332646291965],[41.977093053065495,34.348258915888557],[41.977272698595534,34.34836026005749]]]},"properties":{"OBJECTID":638,"Name":"صناعي","اسم_المؤسس":null,"Shape_Length":59.999732087639231,"Shape_Area":199.97612144024913}},{"type":"Feature","id":639,"geometry":{"type":"Polygon","coordinates":[[[41.977147820108428,34.348507722837873],[41.97708538230124,34.348581453247384],[41.976905734247772,34.348480107070763],[41.976968174290811,34.34840637579422],[41.977147820108428,34.348507722837873]]]},"properties":{"OBJECTID":639,"Name":"صناعي","اسم_المؤسس":null,"Shape_Length":60.000107508033253,"Shape_Area":199.9783054657309}},{"type":"Feature","id":640,"geometry":{"type":"Polygon","coordinates":[[[41.97708538230124,34.348581453247384],[41.977022942215292,34.34865518368278],[41.976843295151703,34.348553837393297],[41.976905734247772,34.348480107070763],[41.97708538230124,34.348581453247384]]]},"properties":{"OBJECTID":640,"Name":"صناعي","اسم_المؤسس":null,"Shape_Length":60.000109610029241,"Shape_Area":199.97818315593858}},{"type":"Feature","id":641,"geometry":{"type":"Polygon","coordinates":[[[41.977335137199347,34.348286530441321],[41.977272698595534,34.34836026005749],[41.977093053065495,34.348258915888557],[41.977155492787418,34.348185184531161],[41.977335137199347,34.348286530441321]]]},"properties":{"OBJECTID":641,"Name":"صناعي","اسم_المؤسس":null,"Shape_Length":59.999668323710381,"Shape_Area":199.975982426408}},{"type":"Feature","id":642,"geometry":{"type":"Polygon","coordinates":[[[41.977167534499436,34.348954664049842],[41.977105094236371,34.349028394534045],[41.97701527017508,34.348977721061473],[41.977077710486128,34.348903990620499],[41.977167534499436,34.348954664049842]]]},"properties":{"OBJECTID":642,"Name":"صناعي","اسم_المؤسس":null,"Shape_Length":40.000159580222139,"Shape_Area":99.989483777937835}},{"type":"Feature","id":643,"geometry":{"type":"Polygon","coordinates":[[[41.977105094236371,34.349028394534045],[41.977042656038002,34.349102124938433],[41.976952833046418,34.349051452296834],[41.97701527017508,34.348977721061473],[41.977105094236371,34.349028394534045]]]},"properties":{"OBJECTID":643,"Name":"صناعي","اسم_المؤسس":null,"Shape_Length":39.999800783898962,"Shape_Area":99.987722919467956}},{"type":"Feature","id":644,"geometry":{"type":"Polygon","coordinates":[[[41.977077710486128,34.348903990620499],[41.977140149636149,34.348830261079613],[41.977229973537732,34.348880932664507],[41.977167534499436,34.348954664049842],[41.977077710486128,34.348903990620499]]]},"properties":{"OBJECTID":644,"Name":"صناعي","اسم_المؤسس":null,"Shape_Length":39.999922592083458,"Shape_Area":99.98829883095047}},{"type":"Feature","id":645,"geometry":{"type":"Polygon","coordinates":[[[41.977042656038002,34.349102124938433],[41.976980215497143,34.34917585356748],[41.976890392489423,34.349125181783286],[41.976952833046418,34.349051452296834],[41.977042656038002,34.349102124938433]]]},"properties":{"OBJECTID":645,"Name":"صناعي","اسم_المؤسس":null,"Shape_Length":39.999581326802108,"Shape_Area":99.98656987288777}},{"type":"Feature","id":646,"geometry":{"type":"Polygon","coordinates":[[[41.977768917311572,34.349184969720078],[41.977644038522499,34.349332430307001],[41.977554214881621,34.349281756339629],[41.977679091658715,34.349134297693247],[41.977768917311572,34.349184969720078]]]},"properties":{"OBJECTID":646,"Name":"صناعي","اسم_المؤسس":null,"Shape_Length":59.999713145571434,"Shape_Area":199.97617469788935}},{"type":"Feature","id":647,"geometry":{"type":"Polygon","coordinates":[[[41.97758926821944,34.34908362374027],[41.977464390356076,34.349231085028499],[41.97737456590427,34.349180412744715],[41.977499446035345,34.349032951490052],[41.97758926821944,34.34908362374027]]]},"properties":{"OBJECTID":647,"Name":"صناعي","اسم_المؤسس":null,"Shape_Length":59.999874004232964,"Shape_Area":199.97558186416623}},{"type":"Feature","id":648,"geometry":{"type":"Polygon","coordinates":[[[41.977409620699262,34.348982279247096],[41.977284743697901,34.349129739435405],[41.977194917317419,34.349079067961021],[41.977319797608622,34.348931605978599],[41.977409620699262,34.348982279247096]]]},"properties":{"OBJECTID":648,"Name":"صناعي","اسم_المؤسس":null,"Shape_Length":60.000057159618862,"Shape_Area":199.97769198373442}},{"type":"Feature","id":649,"geometry":{"type":"Polygon","coordinates":[[[41.977858741984164,34.349235641701306],[41.977733862205234,34.349383102401099],[41.977644038522499,34.349332430307001],[41.977768917311572,34.349184969720078],[41.977858741984164,34.349235641701306]]]},"properties":{"OBJECTID":649,"Name":"صناعي","اسم_المؤسس":null,"Shape_Length":59.999854639262232,"Shape_Area":199.97586616841338}},{"type":"Feature","id":650,"geometry":{"type":"Polygon","coordinates":[[[41.977679091658715,34.349134297693247],[41.977554214881621,34.349281756339629],[41.977464390356076,34.349231085028499],[41.97758926821944,34.34908362374027],[41.977679091658715,34.349134297693247]]]},"properties":{"OBJECTID":650,"Name":"صناعي","اسم_المؤسس":null,"Shape_Length":59.999593759950436,"Shape_Area":199.974886875077}},{"type":"Feature","id":651,"geometry":{"type":"Polygon","coordinates":[[[41.977319797608622,34.348931605978599],[41.977194917317419,34.349079067961021],[41.977105094236371,34.349028394534045],[41.977229973537732,34.348880932664507],[41.977319797608622,34.348931605978599]]]},"properties":{"OBJECTID":651,"Name":"صناعي","اسم_المؤسس":null,"Shape_Length":60.000292363313633,"Shape_Area":199.97868326732029}},{"type":"Feature","id":652,"geometry":{"type":"Polygon","coordinates":[[[41.977499446035345,34.349032951490052],[41.97737456590427,34.349180412744715],[41.977284743697901,34.349129739435405],[41.977409620699262,34.348982279247096],[41.977499446035345,34.349032951490052]]]},"properties":{"OBJECTID":652,"Name":"صناعي","اسم_المؤسس":null,"Shape_Length":59.999873685343275,"Shape_Area":199.97628329270489}},{"type":"Feature","id":653,"geometry":{"type":"Polygon","coordinates":[[[41.977194917317419,34.349079067961021],[41.977070038706032,34.349226527981507],[41.976980215497143,34.34917585356748],[41.977105094236371,34.349028394534045],[41.977194917317419,34.349079067961021]]]},"properties":{"OBJECTID":653,"Name":"صناعي","اسم_المؤسس":null,"Shape_Length":59.999689896967055,"Shape_Area":199.97557607120322}},{"type":"Feature","id":654,"geometry":{"type":"Polygon","coordinates":[[[41.97737456590427,34.349180412744715],[41.97724968639902,34.349327872964516],[41.977159863042665,34.349277200495813],[41.977284743697901,34.349129739435405],[41.97737456590427,34.349180412744715]]]},"properties":{"OBJECTID":654,"Name":"صناعي","اسم_المؤسس":null,"Shape_Length":59.99983138915924,"Shape_Area":199.97526750970027}},{"type":"Feature","id":655,"geometry":{"type":"Polygon","coordinates":[[[41.977554214881621,34.349281756339629],[41.97742933563211,34.349429218533537],[41.977339512032707,34.349378545308312],[41.977464390356076,34.349231085028499],[41.977554214881621,34.349281756339629]]]},"properties":{"OBJECTID":655,"Name":"صناعي","اسم_المؤسس":null,"Shape_Length":59.999895152736563,"Shape_Area":199.9760897630336}},{"type":"Feature","id":656,"geometry":{"type":"Polygon","coordinates":[[[41.977733862205234,34.349383102401099],[41.977608984169862,34.34953056294021],[41.977519159337128,34.349479891686734],[41.977644038522499,34.349332430307001],[41.977733862205234,34.349383102401099]]]},"properties":{"OBJECTID":656,"Name":"صناعي","اسم_المؤسس":null,"Shape_Length":59.999756401085648,"Shape_Area":199.97508622973834}},{"type":"Feature","id":657,"geometry":{"type":"Polygon","coordinates":[[[41.977284743697901,34.349129739435405],[41.977159863042665,34.349277200495813],[41.977070038706032,34.349226527981507],[41.977194917317419,34.349079067961021],[41.977284743697901,34.349129739435405]]]},"properties":{"OBJECTID":657,"Name":"صناعي","اسم_المؤسس":null,"Shape_Length":60.000059260713044,"Shape_Area":199.97778273034916}},{"type":"Feature","id":658,"geometry":{"type":"Polygon","coordinates":[[[41.977464390356076,34.349231085028499],[41.977339512032707,34.349378545308312],[41.97724968639902,34.349327872964516],[41.97737456590427,34.349180412744715],[41.977464390356076,34.349231085028499]]]},"properties":{"OBJECTID":658,"Name":"صناعي","اسم_المؤسس":null,"Shape_Length":59.999896934607563,"Shape_Area":199.97688194668794}},{"type":"Feature","id":659,"geometry":{"type":"Polygon","coordinates":[[[41.977644038522499,34.349332430307001],[41.977519159337128,34.349479891686734],[41.97742933563211,34.349429218533537],[41.977554214881621,34.349281756339629],[41.977644038522499,34.349332430307001]]]},"properties":{"OBJECTID":659,"Name":"صناعي","اسم_المؤسس":null,"Shape_Length":60.000130039896106,"Shape_Area":199.97778247015813}},{"type":"Feature","id":660,"geometry":{"type":"Polygon","coordinates":[[[41.978089911071415,34.349583959954671],[41.977968868863719,34.349732560567737],[41.97787885292766,34.349682121396491],[41.978003340561543,34.349535122595626],[41.978089911071415,34.349583959954671]]]},"properties":{"OBJECTID":660,"Name":"صناعي","اسم_المؤسس":null,"Shape_Length":59.478825554901171,"Shape_Area":195.5832766827962}},{"type":"Feature","id":661,"geometry":{"type":"Polygon","coordinates":[[[41.978038393945354,34.349336988997237],[41.977913515412403,34.349484448942839],[41.977823691518481,34.349433776992825],[41.97794856906156,34.349286317160086],[41.978038393945354,34.349336988997237]]]},"properties":{"OBJECTID":661,"Name":"صناعي","اسم_المؤسس":null,"Shape_Length":59.999574712905698,"Shape_Area":199.97446975939033}},{"type":"Feature","id":662,"geometry":{"type":"Polygon","coordinates":[[[41.977479729897588,34.348586012230889],[41.977417290137851,34.348659741949234],[41.977327466348413,34.348609069593373],[41.977389905006561,34.348535338143442],[41.977479729897588,34.348586012230889]]]},"properties":{"OBJECTID":662,"Name":"صناعي","اسم_المؤسس":null,"Shape_Length":40.000180728850317,"Shape_Area":99.989591117755509}},{"type":"Feature","id":663,"geometry":{"type":"Polygon","coordinates":[[[41.977417290137851,34.348659741949234],[41.977354851420671,34.348733473415443],[41.977265027551368,34.348682800115739],[41.977327466348413,34.348609069593373],[41.977417290137851,34.348659741949234]]]},"properties":{"OBJECTID":663,"Name":"صناعي","اسم_المؤسس":null,"Shape_Length":40.000061341065532,"Shape_Area":99.989003092293245}},{"type":"Feature","id":664,"geometry":{"type":"Polygon","coordinates":[[[41.977542167314851,34.348512280737218],[41.977479729897588,34.348586012230889],[41.977389905006561,34.348535338143442],[41.977452344707253,34.348461608441362],[41.977542167314851,34.348512280737218]]]},"properties":{"OBJECTID":664,"Name":"صناعي","اسم_المؤسس":null,"Shape_Length":40.000039875951977,"Shape_Area":99.988897359933716}},{"type":"Feature","id":665,"geometry":{"type":"Polygon","coordinates":[[[41.977452344707253,34.348461608441362],[41.977514782129219,34.348387878765188],[41.97760460686051,34.348438550964964],[41.977542167314851,34.348512280737218],[41.977452344707253,34.348461608441362]]]},"properties":{"OBJECTID":665,"Name":"صناعي","اسم_المؤسس":null,"Shape_Length":39.999762372634748,"Shape_Area":99.987488822326426}},{"type":"Feature","id":666,"geometry":{"type":"Polygon","coordinates":[[[41.978585009328199,34.349318485025812],[41.978522571203186,34.349392216153227],[41.97843274378944,34.349341543842968],[41.97849518304831,34.349267812732336],[41.978585009328199,34.349318485025812]]]},"properties":{"OBJECTID":666,"Name":"صناعي","اسم_المؤسس":null,"Shape_Length":40.000342730067061,"Shape_Area":99.99039221739433}},{"type":"Feature","id":667,"geometry":{"type":"Polygon","coordinates":[[[41.978620059073251,34.349120350483105],[41.978682496988917,34.3490466211193],[41.978772323061001,34.34909729148189],[41.978709884171245,34.349171022716597],[41.978620059073251,34.349120350483105]]]},"properties":{"OBJECTID":667,"Name":"صناعي","اسم_المؤسس":null,"Shape_Length":39.999903226190114,"Shape_Area":99.988182563687204}},{"type":"Feature","id":668,"geometry":{"type":"Polygon","coordinates":[[[41.978709884171245,34.349171022716597],[41.978647447346169,34.34924475387146],[41.978557622232032,34.349194082495373],[41.978620059073251,34.349120350483105],[41.978709884171245,34.349171022716597]]]},"properties":{"OBJECTID":668,"Name":"صناعي","اسم_المؤسس":null,"Shape_Length":39.999941637664271,"Shape_Area":99.988416684750575}},{"type":"Feature","id":669,"geometry":{"type":"Polygon","coordinates":[[[41.97849518304831,34.349267812732336],[41.978557622232032,34.349194082495373],[41.978647447346169,34.34924475387146],[41.978585009328199,34.349318485025812],[41.97849518304831,34.349267812732336]]]},"properties":{"OBJECTID":669,"Name":"صناعي","اسم_المؤسس":null,"Shape_Length":40.000041977360958,"Shape_Area":99.988886844951566}},{"type":"Feature","id":670,"geometry":{"type":"Polygon","coordinates":[[[41.977928846994836,34.348839374594043],[41.977803970083791,34.348986836184331],[41.977714146804239,34.348936164119024],[41.977839024865276,34.348788701688115],[41.977928846994836,34.348839374594043]]]},"properties":{"OBJECTID":670,"Name":"صناعي","اسم_المؤسس":null,"Shape_Length":59.999871902178867,"Shape_Area":199.97549109405062}},{"type":"Feature","id":671,"geometry":{"type":"Polygon","coordinates":[[[41.977749200701467,34.348738029663636],[41.97762432142671,34.348885491133927],[41.977534499444189,34.348834818898105],[41.977659376643267,34.348687357567123],[41.977749200701467,34.348738029663636]]]},"properties":{"OBJECTID":671,"Name":"صناعي","اسم_المؤسس":null,"Shape_Length":59.999874004429913,"Shape_Area":199.97558186889637}},{"type":"Feature","id":672,"geometry":{"type":"Polygon","coordinates":[[[41.977839024865276,34.348788701688115],[41.977714146804239,34.348936164119024],[41.97762432142671,34.348885491133927],[41.977749200701467,34.348738029663636],[41.977839024865276,34.348788701688115]]]},"properties":{"OBJECTID":672,"Name":"صناعي","اسم_المؤسس":null,"Shape_Length":60.000315611143883,"Shape_Area":199.97928191261093}},{"type":"Feature","id":673,"geometry":{"type":"Polygon","coordinates":[[[41.977569552690632,34.348636685398539],[41.977444674277848,34.348784145768903],[41.977354851420671,34.348733473415443],[41.977479729897588,34.348586012230889],[41.977569552690632,34.348636685398539]]]},"properties":{"OBJECTID":673,"Name":"صناعي","اسم_المؤسس":null,"Shape_Length":59.999852536117317,"Shape_Area":199.97577540356761}},{"type":"Feature","id":674,"geometry":{"type":"Polygon","coordinates":[[[41.977659376643267,34.348687357567123],[41.977534499444189,34.348834818898105],[41.977444674277848,34.348784145768903],[41.977569552690632,34.348636685398539],[41.977659376643267,34.348687357567123]]]},"properties":{"OBJECTID":674,"Name":"صناعي","اسم_المؤسس":null,"Shape_Length":60.000035687553634,"Shape_Area":199.97788550728021}},{"type":"Feature","id":675,"geometry":{"type":"Polygon","coordinates":[[[41.97837797008507,34.34909273777869],[41.978253093622172,34.349240198900546],[41.978163268665057,34.349189525420634],[41.978288145255831,34.349042065285836],[41.97837797008507,34.34909273777869]]]},"properties":{"OBJECTID":675,"Name":"صناعي","اسم_المؤسس":null,"Shape_Length":59.999851897695962,"Shape_Area":199.97717825821164}},{"type":"Feature","id":676,"geometry":{"type":"Polygon","coordinates":[[[41.978467794956146,34.349143408398263],[41.978342918653013,34.349290871407781],[41.978253093622172,34.349240198900546],[41.97837797008507,34.34909273777869],[41.978467794956146,34.349143408398263]]]},"properties":{"OBJECTID":676,"Name":"صناعي","اسم_المؤسس":null,"Shape_Length":59.999916300402205,"Shape_Area":199.97659765717086}},{"type":"Feature","id":677,"geometry":{"type":"Polygon","coordinates":[[[41.978198320500326,34.348991391820341],[41.978073442823302,34.349138854596987],[41.977983618109249,34.349088181873618],[41.978108495882275,34.34894071918341],[41.978198320500326,34.348991391820341]]]},"properties":{"OBJECTID":677,"Name":"صناعي","اسم_المؤسس":null,"Shape_Length":60.000313508073937,"Shape_Area":199.97919114276516}},{"type":"Feature","id":678,"geometry":{"type":"Polygon","coordinates":[[[41.978288145255831,34.349042065285836],[41.978163268665057,34.349189525420634],[41.978073442823302,34.349138854596987],[41.978198320500326,34.348991391820341],[41.978288145255831,34.349042065285836]]]},"properties":{"OBJECTID":678,"Name":"صناعي","اسم_المؤسس":null,"Shape_Length":60.000035687510064,"Shape_Area":199.97788548498312}},{"type":"Feature","id":679,"geometry":{"type":"Polygon","coordinates":[[[41.978018672519426,34.348890048249238],[41.977893794554767,34.349037508151163],[41.977803970083791,34.348986836184331],[41.977928846994836,34.348839374594043],[41.978018672519426,34.348890048249238]]]},"properties":{"OBJECTID":679,"Name":"صناعي","اسم_المؤسس":null,"Shape_Length":60.000014217606463,"Shape_Area":199.97807900965438}},{"type":"Feature","id":680,"geometry":{"type":"Polygon","coordinates":[[[41.978108495882275,34.34894071918341],[41.977983618109249,34.349088181873618],[41.977893794554767,34.349037508151163],[41.978018672519426,34.348890048249238],[41.978108495882275,34.34894071918341]]]},"properties":{"OBJECTID":680,"Name":"صناعي","اسم_المؤسس":null,"Shape_Length":59.999852537787781,"Shape_Area":199.97577540356755}},{"type":"Feature","id":681,"geometry":{"type":"Polygon","coordinates":[[[41.97778425450003,34.348539896101876],[41.977659376643267,34.348687357567123],[41.977569552690632,34.348636685398539],[41.977694431697394,34.348489223092699],[41.97778425450003,34.348539896101876]]]},"properties":{"OBJECTID":681,"Name":"صناعي","اسم_المؤسس":null,"Shape_Length":60.000153612137723,"Shape_Area":199.97767972902506}},{"type":"Feature","id":682,"geometry":{"type":"Polygon","coordinates":[[[41.977963900390208,34.348641241003513],[41.977839024865276,34.348788701688115],[41.977749200701467,34.348738029663636],[41.977874076322408,34.348590569065465],[41.977963900390208,34.348641241003513]]]},"properties":{"OBJECTID":682,"Name":"صناعي","اسم_المؤسس":null,"Shape_Length":59.999636374171899,"Shape_Area":199.97520124427308}},{"type":"Feature","id":683,"geometry":{"type":"Polygon","coordinates":[[[41.97805372564946,34.348691912843073],[41.977928846994836,34.348839374594043],[41.977839024865276,34.348788701688115],[41.977963900390208,34.348641241003513],[41.97805372564946,34.348691912843073]]]},"properties":{"OBJECTID":683,"Name":"صناعي","اسم_المؤسس":null,"Shape_Length":59.999873685343275,"Shape_Area":199.97628329270489}},{"type":"Feature","id":684,"geometry":{"type":"Polygon","coordinates":[[[41.977874076322408,34.348590569065465],[41.977749200701467,34.348738029663636],[41.977659376643267,34.348687357567123],[41.97778425450003,34.348539896101876],[41.977874076322408,34.348590569065465]]]},"properties":{"OBJECTID":684,"Name":"صناعي","اسم_المؤسس":null,"Shape_Length":59.999732831895088,"Shape_Area":199.97518899806448}},{"type":"Feature","id":685,"geometry":{"type":"Polygon","coordinates":[[[41.977694431697394,34.348489223092699],[41.977569552690632,34.348636685398539],[41.977479729897588,34.348586012230889],[41.97760460686051,34.348438550964964],[41.977694431697394,34.348489223092699]]]},"properties":{"OBJECTID":685,"Name":"صناعي","اسم_المؤسس":null,"Shape_Length":60.000174757798064,"Shape_Area":199.97818760446989}},{"type":"Feature","id":686,"geometry":{"type":"Polygon","coordinates":[[[41.978233373290905,34.348793258186625],[41.978108495882275,34.34894071918341],[41.978018672519426,34.348890048249238],[41.978143548906331,34.348742586464702],[41.978233373290905,34.348793258186625]]]},"properties":{"OBJECTID":686,"Name":"صناعي","اسم_المؤسس":null,"Shape_Length":59.999756400850401,"Shape_Area":199.97508622973834}},{"type":"Feature","id":687,"geometry":{"type":"Polygon","coordinates":[[[41.978143548906331,34.348742586464702],[41.978018672519426,34.348890048249238],[41.977928846994836,34.348839374594043],[41.97805372564946,34.348691912843073],[41.978143548906331,34.348742586464702]]]},"properties":{"OBJECTID":687,"Name":"صناعي","اسم_المؤسس":null,"Shape_Length":60.000270573446997,"Shape_Area":199.97957820210763}},{"type":"Feature","id":688,"geometry":{"type":"Polygon","coordinates":[[[41.978413021354726,34.348894603242016],[41.978288145255831,34.349042065285836],[41.978198320500326,34.348991391820341],[41.978323196727089,34.348843930763564],[41.978413021354726,34.348894603242016]]]},"properties":{"OBJECTID":688,"Name":"صناعي","اسم_المؤسس":null,"Shape_Length":60.00001211473441,"Shape_Area":199.97798823980861}},{"type":"Feature","id":689,"geometry":{"type":"Polygon","coordinates":[[[41.978323196727089,34.348843930763564],[41.978198320500326,34.348991391820341],[41.978108495882275,34.34894071918341],[41.978233373290905,34.348793258186625],[41.978323196727089,34.348843930763564]]]},"properties":{"OBJECTID":689,"Name":"صناعي","اسم_المؤسس":null,"Shape_Length":59.999852215655636,"Shape_Area":199.9764768223761}},{"type":"Feature","id":690,"geometry":{"type":"Polygon","coordinates":[[[41.978592672012617,34.348995947956354],[41.978467794956146,34.349143408398263],[41.97837797008507,34.34909273777869],[41.978502848227777,34.34894527469492],[41.978592672012617,34.348995947956354]]]},"properties":{"OBJECTID":690,"Name":"صناعي","اسم_المؤسس":null,"Shape_Length":59.999993394984486,"Shape_Area":199.97686972540103}},{"type":"Feature","id":691,"geometry":{"type":"Polygon","coordinates":[[[41.978502848227777,34.34894527469492],[41.97837797008507,34.34909273777869],[41.978288145255831,34.349042065285836],[41.978413021354726,34.348894603242016],[41.978502848227777,34.34894527469492]]]},"properties":{"OBJECTID":691,"Name":"صناعي","اسم_المؤسس":null,"Shape_Length":60.000336763864055,"Shape_Area":199.97978983563218}},{"type":"Feature","id":692,"geometry":{"type":"Polygon","coordinates":[[[41.978123829409938,34.348295643863906],[41.978061390500166,34.348369375674856],[41.977881745077291,34.348268029987835],[41.977944182997227,34.348194298289755],[41.978123829409938,34.348295643863906]]]},"properties":{"OBJECTID":692,"Name":"صناعي","اسم_المؤسس":null,"Shape_Length":60.00006310898106,"Shape_Area":199.97879948569977}},{"type":"Feature","id":693,"geometry":{"type":"Polygon","coordinates":[[[41.977791921470271,34.348217357963321],[41.977881745077291,34.348268029987835],[41.977819304878629,34.348341761711836],[41.977729483363419,34.348291088690608],[41.977791921470271,34.348217357963321]]]},"properties":{"OBJECTID":693,"Name":"صناعي","اسم_المؤسس":null,"Shape_Length":40.000019047873103,"Shape_Area":99.988788409119095}},{"type":"Feature","id":694,"geometry":{"type":"Polygon","coordinates":[[[41.977971567735935,34.348318702867367],[41.978061390500166,34.348369375674856],[41.977998952505452,34.348443105631176],[41.977909128671115,34.348392434608144],[41.977971567735935,34.348318702867367]]]},"properties":{"OBJECTID":694,"Name":"صناعي","اسم_المؤسس":null,"Shape_Length":39.999901444141571,"Shape_Area":99.9881914851331}},{"type":"Feature","id":695,"geometry":{"type":"Polygon","coordinates":[[[41.978478736870862,34.347406319005692],[41.978568557810071,34.347456991508338],[41.978506122046277,34.347530723449459],[41.978416297801559,34.347480050982924],[41.978478736870862,34.347406319005692]]]},"properties":{"OBJECTID":695,"Name":"صناعي","اسم_المؤسس":null,"Shape_Length":40.000178946797085,"Shape_Area":99.989600016279198}},{"type":"Feature","id":696,"geometry":{"type":"Polygon","coordinates":[[[41.978658381026548,34.347507663886063],[41.97874820431673,34.347558335291126],[41.978685765391425,34.34763206739801],[41.978595944193046,34.347581394996226],[41.978658381026548,34.347507663886063]]]},"properties":{"OBJECTID":696,"Name":"صناعي","اسم_المؤسس":null,"Shape_Length":40.000019047873124,"Shape_Area":99.988788409119095}},{"type":"Feature","id":697,"geometry":{"type":"Polygon","coordinates":[[[41.978478736870862,34.347406319005692],[41.978416297801559,34.347480050982924],[41.978326474716376,34.347429377517287],[41.978388912779721,34.347355646510323],[41.978478736870862,34.347406319005692]]]},"properties":{"OBJECTID":697,"Name":"صناعي","اسم_المؤسس":null,"Shape_Length":40.000439186348586,"Shape_Area":99.990881816562592}},{"type":"Feature","id":698,"geometry":{"type":"Polygon","coordinates":[[[41.978658381026548,34.347507663886063],[41.978595944193046,34.347581394996226],[41.978506122046277,34.347530723449459],[41.978568557810071,34.347456991508338],[41.978658381026548,34.347507663886063]]]},"properties":{"OBJECTID":698,"Name":"صناعي","اسم_المؤسس":null,"Shape_Length":39.99992048947901,"Shape_Area":99.988309340932659}},{"type":"Feature","id":699,"geometry":{"type":"Polygon","coordinates":[[[41.977971567735935,34.348318702867367],[41.977909128671115,34.348392434608144],[41.977819304878629,34.348341761711836],[41.977881745077291,34.348268029987835],[41.977971567735935,34.348318702867367]]]},"properties":{"OBJECTID":699,"Name":"صناعي","اسم_المؤسس":null,"Shape_Length":40.000298652296451,"Shape_Area":99.990186441744186}},{"type":"Feature","id":700,"geometry":{"type":"Polygon","coordinates":[[[41.977791921470271,34.348217357963321],[41.977729483363419,34.348291088690608],[41.977639660899825,34.348240416524412],[41.977702098000698,34.348166686767385],[41.977791921470271,34.348217357963321]]]},"properties":{"OBJECTID":700,"Name":"صناعي","اسم_المؤسس":null,"Shape_Length":39.999642986327061,"Shape_Area":99.986900812325601}},{"type":"Feature","id":701,"geometry":{"type":"Polygon","coordinates":[[[41.978006621991597,34.348120569240145],[41.977944182997227,34.348194298289755],[41.977764537038745,34.34809295332807],[41.977826976097234,34.348019223464263],[41.978006621991597,34.348120569240145]]]},"properties":{"OBJECTID":701,"Name":"صناعي","اسم_المؤسس":null,"Shape_Length":59.999744774922725,"Shape_Area":199.9754371823343}},{"type":"Feature","id":702,"geometry":{"type":"Polygon","coordinates":[[[41.978131496274209,34.347973107536909],[41.978069059697468,34.34804683748817],[41.977889412877012,34.347945493626391],[41.977951850603716,34.347871762834515],[41.978131496274209,34.347973107536909]]]},"properties":{"OBJECTID":702,"Name":"صناعي","اسم_المؤسس":null,"Shape_Length":59.99968914959485,"Shape_Area":199.97509995198436}},{"type":"Feature","id":703,"geometry":{"type":"Polygon","coordinates":[[[41.978069059697468,34.34804683748817],[41.978006621991597,34.348120569240145],[41.977826976097234,34.348019223464263],[41.977889412877012,34.347945493626391],[41.978069059697468,34.34804683748817]]]},"properties":{"OBJECTID":703,"Name":"صناعي","اسم_المؤسس":null,"Shape_Length":59.999827901501575,"Shape_Area":199.97620922009997}},{"type":"Feature","id":704,"geometry":{"type":"Polygon","coordinates":[[[41.978193933829758,34.347899377532265],[41.978131496274209,34.347973107536909],[41.977951850603716,34.347871762834515],[41.978014286051724,34.347798032068546],[41.978193933829758,34.347899377532265]]]},"properties":{"OBJECTID":704,"Name":"صناعي","اسم_المؤسس":null,"Shape_Length":59.999827581755163,"Shape_Area":199.97551260628336}},{"type":"Feature","id":705,"geometry":{"type":"Polygon","coordinates":[[[41.97831880855604,34.347751915640892],[41.978256371214535,34.347825645699437],[41.978076725736052,34.347724301169904],[41.978139162055832,34.347650570323616],[41.97831880855604,34.347751915640892]]]},"properties":{"OBJECTID":705,"Name":"صناعي","اسم_المؤسس":null,"Shape_Length":59.99980643426008,"Shape_Area":199.97569848515943}},{"type":"Feature","id":706,"geometry":{"type":"Polygon","coordinates":[[[41.978381246844471,34.347678184628357],[41.97831880855604,34.347751915640892],[41.978139162055832,34.347650570323616],[41.978201600472147,34.34757684029811],[41.978381246844471,34.347678184628357]]]},"properties":{"OBJECTID":706,"Name":"صناعي","اسم_المؤسس":null,"Shape_Length":60.000066994638864,"Shape_Area":199.97785828149043}},{"type":"Feature","id":707,"geometry":{"type":"Polygon","coordinates":[[[41.978256371214535,34.347825645699437],[41.978193933829758,34.347899377532265],[41.978014286051724,34.347798032068546],[41.978076725736052,34.347724301169904],[41.978256371214535,34.347825645699437]]]},"properties":{"OBJECTID":707,"Name":"صناعي","اسم_المؤسس":null,"Shape_Length":60.000227213201981,"Shape_Area":199.97947828954662}},{"type":"Feature","id":708,"geometry":{"type":"Polygon","coordinates":[[[41.978443682854198,34.347604453641736],[41.978381246844471,34.347678184628357],[41.978201600472147,34.34757684029811],[41.978264036609758,34.34750311029854],[41.978443682854198,34.347604453641736]]]},"properties":{"OBJECTID":708,"Name":"صناعي","اسم_المؤسس":null,"Shape_Length":59.999710297825544,"Shape_Area":199.97491408730011}},{"type":"Feature","id":709,"geometry":{"type":"Polygon","coordinates":[[[41.978264036609758,34.34750311029854],[41.978326474716376,34.347429377517287],[41.978506122046277,34.347530723449459],[41.978443682854198,34.347604453641736],[41.978264036609758,34.34750311029854]]]},"properties":{"OBJECTID":709,"Name":"صناعي","اسم_المؤسس":null,"Shape_Length":60.000368068402061,"Shape_Area":199.98046525786998}},{"type":"Feature","id":710,"geometry":{"type":"Polygon","coordinates":[[[41.978248704768582,34.348148181114659],[41.978186268180814,34.3482219111254],[41.978006621991597,34.348120569240145],[41.978069059697468,34.34804683748817],[41.978248704768582,34.348148181114659]]]},"properties":{"OBJECTID":710,"Name":"صناعي","اسم_المؤسس":null,"Shape_Length":59.999431334158963,"Shape_Area":199.97421107349433}},{"type":"Feature","id":711,"geometry":{"type":"Polygon","coordinates":[[[41.97837357979472,34.348000720959462],[41.978311144538729,34.34807445189827],[41.978131496274209,34.347973107536909],[41.978193933829758,34.347899377532265],[41.97837357979472,34.348000720959462]]]},"properties":{"OBJECTID":711,"Name":"صناعي","اسم_المؤسس":null,"Shape_Length":59.999710298881233,"Shape_Area":199.97491408730011}},{"type":"Feature","id":712,"geometry":{"type":"Polygon","coordinates":[[[41.978186268180814,34.3482219111254],[41.978123829409938,34.348295643863906],[41.977944182997227,34.348194298289755],[41.978006621991597,34.348120569240145],[41.978186268180814,34.3482219111254]]]},"properties":{"OBJECTID":712,"Name":"صناعي","اسم_المؤسس":null,"Shape_Length":59.999809180141838,"Shape_Area":199.97696938473138}},{"type":"Feature","id":713,"geometry":{"type":"Polygon","coordinates":[[[41.978311144538729,34.34807445189827],[41.978248704768582,34.348148181114659],[41.978069059697468,34.34804683748817],[41.978131496274209,34.347973107536909],[41.978311144538729,34.34807445189827]]]},"properties":{"OBJECTID":713,"Name":"صناعي","اسم_المؤسس":null,"Shape_Length":59.999648639437744,"Shape_Area":199.97465276274397}},{"type":"Feature","id":714,"geometry":{"type":"Polygon","coordinates":[[[41.978436017115371,34.347926989940817],[41.97837357979472,34.348000720959462],[41.978193933829758,34.347899377532265],[41.978256371214535,34.347825645699437],[41.978436017115371,34.347926989940817]]]},"properties":{"OBJECTID":714,"Name":"صناعي","اسم_المؤسس":null,"Shape_Length":59.999828221384369,"Shape_Area":199.97690582391664}},{"type":"Feature","id":715,"geometry":{"type":"Polygon","coordinates":[[[41.978498455446704,34.347853259769408],[41.978436017115371,34.347926989940817],[41.978256371214535,34.347825645699437],[41.97831880855604,34.347751915640892],[41.978498455446704,34.347853259769408]]]},"properties":{"OBJECTID":715,"Name":"صناعي","اسم_المؤسس":null,"Shape_Length":59.999787389065929,"Shape_Area":199.97576204678245}},{"type":"Feature","id":716,"geometry":{"type":"Polygon","coordinates":[[[41.97856089255329,34.347779528696869],[41.978498455446704,34.347853259769408],[41.97831880855604,34.347751915640892],[41.978381246844471,34.347678184628357],[41.97856089255329,34.347779528696869]]]},"properties":{"OBJECTID":716,"Name":"صناعي","اسم_المؤسس":null,"Shape_Length":59.999947606891567,"Shape_Area":199.97738204810761}},{"type":"Feature","id":717,"geometry":{"type":"Polygon","coordinates":[[[41.978623328498891,34.347705798524444],[41.97856089255329,34.347779528696869],[41.978381246844471,34.347678184628357],[41.978443682854198,34.347604453641736],[41.978623328498891,34.347705798524444]]]},"properties":{"OBJECTID":717,"Name":"صناعي","اسم_المؤسس":null,"Shape_Length":59.999665579283054,"Shape_Area":199.97471151264421}},{"type":"Feature","id":718,"geometry":{"type":"Polygon","coordinates":[[[41.978443682854198,34.347604453641736],[41.978506122046277,34.347530723449459],[41.978685765391425,34.34763206739801],[41.978623328498891,34.347705798524444],[41.978443682854198,34.347604453641736]]]},"properties":{"OBJECTID":718,"Name":"صناعي","اسم_المؤسس":null,"Shape_Length":59.999742991893754,"Shape_Area":199.97625608502031}},{"type":"Feature","id":719,"geometry":{"type":"Polygon","coordinates":[[[41.979384631505042,34.3475905014689],[41.979447069762202,34.347516769038151],[41.979536891385948,34.347567441692249],[41.979474455252813,34.34764117141146],[41.979384631505042,34.3475905014689]]]},"properties":{"OBJECTID":719,"Name":"صناعي","اسم_المؤسس":null,"Shape_Length":39.999858831073624,"Shape_Area":99.98797841049506}},{"type":"Feature","id":720,"geometry":{"type":"Polygon","coordinates":[[[41.979312334889656,34.347440762239593],[41.979187460232204,34.347588225090384],[41.979052725453208,34.347512218000091],[41.979177599168843,34.347364755305385],[41.979312334889656,34.347440762239593]]]},"properties":{"OBJECTID":720,"Name":"صناعي","اسم_المؤسس":null,"Shape_Length":70.000118944725202,"Shape_Area":299.96681447278888}},{"type":"Feature","id":721,"geometry":{"type":"Polygon","coordinates":[[[41.979447069762202,34.347516769038151],[41.979322195248756,34.347664232018573],[41.979187460232204,34.347588225090384],[41.979312334889656,34.347440762239593],[41.979447069762202,34.347516769038151]]]},"properties":{"OBJECTID":721,"Name":"صناعي","اسم_المؤسس":null,"Shape_Length":70.000097794547131,"Shape_Area":299.96645316093827}},{"type":"Feature","id":722,"geometry":{"type":"Polygon","coordinates":[[[41.979177599168843,34.347364755305385],[41.979052725453208,34.347512218000091],[41.978917989825938,34.347436210774148],[41.979042864707658,34.347288746381416],[41.979177599168843,34.347364755305385]]]},"properties":{"OBJECTID":722,"Name":"صناعي","اسم_المؤسس":null,"Shape_Length":70.000396447749409,"Shape_Area":299.96922655869139}},{"type":"Feature","id":723,"geometry":{"type":"Polygon","coordinates":[[[41.978908129461963,34.34721273912303],[41.978783255458318,34.347360201558445],[41.978648521360121,34.347284193081258],[41.97877339550778,34.347136730775489],[41.978908129461963,34.34721273912303]]]},"properties":{"OBJECTID":723,"Name":"صناعي","اسم_المؤسس":null,"Shape_Length":70.000095370044633,"Shape_Area":299.96677060220691}},{"type":"Feature","id":724,"geometry":{"type":"Polygon","coordinates":[[[41.97877339550778,34.347136730775489],[41.978648521360121,34.347284193081258],[41.978513786445539,34.347208185369048],[41.978638661791159,34.347060722265866],[41.97877339550778,34.347136730775489]]]},"properties":{"OBJECTID":724,"Name":"صناعي","اسم_المؤسس":null,"Shape_Length":70.00025769203279,"Shape_Area":299.9680204817189}},{"type":"Feature","id":725,"geometry":{"type":"Polygon","coordinates":[[[41.979509503568977,34.347443036686251],[41.97957194059002,34.347369306029286],[41.979661765343387,34.347419977616987],[41.979599328370348,34.347493708317167],[41.979509503568977,34.347443036686251]]]},"properties":{"OBJECTID":725,"Name":"صناعي","اسم_المؤسس":null,"Shape_Length":40.000161364767692,"Shape_Area":99.989474864414106}},{"type":"Feature","id":726,"geometry":{"type":"Polygon","coordinates":[[[41.97957194059002,34.347369306029286],[41.979447069762202,34.347516769038151],[41.979312334889656,34.347440762239593],[41.979437206947338,34.347293299333927],[41.97957194059002,34.347369306029286]]]},"properties":{"OBJECTID":726,"Name":"صناعي","اسم_المؤسس":null,"Shape_Length":69.999717526960595,"Shape_Area":299.96345300784276}},{"type":"Feature","id":727,"geometry":{"type":"Polygon","coordinates":[[[41.978898268141513,34.34698926838837],[41.97877339550778,34.347136730775489],[41.978638661791159,34.347060722265866],[41.978763533546818,34.346913261836058],[41.978898268141513,34.34698926838837]]]},"properties":{"OBJECTID":727,"Name":"صناعي","اسم_المؤسس":null,"Shape_Length":69.999719309373191,"Shape_Area":299.9638401888202}},{"type":"Feature","id":728,"geometry":{"type":"Polygon","coordinates":[[[41.979437206947338,34.347293299333927],[41.979312334889656,34.347440762239593],[41.979177599168843,34.347364755305385],[41.979302471370538,34.347217292529358],[41.979437206947338,34.347293299333927]]]},"properties":{"OBJECTID":728,"Name":"صناعي","اسم_المؤسس":null,"Shape_Length":70.000020384648906,"Shape_Area":299.96629613530996}},{"type":"Feature","id":729,"geometry":{"type":"Polygon","coordinates":[[[41.979167737117123,34.347141285536253],[41.979042864707658,34.347288746381416],[41.978908129461963,34.34721273912303],[41.979033001983566,34.347065277506893],[41.979167737117123,34.347141285536253]]]},"properties":{"OBJECTID":729,"Name":"صناعي","اسم_المؤسس":null,"Shape_Length":69.999838694435837,"Shape_Area":299.96507211172752}},{"type":"Feature","id":730,"geometry":{"type":"Polygon","coordinates":[[[41.979033001983566,34.347065277506893],[41.978908129461963,34.34721273912303],[41.97877339550778,34.347136730775489],[41.978898268141513,34.34698926838837],[41.979033001983566,34.347065277506893]]]},"properties":{"OBJECTID":730,"Name":"صناعي","اسم_المؤسس":null,"Shape_Length":69.99995419734681,"Shape_Area":299.96588200690871}},{"type":"Feature","id":731,"geometry":{"type":"Polygon","coordinates":[[[41.979599328370348,34.347493708317167],[41.979536891385948,34.347567441692249],[41.979447069762202,34.347516769038151],[41.979509503568977,34.347443036686251],[41.979599328370348,34.347493708317167]]]},"properties":{"OBJECTID":731,"Name":"صناعي","اسم_المؤسس":null,"Shape_Length":40.000197995108813,"Shape_Area":99.989717862078734}},{"type":"Feature","id":732,"geometry":{"type":"Polygon","coordinates":[[[41.979474455252813,34.34764117141146],[41.97941201907642,34.347714902904961],[41.979322195248756,34.347664232018573],[41.979384631505042,34.3475905014689],[41.979474455252813,34.34764117141146]]]},"properties":{"OBJECTID":732,"Name":"صناعي","اسم_المؤسس":null,"Shape_Length":39.999783840381305,"Shape_Area":99.987594561147105}},{"type":"Feature","id":733,"geometry":{"type":"Polygon","coordinates":[[[41.978982604289449,34.347908474312781],[41.978920167450013,34.347982204684499],[41.978740520960315,34.347880862993492],[41.978802958949714,34.347807131781146],[41.978982604289449,34.347908474312781]]]},"properties":{"OBJECTID":733,"Name":"صناعي","اسم_المؤسس":null,"Shape_Length":59.99952957344339,"Shape_Area":199.97487315851819}},{"type":"Feature","id":734,"geometry":{"type":"Polygon","coordinates":[[[41.978330843810099,34.348521382327206],[41.978420665815172,34.348572052171129],[41.978359439072442,34.348646468520201],[41.978268286264921,34.348595046821458],[41.978330843810099,34.348521382327206]]]},"properties":{"OBJECTID":734,"Name":"صناعي","اسم_المؤسس":null,"Shape_Length":40.14696623106996,"Shape_Area":100.7280004558141}},{"type":"Feature","id":735,"geometry":{"type":"Polygon","coordinates":[[[41.9785104858179,34.348622723797142],[41.978600308034146,34.348673393496988],[41.978537869241578,34.348747123739031],[41.978444883118243,34.348694666949321],[41.9785104858179,34.348622723797142]]]},"properties":{"OBJECTID":735,"Name":"صناعي","اسم_المؤسس":null,"Shape_Length":40.362990010637105,"Shape_Area":101.74587687844965}},{"type":"Feature","id":736,"geometry":{"type":"Polygon","coordinates":[[[41.978330843810099,34.348521382327206],[41.978268286264921,34.348595046821458],[41.978178585097723,34.348544442427546],[41.978241020792865,34.348470711537054],[41.978330843810099,34.348521382327206]]]},"properties":{"OBJECTID":736,"Name":"صناعي","اسم_المؤسس":null,"Shape_Length":39.986402535348091,"Shape_Area":99.919690270676057}},{"type":"Feature","id":737,"geometry":{"type":"Polygon","coordinates":[[[41.9785104858179,34.348622723797142],[41.978444883118243,34.348694666949321],[41.978359439072442,34.348646468520201],[41.978420665815172,34.348572052171129],[41.9785104858179,34.348622723797142]]]},"properties":{"OBJECTID":737,"Name":"صناعي","اسم_المؤسس":null,"Shape_Length":39.522170283311183,"Shape_Area":97.547874675109597}},{"type":"Feature","id":738,"geometry":{"type":"Polygon","coordinates":[[[41.979017656010775,34.347710339616832],[41.979107478669313,34.347761011660822],[41.979045043193537,34.347834743861235],[41.978955218315321,34.347784071826908],[41.979017656010775,34.347710339616832]]]},"properties":{"OBJECTID":738,"Name":"صناعي","اسم_المؤسس":null,"Shape_Length":40.000200097249717,"Shape_Area":99.98970737970626}},{"type":"Feature","id":739,"geometry":{"type":"Polygon","coordinates":[[[41.979197303636987,34.34781168448049],[41.979134865973769,34.347885414975764],[41.979045043193537,34.347834743861235],[41.979107478669313,34.347761011660822],[41.979197303636987,34.34781168448049]]]},"properties":{"OBJECTID":739,"Name":"صناعي","اسم_المؤسس":null,"Shape_Length":40.000039874443225,"Shape_Area":99.98889735247289}},{"type":"Feature","id":740,"geometry":{"type":"Polygon","coordinates":[[[41.979017656010775,34.347710339616832],[41.978955218315321,34.347784071826908],[41.978865395682483,34.347733398767055],[41.978927831318032,34.34765966845432],[41.979017656010775,34.347710339616832]]]},"properties":{"OBJECTID":740,"Name":"صناعي","اسم_المؤسس":null,"Shape_Length":40.000039875934057,"Shape_Area":99.988897359933716}},{"type":"Feature","id":741,"geometry":{"type":"Polygon","coordinates":[[[41.979197303636987,34.34781168448049],[41.979287126474802,34.347862355479762],[41.979224689913551,34.347936085091192],[41.979134865973769,34.347885414975764],[41.979197303636987,34.34781168448049]]]},"properties":{"OBJECTID":741,"Name":"صناعي","اسم_المؤسس":null,"Shape_Length":39.999602474255546,"Shape_Area":99.986677213705121}},{"type":"Feature","id":742,"geometry":{"type":"Polygon","coordinates":[[[41.978982604289449,34.347908474312781],[41.979045043193537,34.347834743861235],[41.979224689913551,34.347936085091192],[41.97916225222319,34.34800981650335],[41.978982604289449,34.347908474312781]]]},"properties":{"OBJECTID":742,"Name":"صناعي","اسم_المؤسس":null,"Shape_Length":59.999811282407471,"Shape_Area":199.97684706493914}},{"type":"Feature","id":743,"geometry":{"type":"Polygon","coordinates":[[[41.978483101402915,34.348498323869116],[41.978420665815172,34.348572052171129],[41.978241020792865,34.348470711537054],[41.978303457498704,34.348396981493792],[41.978483101402915,34.348498323869116]]]},"properties":{"OBJECTID":743,"Name":"صناعي","اسم_المؤسس":null,"Shape_Length":59.998549901879329,"Shape_Area":199.9675975897288}},{"type":"Feature","id":744,"geometry":{"type":"Polygon","coordinates":[[[41.978545538959693,34.34842459278542],[41.978483101402915,34.348498323869116],[41.978303457498704,34.348396981493792],[41.978365895215241,34.348323252297767],[41.978545538959693,34.34842459278542]]]},"properties":{"OBJECTID":744,"Name":"صناعي","اسم_المؤسس":null,"Shape_Length":59.998808679825125,"Shape_Area":199.97057622466895}},{"type":"Feature","id":745,"geometry":{"type":"Polygon","coordinates":[[[41.978670418095533,34.348277130431427],[41.978607979603225,34.348350859794223],[41.978428333783086,34.348249519445879],[41.978490771158043,34.348175786593487],[41.978670418095533,34.348277130431427]]]},"properties":{"OBJECTID":745,"Name":null,"اسم_المؤسس":null,"Shape_Length":59.999551042778116,"Shape_Area":199.97538388150204}},{"type":"Feature","id":746,"geometry":{"type":"Polygon","coordinates":[[[41.978732854245365,34.348203399293325],[41.978670418095533,34.348277130431427],[41.978490771158043,34.348175786593487],[41.978553210629542,34.348102054561849],[41.978732854245365,34.348203399293325]]]},"properties":{"OBJECTID":746,"Name":null,"اسم_المؤسس":null,"Shape_Length":59.9997623599467,"Shape_Area":199.97688913633766}},{"type":"Feature","id":747,"geometry":{"type":"Polygon","coordinates":[[[41.978795293513819,34.348129667148328],[41.978732854245365,34.348203399293325],[41.978553210629542,34.348102054561849],[41.978615646832104,34.348028325284481],[41.978795293513819,34.348129667148328]]]},"properties":{"OBJECTID":747,"Name":null,"اسم_المؤسس":null,"Shape_Length":59.999484854248848,"Shape_Area":199.9746705799316}},{"type":"Feature","id":748,"geometry":{"type":"Polygon","coordinates":[[[41.978857730535431,34.348055935929885],[41.978795293513819,34.348129667148328],[41.978615646832104,34.348028325284481],[41.978678083917842,34.347954593251828],[41.978857730535431,34.348055935929885]]]},"properties":{"OBJECTID":748,"Name":null,"اسم_المؤسس":null,"Shape_Length":59.999710941276014,"Shape_Area":199.97630731559514}},{"type":"Feature","id":749,"geometry":{"type":"Polygon","coordinates":[[[41.978920167450013,34.347982204684499],[41.978857730535431,34.348055935929885],[41.978678083917842,34.347954593251828],[41.978740520960315,34.347880862993492],[41.978920167450013,34.347982204684499]]]},"properties":{"OBJECTID":749,"Name":null,"اسم_المؤسس":null,"Shape_Length":59.99955072109789,"Shape_Area":199.97468729883383}},{"type":"Feature","id":750,"geometry":{"type":"Polygon","coordinates":[[[41.978607979603225,34.348350859794223],[41.978545538959693,34.34842459278542],[41.978365895215241,34.348323252297767],[41.978428333783086,34.348249519445879],[41.978607979603225,34.348350859794223]]]},"properties":{"OBJECTID":750,"Name":null,"اسم_المؤسس":null,"Shape_Length":59.999573471921302,"Shape_Area":199.97798433300721}},{"type":"Feature","id":751,"geometry":{"type":"Polygon","coordinates":[[[41.978802958949714,34.347807131781146],[41.978865395682483,34.347733398767055],[41.979045043193537,34.347834743861235],[41.978982604289449,34.347908474312781],[41.978802958949714,34.347807131781146]]]},"properties":{"OBJECTID":751,"Name":null,"اسم_المؤسس":null,"Shape_Length":60.000065217138498,"Shape_Area":199.97867720624802}},{"type":"Feature","id":752,"geometry":{"type":"Polygon","coordinates":[[[41.978662745697584,34.348599665055666],[41.978600308034146,34.348673393496988],[41.978420665815172,34.348572052171129],[41.978483101402915,34.348498323869116],[41.978662745697584,34.348599665055666]]]},"properties":{"OBJECTID":752,"Name":null,"اسم_المؤسس":null,"Shape_Length":59.998206531980415,"Shape_Area":199.96536239606513}},{"type":"Feature","id":753,"geometry":{"type":"Polygon","coordinates":[[[41.978725185298174,34.348525932932034],[41.978662745697584,34.348599665055666],[41.978483101402915,34.348498323869116],[41.978545538959693,34.34842459278542],[41.978725185298174,34.348525932932034]]]},"properties":{"OBJECTID":753,"Name":null,"اسم_المؤسس":null,"Shape_Length":59.999272076044406,"Shape_Area":199.97468082442725}},{"type":"Feature","id":754,"geometry":{"type":"Polygon","coordinates":[[[41.978787622683789,34.348452202635585],[41.978725185298174,34.348525932932034],[41.978545538959693,34.34842459278542],[41.978607979603225,34.348350859794223],[41.978787622683789,34.348452202635585]]]},"properties":{"OBJECTID":754,"Name":null,"اسم_المؤسس":null,"Shape_Length":59.999368212449539,"Shape_Area":199.97546521309479}},{"type":"Feature","id":755,"geometry":{"type":"Polygon","coordinates":[[[41.978912499241851,34.3483047401077],[41.978850061016331,34.348378471385118],[41.978670418095533,34.348277130431427],[41.978732854245365,34.348203399293325],[41.978912499241851,34.3483047401077]]]},"properties":{"OBJECTID":755,"Name":null,"اسم_المؤسس":null,"Shape_Length":59.998968899175551,"Shape_Area":199.97219620364797}},{"type":"Feature","id":756,"geometry":{"type":"Polygon","coordinates":[[[41.978850061016331,34.348378471385118],[41.978787622683789,34.348452202635585],[41.978607979603225,34.348350859794223],[41.978670418095533,34.348277130431427],[41.978850061016331,34.348378471385118]]]},"properties":{"OBJECTID":756,"Name":null,"اسم_المؤسس":null,"Shape_Length":59.998883667656671,"Shape_Area":199.97154646555998}},{"type":"Feature","id":757,"geometry":{"type":"Polygon","coordinates":[[[41.979037375435539,34.348157279273266],[41.978974938446171,34.348231008776899],[41.978795293513819,34.348129667148328],[41.978857730535431,34.348055935929885],[41.979037375435539,34.348157279273266]]]},"properties":{"OBJECTID":757,"Name":null,"اسم_المؤسس":null,"Shape_Length":59.999205246337056,"Shape_Area":199.97257436381386}},{"type":"Feature","id":758,"geometry":{"type":"Polygon","coordinates":[[[41.978974938446171,34.348231008776899],[41.978912499241851,34.3483047401077],[41.978732854245365,34.348203399293325],[41.978795293513819,34.348129667148328],[41.978974938446171,34.348231008776899]]]},"properties":{"OBJECTID":758,"Name":null,"اسم_المؤسس":null,"Shape_Length":59.999509065083352,"Shape_Area":199.9764521664182}},{"type":"Feature","id":759,"geometry":{"type":"Polygon","coordinates":[[[41.979099813308082,34.348083547014383],[41.979037375435539,34.348157279273266],[41.978857730535431,34.348055935929885],[41.978920167450013,34.347982204684499],[41.979099813308082,34.348083547014383]]]},"properties":{"OBJECTID":759,"Name":null,"اسم_المؤسس":null,"Shape_Length":59.999645071915353,"Shape_Area":199.97629058169275}},{"type":"Feature","id":760,"geometry":{"type":"Polygon","coordinates":[[[41.97916225222319,34.34800981650335],[41.979099813308082,34.348083547014383],[41.978920167450013,34.347982204684499],[41.978982604289449,34.347908474312781],[41.97916225222319,34.34800981650335]]]},"properties":{"OBJECTID":760,"Name":null,"اسم_المؤسس":null,"Shape_Length":59.999648958634424,"Shape_Area":199.97534936656064}},{"type":"Feature","id":761,"geometry":{"type":"Polygon","coordinates":[[[41.979365461786244,34.348396832308381],[41.979334241777309,34.348433698083547],[41.9792444171594,34.3483830262822],[41.979275634988753,34.348346159680922],[41.979365461786244,34.348396832308381]]]},"properties":{"OBJECTID":761,"Name":null,"اسم_المؤسس":null,"Shape_Length":30.000403627271314,"Shape_Area":49.995697080980904}},{"type":"Feature","id":762,"geometry":{"type":"Polygon","coordinates":[[[41.9792444171594,34.3483830262822],[41.979213197099696,34.348419892029028],[41.979123370327898,34.348369218385692],[41.979154590411603,34.348332352660478],[41.9792444171594,34.3483830262822]]]},"properties":{"OBJECTID":762,"Name":null,"اسم_المؤسس":null,"Shape_Length":30.000781151754165,"Shape_Area":49.996727968825667}},{"type":"Feature","id":763,"geometry":{"type":"Polygon","coordinates":[[[41.979868789036928,34.347645715916563],[41.979931225865961,34.347571985086766],[41.980021049892009,34.347622654611513],[41.979958613174787,34.347696387285772],[41.979868789036928,34.347645715916563]]]},"properties":{"OBJECTID":763,"Name":null,"اسم_المؤسس":null,"Shape_Length":40.000042297962707,"Shape_Area":99.988885236985112}},{"type":"Feature","id":764,"geometry":{"type":"Polygon","coordinates":[[[41.979896174210737,34.347770120886601],[41.979833739355463,34.34784385075222],[41.97974391406764,34.347793180223661],[41.979806352196562,34.347719449421291],[41.979896174210737,34.347770120886601]]]},"properties":{"OBJECTID":764,"Name":null,"اسم_المؤسس":null,"Shape_Length":39.999719758718214,"Shape_Area":99.987275746688709}},{"type":"Feature","id":765,"geometry":{"type":"Polygon","coordinates":[[[41.979771301263192,34.347917584272707],[41.979708863000113,34.347991315965018],[41.979619038638333,34.34794064352235],[41.979681475831697,34.347866910999088],[41.979771301263192,34.347917584272707]]]},"properties":{"OBJECTID":765,"Name":null,"اسم_المؤسس":null,"Shape_Length":40.000556470523364,"Shape_Area":99.991480359546159}},{"type":"Feature","id":766,"geometry":{"type":"Polygon","coordinates":[[[41.979958613174787,34.347696387285772],[41.979896174210737,34.347770120886601],[41.979806352196562,34.347719449421291],[41.979868789036928,34.347645715916563],[41.979958613174787,34.347696387285772]]]},"properties":{"OBJECTID":766,"Name":null,"اسم_المؤسس":null,"Shape_Length":40.00043772769839,"Shape_Area":99.990889108668711}},{"type":"Feature","id":767,"geometry":{"type":"Polygon","coordinates":[[[41.979833739355463,34.34784385075222],[41.979771301263192,34.347917584272707],[41.979681475831697,34.347866910999088],[41.97974391406764,34.347793180223661],[41.979833739355463,34.34784385075222]]]},"properties":{"OBJECTID":767,"Name":null,"اسم_المؤسس":null,"Shape_Length":40.000580042432496,"Shape_Area":99.991575579384374}},{"type":"Feature","id":768,"geometry":{"type":"Polygon","coordinates":[[[41.979778965036566,34.34759504537594],[41.979841401913589,34.347521314589336],[41.979931225865961,34.347571985086766],[41.979868789036928,34.347645715916563],[41.979778965036566,34.34759504537594]]]},"properties":{"OBJECTID":768,"Name":null,"اسم_المؤسس":null,"Shape_Length":39.999882078487325,"Shape_Area":99.988075228361112}},{"type":"Feature","id":769,"geometry":{"type":"Polygon","coordinates":[[[41.979868789036928,34.347645715916563],[41.979806352196562,34.347719449421291],[41.979716528084396,34.347668777036205],[41.979778965036566,34.34759504537594],[41.979868789036928,34.347645715916563]]]},"properties":{"OBJECTID":769,"Name":null,"اسم_المؤسس":null,"Shape_Length":40.000319802998447,"Shape_Area":99.990293799679989}},{"type":"Feature","id":770,"geometry":{"type":"Polygon","coordinates":[[[41.97974391406764,34.347793180223661],[41.979681475831697,34.347866910999088],[41.979591651687294,34.347816240328818],[41.979654088885404,34.34774250962306],[41.97974391406764,34.347793180223661]]]},"properties":{"OBJECTID":770,"Name":null,"اسم_المؤسس":null,"Shape_Length":40.000022934765781,"Shape_Area":99.988768980151775}},{"type":"Feature","id":771,"geometry":{"type":"Polygon","coordinates":[[[41.979806352196562,34.347719449421291],[41.97974391406764,34.347793180223661],[41.979654088885404,34.34774250962306],[41.979716528084396,34.347668777036205],[41.979806352196562,34.347719449421291]]]},"properties":{"OBJECTID":771,"Name":null,"اسم_المؤسس":null,"Shape_Length":40.000420148256737,"Shape_Area":99.990763975342588}},{"type":"Feature","id":772,"geometry":{"type":"Polygon","coordinates":[[[41.979681475831697,34.347866910999088],[41.979619038638333,34.34794064352235],[41.979529213296324,34.347889971034064],[41.979591651687294,34.347816240328818],[41.979681475831697,34.347866910999088]]]},"properties":{"OBJECTID":772,"Name":null,"اسم_المؤسس":null,"Shape_Length":40.000300435568278,"Shape_Area":99.990177534789836}},{"type":"Feature","id":773,"geometry":{"type":"Polygon","coordinates":[[[41.979209366935109,34.348581161885249],[41.979146928762695,34.34865489240795],[41.979057102883033,34.348604219602791],[41.979119539953821,34.348530487348505],[41.979209366935109,34.348581161885249]]]},"properties":{"OBJECTID":773,"Name":null,"اسم_المؤسس":null,"Shape_Length":40.000577297323602,"Shape_Area":99.99158928239153}},{"type":"Feature","id":774,"geometry":{"type":"Polygon","coordinates":[[[41.979022052128677,34.348802354273161],[41.978959614689138,34.348876083787971],[41.97886978540788,34.348825410932484],[41.97893222506714,34.348751681408004],[41.979022052128677,34.348802354273161]]]},"properties":{"OBJECTID":774,"Name":null,"اسم_المؤسس":null,"Shape_Length":40.000442434994682,"Shape_Area":99.990865543051342}},{"type":"Feature","id":775,"geometry":{"type":"Polygon","coordinates":[[[41.979146928762695,34.34865489240795],[41.97908449048326,34.348728622903721],[41.978994663501609,34.348677950982399],[41.979057102883033,34.348604219602791],[41.979146928762695,34.34865489240795]]]},"properties":{"OBJECTID":775,"Name":null,"اسم_المؤسس":null,"Shape_Length":40.000440969375489,"Shape_Area":99.990872895578093}},{"type":"Feature","id":776,"geometry":{"type":"Polygon","coordinates":[[[41.97908449048326,34.348728622903721],[41.979022052128677,34.348802354273161],[41.97893222506714,34.348751681408004],[41.978994663501609,34.348677950982399],[41.97908449048326,34.348728622903721]]]},"properties":{"OBJECTID":776,"Name":null,"اسم_المؤسس":null,"Shape_Length":40.000462116408912,"Shape_Area":99.990980231395412}},{"type":"Feature","id":777,"geometry":{"type":"Polygon","coordinates":[[[41.978959614689138,34.348876083787971],[41.978897176120469,34.348949815103509],[41.978807348931042,34.348899141251302],[41.97886978540788,34.348825410932484],[41.978959614689138,34.348876083787971]]]},"properties":{"OBJECTID":777,"Name":null,"اسم_المؤسس":null,"Shape_Length":40.000621696333852,"Shape_Area":99.991793436475206}},{"type":"Feature","id":778,"geometry":{"type":"Polygon","coordinates":[[[41.979119539953821,34.348530487348505],[41.979057102883033,34.348604219602791],[41.978967273819514,34.348553545904295],[41.979029713141905,34.348479814540951],[41.979119539953821,34.348530487348505]]]},"properties":{"OBJECTID":778,"Name":null,"اسم_المؤسس":null,"Shape_Length":40.000901622117638,"Shape_Area":99.993189909102966}},{"type":"Feature","id":779,"geometry":{"type":"Polygon","coordinates":[[[41.979057102883033,34.348604219602791],[41.978994663501609,34.348677950982399],[41.978904836529914,34.348627276287182],[41.978967273819514,34.348553545904295],[41.979057102883033,34.348604219602791]]]},"properties":{"OBJECTID":779,"Name":null,"اسم_المؤسس":null,"Shape_Length":40.000858686593865,"Shape_Area":99.992978409462211}},{"type":"Feature","id":780,"geometry":{"type":"Polygon","coordinates":[[[41.978994663501609,34.348677950982399],[41.97893222506714,34.348751681408004],[41.978842396961582,34.348701006696011],[41.978904836529914,34.348627276287182],[41.978994663501609,34.348677950982399]]]},"properties":{"OBJECTID":780,"Name":null,"اسم_المؤسس":null,"Shape_Length":40.000816071299802,"Shape_Area":99.992765333362883}},{"type":"Feature","id":781,"geometry":{"type":"Polygon","coordinates":[[[41.97893222506714,34.348751681408004],[41.97886978540788,34.348825410932484],[41.978779958403933,34.34877473795207],[41.978842396961582,34.348701006696011],[41.97893222506714,34.348751681408004]]]},"properties":{"OBJECTID":781,"Name":null,"اسم_المؤسس":null,"Shape_Length":40.000698788997965,"Shape_Area":99.992166794841324}},{"type":"Feature","id":782,"geometry":{"type":"Polygon","coordinates":[[[41.97886978540788,34.348825410932484],[41.978807348931042,34.348899141251302],[41.978717520729468,34.348848466452871],[41.978779958403933,34.34877473795207],[41.97886978540788,34.348825410932484]]]},"properties":{"OBJECTID":782,"Name":null,"اسم_المؤسس":null,"Shape_Length":40.000299153830071,"Shape_Area":99.990183877748251}},{"type":"Feature","id":783,"geometry":{"type":"Polygon","coordinates":[[[41.979271802765012,34.348507429587222],[41.979209366935109,34.348581161885249],[41.979119539953821,34.348530487348505],[41.979181978067203,34.348456756842047],[41.979271802765012,34.348507429587222]]]},"properties":{"OBJECTID":783,"Name":null,"اسم_المؤسس":null,"Shape_Length":40.000436448015698,"Shape_Area":99.990895529657479}},{"type":"Feature","id":784,"geometry":{"type":"Polygon","coordinates":[[[41.979181978067203,34.348456756842047],[41.979119539953821,34.348530487348505],[41.979029713141905,34.348479814540951],[41.979092151335166,34.348406084978329],[41.979181978067203,34.348456756842047]]]},"properties":{"OBJECTID":784,"Name":null,"اسم_المؤسس":null,"Shape_Length":40.000301898306141,"Shape_Area":99.990170202771424}},{"type":"Feature","id":785,"geometry":{"type":"Polygon","coordinates":[[[41.979708863000113,34.347991315965018],[41.979677650631288,34.348028174424194],[41.97964643197578,34.348065040240293],[41.979556607597893,34.348014368655015],[41.979587827331358,34.347977501933478],[41.979619038638333,34.34794064352235],[41.979708863000113,34.347991315965018]]]},"properties":{"OBJECTID":785,"Name":null,"اسم_المؤسس":null,"Shape_Length":39.998298335274505,"Shape_Area":99.979938505873122}},{"type":"Feature","id":786,"geometry":{"type":"Polygon","coordinates":[[[41.97964643197578,34.348065040240293],[41.979615213293513,34.348101906049635],[41.979525388891616,34.348051234442757],[41.979556607597893,34.348014368655015],[41.97964643197578,34.348065040240293]]]},"properties":{"OBJECTID":786,"Name":null,"اسم_المؤسس":null,"Shape_Length":30.000102873391086,"Shape_Area":49.994741892199485}},{"type":"Feature","id":787,"geometry":{"type":"Polygon","coordinates":[[[41.979459118394963,34.348286235021803],[41.979427898466298,34.348323100817176],[41.979338075006247,34.348272429054212],[41.979369291701367,34.348235563359779],[41.979459118394963,34.348286235021803]]]},"properties":{"OBJECTID":787,"Name":null,"اسم_المؤسس":null,"Shape_Length":30.00012402326432,"Shape_Area":49.994648952761437}},{"type":"Feature","id":788,"geometry":{"type":"Polygon","coordinates":[[[41.979583994616377,34.348138772752861],[41.979552776902658,34.348175636721066],[41.979462949227127,34.348124966050939],[41.979494169072744,34.348088100250216],[41.979583994616377,34.348138772752861]]]},"properties":{"OBJECTID":788,"Name":null,"اسم_المؤسس":null,"Shape_Length":30.000266660282701,"Shape_Area":49.99473295675319}},{"type":"Feature","id":789,"geometry":{"type":"Polygon","coordinates":[[[41.979521556000321,34.348212503463728],[41.979490337211026,34.348249369246126],[41.979400511595387,34.348198696678658],[41.979431730408692,34.348161830917853],[41.979521556000321,34.348212503463728]]]},"properties":{"OBJECTID":789,"Name":null,"اسم_المؤسس":null,"Shape_Length":30.000382158321976,"Shape_Area":49.995441711010706}},{"type":"Feature","id":790,"geometry":{"type":"Polygon","coordinates":[[[41.979396679628621,34.348359967479993],[41.979365461786244,34.348396832308381],[41.979275634988753,34.348346159680922],[41.979306856080775,34.348309293894182],[41.979396679628621,34.348359967479993]]]},"properties":{"OBJECTID":790,"Name":null,"اسم_المؤسس":null,"Shape_Length":30.000339548618793,"Shape_Area":49.995279281286614}},{"type":"Feature","id":791,"geometry":{"type":"Polygon","coordinates":[[[41.979334241777309,34.348433698083547],[41.979303022859355,34.348470564726163],[41.979213197099696,34.348419892029028],[41.9792444171594,34.3483830262822],[41.979334241777309,34.348433698083547]]]},"properties":{"OBJECTID":791,"Name":null,"اسم_المؤسس":null,"Shape_Length":30.000382481097713,"Shape_Area":49.995790026154097}},{"type":"Feature","id":792,"geometry":{"type":"Polygon","coordinates":[[[41.979303022859355,34.348470564726163],[41.979271802765012,34.348507429587222],[41.979181978067203,34.348456756842047],[41.979213197099696,34.348419892029028],[41.979303022859355,34.348470564726163]]]},"properties":{"OBJECTID":792,"Name":null,"اسم_المؤسس":null,"Shape_Length":30.000200794606634,"Shape_Area":49.994724632472142}},{"type":"Feature","id":793,"geometry":{"type":"Polygon","coordinates":[[[41.979615213293513,34.348101906049635],[41.979583994616377,34.348138772752861],[41.979494169072744,34.348088100250216],[41.979525388891616,34.348051234442757],[41.979615213293513,34.348101906049635]]]},"properties":{"OBJECTID":793,"Name":null,"اسم_المؤسس":null,"Shape_Length":30.000382479825049,"Shape_Area":49.995790020419008}},{"type":"Feature","id":794,"geometry":{"type":"Polygon","coordinates":[[[41.979552776902658,34.348175636721066],[41.979521556000321,34.348212503463728],[41.979431730408692,34.348161830917853],[41.979462949227127,34.348124966050939],[41.979552776902658,34.348175636721066]]]},"properties":{"OBJECTID":794,"Name":null,"اسم_المؤسس":null,"Shape_Length":30.000546587901635,"Shape_Area":49.996129409842432}},{"type":"Feature","id":795,"geometry":{"type":"Polygon","coordinates":[[[41.979490337211026,34.348249369246126],[41.979459118394963,34.348286235021803],[41.979369291701367,34.348235563359779],[41.979400511595387,34.348198696678658],[41.979490337211026,34.348249369246126]]]},"properties":{"OBJECTID":795,"Name":null,"اسم_المؤسس":null,"Shape_Length":30.000544480904722,"Shape_Area":49.996190574738563}},{"type":"Feature","id":796,"geometry":{"type":"Polygon","coordinates":[[[41.979427898466298,34.348323100817176],[41.979396679628621,34.348359967479993],[41.979306856080775,34.348309293894182],[41.979338075006247,34.348272429054212],[41.979427898466298,34.348323100817176]]]},"properties":{"OBJECTID":796,"Name":null,"اسم_المؤسس":null,"Shape_Length":30.000058157581041,"Shape_Area":49.994640607775594}},{"type":"Feature","id":797,"geometry":{"type":"Polygon","coordinates":[[[41.979619038638333,34.34794064352235],[41.979587827331358,34.347977501933478],[41.979556607597893,34.348014368655015],[41.979466782207865,34.347963696123543],[41.97949799982554,34.347926830377119],[41.979529213296324,34.347889971034064],[41.979619038638333,34.34794064352235]]]},"properties":{"OBJECTID":797,"Name":null,"اسم_المؤسس":null,"Shape_Length":39.99859909058484,"Shape_Area":99.982196491963833}},{"type":"Feature","id":798,"geometry":{"type":"Polygon","coordinates":[[[41.979525388891616,34.348051234442757],[41.979494169072744,34.348088100250216],[41.97940434363472,34.348037427675528],[41.97943556239175,34.348000561916123],[41.979525388891616,34.348051234442757]]]},"properties":{"OBJECTID":798,"Name":null,"اسم_المؤسس":null,"Shape_Length":30.000523011927083,"Shape_Area":49.995935195576394}},{"type":"Feature","id":799,"geometry":{"type":"Polygon","coordinates":[[[41.979462949227127,34.348124966050939],[41.979431730408692,34.348161830917853],[41.979341906008493,34.348111158273504],[41.979373123765086,34.348074293454637],[41.979462949227127,34.348124966050939]]]},"properties":{"OBJECTID":799,"Name":null,"اسم_المؤسس":null,"Shape_Length":30.000081085970713,"Shape_Area":49.99413820822501}},{"type":"Feature","id":800,"geometry":{"type":"Polygon","coordinates":[[[41.979400511595387,34.348198696678658],[41.979369291701367,34.348235563359779],[41.979279468307134,34.348184889745141],[41.97931068611723,34.348148024939753],[41.979400511595387,34.348198696678658]]]},"properties":{"OBJECTID":800,"Name":null,"اسم_المؤسس":null,"Shape_Length":30.000220158297484,"Shape_Area":49.995041157095159}},{"type":"Feature","id":801,"geometry":{"type":"Polygon","coordinates":[[[41.979213197099696,34.348419892029028],[41.979181978067203,34.348456756842047],[41.979092151335166,34.348406084978329],[41.979123370327898,34.348369218385692],[41.979213197099696,34.348419892029028]]]},"properties":{"OBJECTID":801,"Name":null,"اسم_المؤسس":null,"Shape_Length":30.000544161127085,"Shape_Area":49.995842260330278}},{"type":"Feature","id":802,"geometry":{"type":"Polygon","coordinates":[[[41.979369291701367,34.348235563359779],[41.979338075006247,34.348272429054212],[41.979248248330457,34.348221755497299],[41.979279468307134,34.348184889745141],[41.979369291701367,34.348235563359779]]]},"properties":{"OBJECTID":802,"Name":null,"اسم_المؤسس":null,"Shape_Length":30.00035859199884,"Shape_Area":49.995247481744684}},{"type":"Feature","id":803,"geometry":{"type":"Polygon","coordinates":[[[41.979338075006247,34.348272429054212],[41.979306856080775,34.348309293894182],[41.979217028295146,34.348258620342115],[41.979248248330457,34.348221755497299],[41.979338075006247,34.348272429054212]]]},"properties":{"OBJECTID":803,"Name":null,"اسم_المؤسس":null,"Shape_Length":30.000642080994869,"Shape_Area":49.995824990359615}},{"type":"Feature","id":804,"geometry":{"type":"Polygon","coordinates":[[[41.979275634988753,34.348346159680922],[41.9792444171594,34.3483830262822],[41.979154590411603,34.348332352660478],[41.979185809414588,34.348295487855587],[41.979275634988753,34.348346159680922]]]},"properties":{"OBJECTID":804,"Name":null,"اسم_المؤسس":null,"Shape_Length":30.000403306665838,"Shape_Area":49.995348766572633}},{"type":"Feature","id":805,"geometry":{"type":"Polygon","coordinates":[[[41.979556607597893,34.348014368655015],[41.979525388891616,34.348051234442757],[41.97943556239175,34.348000561916123],[41.979466782207865,34.347963696123543],[41.979556607597893,34.348014368655015]]]},"properties":{"OBJECTID":805,"Name":null,"اسم_المؤسس":null,"Shape_Length":30.00052301323889,"Shape_Area":49.995935200172383}},{"type":"Feature","id":806,"geometry":{"type":"Polygon","coordinates":[[[41.979494169072744,34.348088100250216],[41.979462949227127,34.348124966050939],[41.979373123765086,34.348074293454637],[41.97940434363472,34.348037427675528],[41.979494169072744,34.348088100250216]]]},"properties":{"OBJECTID":806,"Name":null,"اسم_المؤسس":null,"Shape_Length":30.000501865411465,"Shape_Area":49.996028135418499}},{"type":"Feature","id":807,"geometry":{"type":"Polygon","coordinates":[[[41.979431730408692,34.348161830917853],[41.979400511595387,34.348198696678658],[41.97931068611723,34.348148024939753],[41.979341906008493,34.348111158273504],[41.979431730408692,34.348161830917853]]]},"properties":{"OBJECTID":807,"Name":null,"اسم_المؤسس":null,"Shape_Length":30.000382479341098,"Shape_Area":49.995790020419008}},{"type":"Feature","id":808,"geometry":{"type":"Polygon","coordinates":[[[41.979306856080775,34.348309293894182],[41.979275634988753,34.348346159680922],[41.979185809414588,34.348295487855587],[41.979217028295146,34.348258620342115],[41.979306856080775,34.348309293894182]]]},"properties":{"OBJECTID":808,"Name":null,"اسم_المؤسس":null,"Shape_Length":30.000824088429631,"Shape_Area":49.997238713361995}},{"type":"Feature","id":812,"geometry":{"type":"Polygon","coordinates":[[[41.989477355751852,34.359525216300966],[41.989186427943778,34.35940334901882],[41.989268720635778,34.359271274258376],[41.98955964807643,34.359393141364556],[41.989477355751852,34.359525216300966]]]},"properties":{"OBJECTID":812,"Name":null,"اسم_المؤسس":null,"Shape_Length":92.999901213555944,"Shape_Area":494.97814322233228}},{"type":"Feature","id":813,"geometry":{"type":"Polygon","coordinates":[[[41.98955964807643,34.359393141364556],[41.989268720635778,34.359271274258376],[41.989351013080693,34.359139199453573],[41.989641940153902,34.359261066383787],[41.98955964807643,34.359393141364556]]]},"properties":{"OBJECTID":813,"Name":null,"اسم_المؤسس":null,"Shape_Length":92.999901216813711,"Shape_Area":494.97814327144602}},{"type":"Feature","id":814,"geometry":{"type":"Polygon","coordinates":[[[41.98964057016839,34.359263255096728],[41.989349643089099,34.3591413881636],[41.989431935291016,34.359009313315205],[41.9897228620029,34.359131180072382],[41.98964057016839,34.359263255096728]]]},"properties":{"OBJECTID":814,"Name":null,"اسم_المؤسس":null,"Shape_Length":92.999901214296415,"Shape_Area":494.97814323943578}},{"type":"Feature","id":815,"geometry":{"type":"Polygon","coordinates":[[[41.9897228620029,34.359131180072382],[41.989431935291016,34.359009313315205],[41.98951422724587,34.35887723842248],[41.989805153590318,34.35899910500369],[41.9897228620029,34.359131180072382]]]},"properties":{"OBJECTID":815,"Name":null,"اسم_المؤسس":null,"Shape_Length":92.999901214296415,"Shape_Area":494.97814323943578}},{"type":"Feature","id":816,"geometry":{"type":"Polygon","coordinates":[[[41.989805151674467,34.35899911226165],[41.989514225329977,34.358877245680425],[41.989596517037761,34.358745170743369],[41.989887443014808,34.358867037148642],[41.989805151674467,34.35899911226165]]]},"properties":{"OBJECTID":816,"Name":null,"اسم_المؤسس":null,"Shape_Length":92.999901213555944,"Shape_Area":494.97814322233228}},{"type":"Feature","id":817,"geometry":{"type":"Polygon","coordinates":[[[41.989887443014808,34.358867037148642],[41.989596517037761,34.358745170743369],[41.989678808498446,34.358613095761974],[41.989969734108072,34.358734961991274],[41.989887443014808,34.358867037148642]]]},"properties":{"OBJECTID":817,"Name":null,"اسم_المؤسس":null,"Shape_Length":92.999901214296415,"Shape_Area":494.97814323943578}},{"type":"Feature","id":818,"geometry":{"type":"Polygon","coordinates":[[[41.989968364138917,34.358737150707164],[41.989677438523195,34.358615284474936],[41.989759729740918,34.358483209449929],[41.990050654989204,34.358605075506226],[41.989968364138917,34.358737150707164]]]},"properties":{"OBJECTID":818,"Name":null,"اسم_المؤسس":null,"Shape_Length":92.999901214296415,"Shape_Area":494.97814323943578}},{"type":"Feature","id":819,"geometry":{"type":"Polygon","coordinates":[[[41.990050654989204,34.358605075506226],[41.989759729740918,34.358483209449929],[41.989842020711556,34.358351134380619],[41.990132945592428,34.358473000260929],[41.990050654989204,34.358605075506226]]]},"properties":{"OBJECTID":819,"Name":null,"اسم_المؤسس":null,"Shape_Length":92.999901214296415,"Shape_Area":494.97814323943578}},{"type":"Feature","id":820,"geometry":{"type":"Polygon","coordinates":[[[41.99013294243057,34.35847300304242],[41.989842017549698,34.358351137162074],[41.989924308273274,34.358219062048427],[41.990215232786724,34.358340927752799],[41.99013294243057,34.35847300304242]]]},"properties":{"OBJECTID":820,"Name":null,"اسم_المؤسس":null,"Shape_Length":92.999901214296415,"Shape_Area":494.97814323943578}},{"type":"Feature","id":821,"geometry":{"type":"Polygon","coordinates":[[[41.990215232786724,34.358340927752799],[41.989924308273274,34.358219062048427],[41.99000659874978,34.358086986890427],[41.990297522895808,34.358208852418869],[41.990215232786724,34.358340927752799]]]},"properties":{"OBJECTID":821,"Name":null,"اسم_المؤسس":null,"Shape_Length":92.999901214296415,"Shape_Area":494.97814323943578}},{"type":"Feature","id":823,"geometry":{"type":"Polygon","coordinates":[[[41.994076971804361,34.337073686583246],[41.987715002189113,34.345460875470792],[41.977628737862311,34.340917653251296],[41.980339203161982,34.336278511032788],[41.983674718031168,34.336277423175297],[41.9840649763606,34.336256218430783],[41.984454839150679,34.33622868282125],[41.984844203707368,34.336194823599882],[41.98523296746788,34.336154649685547],[41.985621028027673,34.336108171660491],[41.986008283167443,34.336055401767524],[41.986394630880035,34.335996353906793],[41.986779969397325,34.335931043632151],[41.98716419721702,34.335859488147015],[41.987547213129396,34.335781706299862],[41.987928916243959,34.335697718579276],[41.988309206016034,34.335607547108509],[41.988687982273206,34.335511215639706],[41.98906514524176,34.335408749547589],[41.989440595572923,34.335300175822844],[41.989814234369071,34.335185523064936],[41.989822287864257,34.335188447777028],[41.992233871736481,34.336257043667217],[41.994076971804361,34.337073686583246]]]},"properties":{"OBJECTID":823,"Name":null,"اسم_المؤسس":null,"Shape_Length":4061.0004633208609,"Shape_Area":1004524.6625312068}},{"type":"Feature","id":825,"geometry":{"type":"Polygon","coordinates":[[[41.994579979546778,34.357596151395803],[41.994328568863473,34.358007215270199],[41.994032468050356,34.357881520111249],[41.994283881017381,34.357470457656547],[41.994579979546778,34.357596151395803]]]},"properties":{"OBJECTID":825,"Name":null,"اسم_المؤسس":null,"Shape_Length":163.54781048694988,"Shape_Area":1566.2686637427064}},{"type":"Feature","id":826,"geometry":{"type":"Polygon","coordinates":[[[41.994328569949431,34.358007215243603],[41.994082841002921,34.358408983245688],[41.99378673796447,34.358283287579965],[41.994032468050356,34.357881520111249],[41.994328569949431,34.358007215243603]]]},"properties":{"OBJECTID":826,"Name":null,"اسم_المؤسس":null,"Shape_Length":161.23463504205927,"Shape_Area":1530.8602124902386}},{"type":"Feature","id":835,"geometry":{"type":"Polygon","coordinates":[[[41.994856280724051,34.35771343966551],[41.995132580465473,34.357830727321179],[41.994881171925719,34.358241791313354],[41.994604871128544,34.358124504049108],[41.994856280724051,34.35771343966551]]]},"properties":{"OBJECTID":835,"Name":null,"اسم_المؤسس":null,"Shape_Length":159.45282881866115,"Shape_Area":1461.5274479171374}},{"type":"Feature","id":836,"geometry":{"type":"Polygon","coordinates":[[[41.994604870042593,34.358124504075704],[41.994881171957786,34.35824179221396],[41.994635446191594,34.358643560284222],[41.994359143245241,34.358526272548879],[41.994604870042593,34.358124504075704]]]},"properties":{"OBJECTID":836,"Name":null,"اسم_المؤسس":null,"Shape_Length":157.1393819091648,"Shape_Area":1428.4820424071236}},{"type":"Feature","id":837,"geometry":{"type":"Polygon","coordinates":[[[41.994579979546778,34.357596151395803],[41.994856280724051,34.35771343966551],[41.994604871128544,34.358124504049108],[41.994328568863473,34.358007215270199],[41.994579979546778,34.357596151395803]]]},"properties":{"OBJECTID":837,"Name":null,"اسم_المؤسس":null,"Shape_Length":159.45331533019535,"Shape_Area":1461.5389076971492}},{"type":"Feature","id":838,"geometry":{"type":"Polygon","coordinates":[[[41.994328569949431,34.358007215243603],[41.994604870042593,34.358124504075704],[41.994359143245241,34.358526272548879],[41.994082841002921,34.358408983245688],[41.994328569949431,34.358007215243603]]]},"properties":{"OBJECTID":838,"Name":null,"اسم_المؤسس":null,"Shape_Length":157.13947810659221,"Shape_Area":1428.4829833700867}},{"type":"Feature","id":856,"geometry":{"type":"Polygon","coordinates":[[[41.990810693277879,34.357989282292799],[41.990653679959777,34.358245980614605],[41.990508345428175,34.358184840640263],[41.990665623146775,34.357927712375833],[41.990810693277879,34.357989282292799]]]},"properties":{"OBJECTID":856,"Name":"صناعي","اسم_المؤسس":" ","Shape_Length":93.946072840284558,"Shape_Area":479.59220544519468}},{"type":"Feature","id":867,"geometry":{"type":"Polygon","coordinates":[[[41.975097901664441,34.346540733430835],[41.97545223869394,34.346749334311085],[41.975356375165724,34.346866565215244],[41.975000845867143,34.346657262932304],[41.975097901664441,34.346540733430835]]]},"properties":{"OBJECTID":867,"Name":null,"اسم_المؤسس":null,"Shape_Length":111.5752731912373,"Shape_Area":629.77549880753895}},{"type":"Feature","id":868,"geometry":{"type":"Polygon","coordinates":[[[41.981323648892747,34.34639789800864],[41.98265708087655,34.347174658965933],[41.982157614342093,34.347764522794876],[41.980824176757004,34.346987755799788],[41.981323648892747,34.34639789800864]]]},"properties":{"OBJECTID":868,"Name":null,"اسم_المؤسس":null,"Shape_Length":459.99999526989723,"Shape_Area":12000.000853151385}},{"type":"Feature","id":869,"geometry":{"type":"Polygon","coordinates":[[[41.975671373259864,34.345086888324062],[41.975399699369405,34.345404500800029],[41.975108922168467,34.345234969771013],[41.975316152361358,34.344879929165621],[41.975671373259864,34.345086888324062]]]},"properties":{"OBJECTID":869,"Name":null,"اسم_المؤسس":null,"Shape_Length":159.68275962250794,"Shape_Area":1570.4694495365407}},{"type":"Feature","id":871,"geometry":{"type":"Polygon","coordinates":[[[41.975399699369405,34.345404500800029],[41.975666312358321,34.345559942380056],[41.97540264260271,34.345868194786711],[41.975136855604973,34.34571178699607],[41.975399699369405,34.345404500800029]]]},"properties":{"OBJECTID":871,"Name":null,"اسم_المؤسس":null,"Shape_Length":143.76452435780539,"Shape_Area":1256.4640738219832}},{"type":"Feature","id":872,"geometry":{"type":"Polygon","coordinates":[[[41.977804787417746,34.346329817104667],[41.978071470182556,34.346485181197565],[41.977799244313417,34.346803448661056],[41.977532623616455,34.346648012173418],[41.977804787417746,34.346329817104667]]]},"properties":{"OBJECTID":872,"Name":null,"اسم_المؤسس":null,"Shape_Length":146.6110429511929,"Shape_Area":1299.1578079509425}},{"type":"Feature","id":873,"geometry":{"type":"Polygon","coordinates":[[[41.977532623616455,34.346648012173418],[41.977799244313417,34.346803448661056],[41.977528965927455,34.347119438106212],[41.977263171192732,34.346963035380782],[41.977532623616455,34.346648012173418]]]},"properties":{"OBJECTID":873,"Name":null,"اسم_المؤسس":null,"Shape_Length":145.86897268042009,"Shape_Area":1288.0308501858051}},{"type":"Feature","id":874,"geometry":{"type":"Polygon","coordinates":[[[41.977538108937352,34.346174454096897],[41.977804787417746,34.346329817104667],[41.977532623616455,34.346648012173418],[41.977266006086509,34.346492575896946],[41.977538108937352,34.346174454096897]]]},"properties":{"OBJECTID":874,"Name":null,"اسم_المؤسس":null,"Shape_Length":146.5907626499866,"Shape_Area":1298.8497548991984}},{"type":"Feature","id":875,"geometry":{"type":"Polygon","coordinates":[[[41.977266006086509,34.346492575896946],[41.977532623616455,34.346648012173418],[41.977263171192732,34.346963035380782],[41.977149956591234,34.3468964149694],[41.976997378479133,34.346806631095106],[41.977266006086509,34.346492575896946]]]},"properties":{"OBJECTID":875,"Name":null,"اسم_المؤسس":null,"Shape_Length":145.60575226885067,"Shape_Area":1284.0809522415404}},{"type":"Feature","id":876,"geometry":{"type":"Polygon","coordinates":[[[41.977271429216671,34.346019089604539],[41.977538108937352,34.346174454096897],[41.977266006086509,34.346492575896946],[41.976999387316575,34.346337138136143],[41.977271429216671,34.346019089604539]]]},"properties":{"OBJECTID":876,"Name":null,"اسم_المؤسس":null,"Shape_Length":146.57148298026152,"Shape_Area":1298.5634707895631}},{"type":"Feature","id":877,"geometry":{"type":"Polygon","coordinates":[[[41.976999387316575,34.346337138136143],[41.977266006086509,34.346492575896946],[41.976997378479133,34.346806631095106],[41.976731586732654,34.346650226176273],[41.976999387316575,34.346337138136143]]]},"properties":{"OBJECTID":877,"Name":null,"اسم_المؤسس":null,"Shape_Length":145.342851521173,"Shape_Area":1280.1388898454877}},{"type":"Feature","id":878,"geometry":{"type":"Polygon","coordinates":[[[41.977004750427348,34.34586372357473],[41.977271429216671,34.346019089604539],[41.976999387316575,34.346337138136143],[41.97673277059598,34.346181699712346],[41.977004750427348,34.34586372357473]]]},"properties":{"OBJECTID":878,"Name":null,"اسم_المؤسس":null,"Shape_Length":146.55176253331894,"Shape_Area":1298.2675461388365}},{"type":"Feature","id":879,"geometry":{"type":"Polygon","coordinates":[[[41.97673277059598,34.346181699712346],[41.976999387316575,34.346337138136143],[41.976731586732654,34.346650226176273],[41.97646579598517,34.346493821524888],[41.97673277059598,34.346181699712346]]]},"properties":{"OBJECTID":879,"Name":null,"اسم_المؤسس":null,"Shape_Length":145.07968981422104,"Shape_Area":1276.1905888338013}},{"type":"Feature","id":880,"geometry":{"type":"Polygon","coordinates":[[[41.976738073718927,34.345708357782314],[41.977004750427348,34.34586372357473],[41.97673277059598,34.346181699712346],[41.976466154870735,34.346026261552623],[41.976738073718927,34.345708357782314]]]},"properties":{"OBJECTID":880,"Name":null,"اسم_المؤسس":null,"Shape_Length":146.53194231235634,"Shape_Area":1297.9689144388226}},{"type":"Feature","id":881,"geometry":{"type":"Polygon","coordinates":[[[41.976466154870735,34.346026261552623],[41.97673277059598,34.346181699712346],[41.97646579598517,34.346493821524888],[41.976200006172959,34.346337415339733],[41.976466154870735,34.346026261552623]]]},"properties":{"OBJECTID":881,"Name":null,"اسم_المؤسس":null,"Shape_Length":144.81664918190293,"Shape_Area":1272.2449774982399}},{"type":"Feature","id":882,"geometry":{"type":"Polygon","coordinates":[[[41.976471396887895,34.345552991379527],[41.976738073718927,34.345708357782314],[41.976466154870735,34.346026261552623],[41.976199538991324,34.345870821882166],[41.976471396887895,34.345552991379527]]]},"properties":{"OBJECTID":882,"Name":null,"اسم_المؤسس":null,"Shape_Length":146.51252241687217,"Shape_Area":1297.6790686383263}},{"type":"Feature","id":883,"geometry":{"type":"Polygon","coordinates":[[[41.976199538991324,34.345870821882166],[41.976466154870735,34.346026261552623],[41.976200006172959,34.346337415339733],[41.975934217359701,34.346181009422054],[41.976199538991324,34.345870821882166]]]},"properties":{"OBJECTID":883,"Name":null,"اسم_المؤسس":null,"Shape_Length":144.5536277090049,"Shape_Area":1268.3001527512447}},{"type":"Feature","id":884,"geometry":{"type":"Polygon","coordinates":[[[41.976204721020075,34.345397624339959],[41.976471396887895,34.345552991379527],[41.976199538991324,34.345870821882166],[41.975932925193078,34.34571538244937],[41.976204721020075,34.345397624339959]]]},"properties":{"OBJECTID":884,"Name":null,"اسم_المؤسس":null,"Shape_Length":146.4926822416771,"Shape_Area":1297.3805396481341}},{"type":"Feature","id":885,"geometry":{"type":"Polygon","coordinates":[[[41.975932925193078,34.34571538244937],[41.976199538991324,34.345870821882166],[41.975934217359701,34.346181009422054],[41.975668429513568,34.346024602871253],[41.975932925193078,34.34571538244937]]]},"properties":{"OBJECTID":885,"Name":null,"اسم_المؤسس":null,"Shape_Length":144.29046635283103,"Shape_Area":1264.3518833423702}},{"type":"Feature","id":886,"geometry":{"type":"Polygon","coordinates":[[[41.975938047233122,34.345242257537798],[41.976204721020075,34.345397624339959],[41.975932925193078,34.34571538244937],[41.975666312358321,34.345559942380056],[41.975938047233122,34.345242257537798]]]},"properties":{"OBJECTID":886,"Name":null,"اسم_المؤسس":null,"Shape_Length":146.4728420728986,"Shape_Area":1297.082012030231}},{"type":"Feature","id":887,"geometry":{"type":"Polygon","coordinates":[[[41.975666312358321,34.345559942380056],[41.975932925193078,34.34571538244937],[41.975668429513568,34.346024602871253],[41.97540264260271,34.345868194786711],[41.975666312358321,34.345559942380056]]]},"properties":{"OBJECTID":887,"Name":null,"اسم_المؤسس":null,"Shape_Length":144.02740577399499,"Shape_Area":1260.4063418384685}},{"type":"Feature","id":888,"geometry":{"type":"Polygon","coordinates":[[[41.975671373259864,34.345086888324062],[41.975938047233122,34.345242257537798],[41.975666312358321,34.345559942380056],[41.975399699369405,34.345404500800029],[41.975671373259864,34.345086888324062]]]},"properties":{"OBJECTID":888,"Name":null,"اسم_المؤسس":null,"Shape_Length":146.45354188325877,"Shape_Area":1296.7947667903061}},{"type":"Feature","id":889,"geometry":{"type":"Polygon","coordinates":[[[41.975399699369405,34.345404500800029],[41.975136855604973,34.34571178699607],[41.974908907158294,34.345577644107152],[41.975108922168467,34.345234969771013],[41.975399699369405,34.345404500800029]]]},"properties":{"OBJECTID":889,"Name":null,"اسم_المؤسس":null,"Shape_Length":142.52014995420569,"Shape_Area":1220.2045467461437}},{"type":"Feature","id":890,"geometry":{"type":"Polygon","coordinates":[[[41.980321216787488,34.347581722305989],[41.980824176757004,34.346987755799788],[41.982157614342093,34.347764522794876],[41.98265708087655,34.347174658965933],[41.985264577294693,34.348693510922949],[41.984334586815919,34.349919542899286],[41.980321216787488,34.347581722305989]]]},"properties":{"OBJECTID":890,"Name":null,"اسم_المؤسس":null,"Shape_Length":1216.0939248137222,"Shape_Area":59831.199872589452}},{"type":"Feature","id":899,"geometry":{"type":"Polygon","coordinates":[[[41.990653679959777,34.358245980614605],[41.99079901469306,34.358307120404483],[41.990646652023543,34.358556215348678],[41.990501315824694,34.358495074522445],[41.990653679959777,34.358245980614605]]]},"properties":{"OBJECTID":899,"Name":"صناعي","اسم_المؤسس":" ","Shape_Length":92.000048583675436,"Shape_Area":464.99960556162091}},{"type":"Feature","id":900,"geometry":{"type":"Polygon","coordinates":[[[41.991729488667367,34.358379224713254],[41.991922920848978,34.358461317517936],[41.991767925522637,34.358714720115969],[41.991574142639593,34.35863320082963],[41.991729488667367,34.358379224713254]]]},"properties":{"OBJECTID":900,"Name":"صناعي","اسم_المؤسس":" ","Shape_Length":103.14381777836252,"Shape_Area":631.43755170246004}},{"type":"Feature","id":901,"geometry":{"type":"Polygon","coordinates":[[[41.991574142639593,34.35863320082963],[41.991767925522637,34.358714720115969],[41.991615565138304,34.358963815241587],[41.991421781791807,34.35888229573883],[41.991574142639593,34.35863320082963]]]},"properties":{"OBJECTID":901,"Name":"صناعي","اسم_المؤسس":" ","Shape_Length":102.00006218317655,"Shape_Area":620.00092107352759}},{"type":"Feature","id":902,"geometry":{"type":"Polygon","coordinates":[[[41.991536056846449,34.358297131581566],[41.991729488667367,34.358379224713254],[41.991574142639593,34.35863320082963],[41.991380360115102,34.358551681215303],[41.991536056846449,34.358297131581566]]]},"properties":{"OBJECTID":902,"Name":"صناعي","اسم_المؤسس":" ","Shape_Length":103.2865636625788,"Shape_Area":632.86501250030085}},{"type":"Feature","id":903,"geometry":{"type":"Polygon","coordinates":[[[41.991380360115102,34.358551681215303],[41.991574142639593,34.35863320082963],[41.991421781791807,34.35888229573883],[41.991227998803865,34.358800775908122],[41.991380360115102,34.358551681215303]]]},"properties":{"OBJECTID":903,"Name":"صناعي","اسم_المؤسس":" ","Shape_Length":102.00006218481215,"Shape_Area":620.00092109887919}},{"type":"Feature","id":904,"geometry":{"type":"Polygon","coordinates":[[[41.991342626504199,34.358215038996939],[41.991536056846449,34.358297131581566],[41.991380360115102,34.358551681215303],[41.991186577949193,34.358470161273011],[41.991342626504199,34.358215038996939]]]},"properties":{"OBJECTID":904,"Name":"صناعي","اسم_المؤسس":" ","Shape_Length":103.42913378283487,"Shape_Area":634.28992489066263}},{"type":"Feature","id":905,"geometry":{"type":"Polygon","coordinates":[[[41.991186577949193,34.358470161273011],[41.991380360115102,34.358551681215303],[41.991227998803865,34.358800775908122],[41.991034216174512,34.358719255749399],[41.991186577949193,34.358470161273011]]]},"properties":{"OBJECTID":905,"Name":"صناعي","اسم_المؤسس":" ","Shape_Length":102.00006218317655,"Shape_Area":620.00092107352759}},{"type":"Feature","id":906,"geometry":{"type":"Polygon","coordinates":[[[41.991149195404667,34.358132945211302],[41.991342626504199,34.358215038996939],[41.991186577949193,34.358470161273011],[41.990992796141839,34.358388641002726],[41.991149195404667,34.358132945211302]]]},"properties":{"OBJECTID":906,"Name":"صناعي","اسم_المؤسس":" ","Shape_Length":103.57197550125636,"Shape_Area":635.71913959994481}},{"type":"Feature","id":907,"geometry":{"type":"Polygon","coordinates":[[[41.990992796141839,34.358388641002726],[41.991186577949193,34.358470161273011],[41.991034216174512,34.358719255749399],[41.990840433903728,34.358637735262732],[41.990992796141839,34.358388641002726]]]},"properties":{"OBJECTID":907,"Name":"صناعي","اسم_المؤسس":" ","Shape_Length":102.00006218317657,"Shape_Area":620.00092107352748}},{"type":"Feature","id":908,"geometry":{"type":"Polygon","coordinates":[[[41.990955764697837,34.358050851999273],[41.991149195404667,34.358132945211302],[41.990992796141839,34.358388641002726],[41.99079901469306,34.358307120404483],[41.990955764697837,34.358050851999273]]]},"properties":{"OBJECTID":908,"Name":"صناعي","اسم_المؤسس":" ","Shape_Length":103.71458541196455,"Shape_Area":637.14496095999118}},{"type":"Feature","id":909,"geometry":{"type":"Polygon","coordinates":[[[41.99079901469306,34.358307120404483],[41.990992796141839,34.358388641002726],[41.990840433903728,34.358637735262732],[41.990646652023543,34.358556215348678],[41.99079901469306,34.358307120404483]]]},"properties":{"OBJECTID":909,"Name":"صناعي","اسم_المؤسس":" ","Shape_Length":102.00010214613678,"Shape_Area":620.0010575358375}},{"type":"Feature","id":910,"geometry":{"type":"Polygon","coordinates":[[[41.990810693277879,34.357989282292799],[41.990955764697837,34.358050851999273],[41.99079901469306,34.358307120404483],[41.990653679959777,34.358245980614605],[41.990810693277879,34.357989282292799]]]},"properties":{"OBJECTID":910,"Name":"صناعي","اسم_المؤسس":" ","Shape_Length":93.83907319989035,"Shape_Area":478.79045962804895}},{"type":"Feature","id":911,"geometry":{"type":"Polygon","coordinates":[[[41.990653679959777,34.358245980614605],[41.990501315824694,34.358495074522445],[41.990355980945537,34.358433934385793],[41.990508345428175,34.358184840640263],[41.990653679959777,34.358245980614605]]]},"properties":{"OBJECTID":911,"Name":"صناعي","اسم_المؤسس":" ","Shape_Length":91.999872962263453,"Shape_Area":464.99720312307352}},{"type":"Feature","id":915,"geometry":{"type":"Polygon","coordinates":[[[41.993585750112395,34.358195258666747],[41.993589698880832,34.358199535555549],[41.993585621164492,34.358197804642082],[41.993585750112395,34.358195258666747]]]},"properties":{"OBJECTID":915,"Name":"صناعي","اسم_المؤسس":" ","Shape_Length":1.3023158897696421,"Shape_Area":0.054169284938717414}},{"type":"Feature","id":916,"geometry":{"type":"Polygon","coordinates":[[[41.990590320019642,34.355893606831323],[41.990928782157155,34.356037317592758],[41.990675304831136,34.356445921758819],[41.990336840288805,34.356302210393665],[41.990590320019642,34.355893606831323]]]},"properties":{"OBJECTID":916,"Name":"صناعي","اسم_المؤسس":" ","Shape_Length":172.00012653069791,"Shape_Area":1784.9990885234754}},{"type":"Feature","id":920,"geometry":{"type":"Polygon","coordinates":[[[41.990336840288805,34.356302210393665],[41.990675304831136,34.356445921758819],[41.990422415188128,34.356853573632236],[41.990084294711927,34.356709304247765],[41.990336840288805,34.356302210393665]]]},"properties":{"OBJECTID":920,"Name":"صناعي","اسم_المؤسس":" ","Shape_Length":171.69299829148264,"Shape_Area":1779.6265121239392}},{"type":"Feature","id":921,"geometry":{"type":"Polygon","coordinates":[[[41.991603753184677,34.356323906015021],[41.991942219716101,34.356467613752244],[41.991689724116284,34.356876635766902],[41.991351257348619,34.356732927375752],[41.991603753184677,34.356323906015021]]]},"properties":{"OBJECTID":921,"Name":"صناعي","اسم_المؤسس":" ","Shape_Length":171.99998987776351,"Shape_Area":1785.0002149914021}},{"type":"Feature","id":922,"geometry":{"type":"Polygon","coordinates":[[[41.991351257348619,34.356732927375752],[41.991689724116284,34.356876635766902],[41.991437226170667,34.357285657365011],[41.991098758080831,34.357141948346481],[41.991351257348619,34.356732927375752]]]},"properties":{"OBJECTID":922,"Name":"صناعي","اسم_المؤسس":" ","Shape_Length":171.99995041880334,"Shape_Area":1784.9988234036566}},{"type":"Feature","id":923,"geometry":{"type":"Polygon","coordinates":[[[41.991266684809382,34.356180789575433],[41.991603753184677,34.356323906015021],[41.991351257348619,34.356732927375752],[41.991013489112234,34.356589513710375],[41.991266684809382,34.356180789575433]]]},"properties":{"OBJECTID":923,"Name":"صناعي","اسم_المؤسس":" ","Shape_Length":171.7834706323616,"Shape_Area":1779.4780678477591}},{"type":"Feature","id":924,"geometry":{"type":"Polygon","coordinates":[[[41.991013489112234,34.356589513710375],[41.991351257348619,34.356732927375752],[41.991098758080831,34.357141948346481],[41.990760536740751,34.356997841116666],[41.991013489112234,34.356589513710375]]]},"properties":{"OBJECTID":924,"Name":"صناعي","اسم_المؤسس":" ","Shape_Length":171.8783949195402,"Shape_Area":1782.2948033571124}},{"type":"Feature","id":925,"geometry":{"type":"Polygon","coordinates":[[[41.990928782157155,34.356037317592758],[41.991266684809382,34.356180789575433],[41.991013489112234,34.356589513710375],[41.990675304831136,34.356445921758819],[41.990928782157155,34.356037317592758]]]},"properties":{"OBJECTID":925,"Name":"صناعي","اسم_المؤسس":" ","Shape_Length":171.91306110887439,"Shape_Area":1782.7803221611223}},{"type":"Feature","id":926,"geometry":{"type":"Polygon","coordinates":[[[41.990675304831136,34.356445921758819],[41.991013489112234,34.356589513710375],[41.990760536740751,34.356997841116666],[41.990422415188128,34.356853573632236],[41.990675304831136,34.356445921758819]]]},"properties":{"OBJECTID":926,"Name":"صناعي","اسم_المؤسس":" ","Shape_Length":171.80277490300463,"Shape_Area":1781.316469242548}},{"type":"Feature","id":927,"geometry":{"type":"Polygon","coordinates":[[[41.990590320019642,34.355893606831323],[41.990336840288805,34.356302210393665],[41.990062974107119,34.356186099555487],[41.990330218282715,34.355783283148824],[41.990590320019642,34.355893606831323]]]},"properties":{"OBJECTID":927,"Name":"صناعي","اسم_المؤسس":" ","Shape_Length":157.23078339869014,"Shape_Area":1407.7265475637137}},{"type":"Feature","id":928,"geometry":{"type":"Polygon","coordinates":[[[41.990084294711927,34.356709304247765],[41.989809059562511,34.356591983322296],[41.990062974107119,34.356186099555487],[41.990336840288805,34.356302210393665],[41.990084294711927,34.356709304247765]]]},"properties":{"OBJECTID":928,"Name":"صناعي","اسم_المؤسس":" ","Shape_Length":158.35791645378379,"Shape_Area":1442.0678440076993}},{"type":"Feature","id":930,"geometry":{"type":"Polygon","coordinates":[[[42.000320971618784,34.360162703224354],[42.000183221113666,34.360407676752025],[42.000183192460533,34.360407665736901],[41.999567781861856,34.36016967306648],[41.999705532791118,34.359924700177267],[42.000320971618784,34.360162703224354]]]},"properties":{"OBJECTID":930,"Name":null,"اسم_المؤسس":null,"Shape_Length":185.00634478633307,"Shape_Area":1875.1009432206351}},{"type":"Feature","id":932,"geometry":{"type":"Polygon","coordinates":[[[41.996774929630476,34.358791311810052],[41.996636983838293,34.359036536068501],[41.995827407235389,34.358723803026209],[41.995981544132135,34.35848445847023],[41.996774929630476,34.358791311810052]]]},"properties":{"OBJECTID":932,"Name":null,"اسم_المؤسس":null,"Shape_Length":222.93011179728299,"Shape_Area":2445.9598230687525}},{"type":"Feature","id":934,"geometry":{"type":"Polygon","coordinates":[[[41.999705532791118,34.359924700177267],[41.999567781861856,34.36016967306648],[41.998952404334737,34.359931688994571],[41.99909015789202,34.359686717591096],[41.999705532791118,34.359924700177267]]]},"properties":{"OBJECTID":934,"Name":null,"اسم_المؤسس":null,"Shape_Length":184.99413577636639,"Shape_Area":1874.9161494368454}},{"type":"Feature","id":937,"geometry":{"type":"Polygon","coordinates":[[[41.978179735310185,34.349634632591773],[41.978297015975279,34.349490648371408],[41.978301349807836,34.349485327379291],[41.978307869262139,34.349489004976995],[41.978397695686041,34.349539677400138],[41.978272816610655,34.349687142221036],[41.978179735310185,34.349634632591773]]]},"properties":{"OBJECTID":937,"Name":null,"اسم_المؤسس":null,"Shape_Length":61.086837441508642,"Shape_Area":210.86316447889195}},{"type":"Feature","id":940,"geometry":{"type":"Polygon","coordinates":[[[41.978089911071415,34.349583959954671],[41.978147468790787,34.349513296322471],[41.978211524614942,34.349434655753058],[41.978301349807836,34.349485327379291],[41.978297015975279,34.349490648371408],[41.978179735310185,34.349634632591773],[41.978089911071415,34.349583959954671]]]},"properties":{"OBJECTID":940,"Name":null,"اسم_المؤسس":null,"Shape_Length":59.995930917866019,"Shape_Area":199.97871262164529}},{"type":"Feature","id":943,"geometry":{"type":"Polygon","coordinates":[[[41.977913515412403,34.349484448942839],[41.978003340561543,34.349535122595626],[41.97787885292766,34.349682121396491],[41.977788830454216,34.349631678709073],[41.977913515412403,34.349484448942839]]]},"properties":{"OBJECTID":943,"Name":null,"اسم_المؤسس":null,"Shape_Length":59.906849095754197,"Shape_Area":199.51047673558267}},{"type":"Feature","id":944,"geometry":{"type":"Polygon","coordinates":[[[41.978003340561543,34.349535122595626],[41.97812821896661,34.349387661662945],[41.978211524614942,34.349434655753058],[41.978147468790787,34.349513296322471],[41.978089911071415,34.349583959954671],[41.978003340561543,34.349535122595626]]]},"properties":{"OBJECTID":944,"Name":null,"اسم_المؤسس":null,"Shape_Length":58.909827125072972,"Shape_Area":189.09781721567617}},{"type":"Feature","id":945,"geometry":{"type":"Polygon","coordinates":[[[41.978272816610655,34.349687142221036],[41.978148918744317,34.349833447276495],[41.97805888490506,34.349782999666679],[41.978179735310185,34.349634632591773],[41.978272816610655,34.349687142221036]]]},"properties":{"OBJECTID":945,"Name":null,"اسم_المؤسس":null,"Shape_Length":60.079908037758713,"Shape_Area":202.18134964355045}},{"type":"Feature","id":946,"geometry":{"type":"Polygon","coordinates":[[[41.978179735310185,34.349634632591773],[41.97805888490506,34.349782999666679],[41.977968868863719,34.349732560567737],[41.978089911071415,34.349583959954671],[41.978179735310185,34.349634632591773]]]},"properties":{"OBJECTID":946,"Name":null,"اسم_المؤسس":null,"Shape_Length":59.776141439978865,"Shape_Area":198.87993150775273}},{"type":"Feature","id":951,"geometry":{"type":"Polygon","coordinates":[[[41.998277826490437,34.359372558999432],[41.998140072058135,34.359617530469279],[41.997524672449643,34.359379527774045],[41.997662429477785,34.35913455688943],[41.998277826490437,34.359372558999432]]]},"properties":{"OBJECTID":951,"Name":null,"اسم_المؤسس":null,"Shape_Length":185.00026248711833,"Shape_Area":1875.0095022626865}},{"type":"Feature","id":952,"geometry":{"type":"Polygon","coordinates":[[[41.99889322788971,34.359610557792102],[41.998755474967325,34.359855529873769],[41.998140072058135,34.359617530469279],[41.998277826490437,34.359372558999432],[41.99889322788971,34.359610557792102]]]},"properties":{"OBJECTID":952,"Name":null,"اسم_المؤسس":null,"Shape_Length":185.00030690422977,"Shape_Area":1875.0094385127948}},{"type":"Feature","id":995,"geometry":{"type":"Polygon","coordinates":[[[41.995945265215063,34.361353501903146],[41.996104014875506,34.361414898678042],[41.997481662016156,34.361947694831166],[41.997116278881073,34.362597424627246],[41.996656220551962,34.363413098649879],[41.995193383100748,34.363029393957575],[41.995027271012972,34.362985821057435],[41.995945265215063,34.361353501903146]]]},"properties":{"OBJECTID":995,"Name":null,"اسم_المؤسس":null,"Shape_Length":692.69605684570695,"Shape_Area":29593.853981930024}},{"type":"Feature","id":996,"geometry":{"type":"Polygon","coordinates":[[[42.000394276352147,34.358699842914],[42.000577938091162,34.358373213797307],[42.001193367354936,34.358611212969812],[42.001009707629322,34.358937842902172],[42.000394276352147,34.358699842914]]]},"properties":{"OBJECTID":996,"Name":null,"اسم_المؤسس":null,"Shape_Length":205.00601188871713,"Shape_Area":2500.1193402320278}},{"type":"Feature","id":998,"geometry":{"type":"Polygon","coordinates":[[[41.999778909002472,34.358461863386509],[41.99996257275464,34.358135235085427],[42.000577938091162,34.358373213797307],[42.000394276352147,34.358699842914],[41.999778909002472,34.358461863386509]]]},"properties":{"OBJECTID":998,"Name":null,"اسم_المؤسس":null,"Shape_Length":204.99366862131257,"Shape_Area":2499.8724751064492}},{"type":"Feature","id":1000,"geometry":{"type":"Polygon","coordinates":[[[41.998351197016731,34.357909709808318],[41.998534865439353,34.357583083399604],[41.999150253975756,34.357821081608265],[41.998966587566208,34.358147708832675],[41.998351197016731,34.357909709808318]]]},"properties":{"OBJECTID":1000,"Name":null,"اسم_المؤسس":null,"Shape_Length":204.99992959825857,"Shape_Area":2499.9976945485032}},{"type":"Feature","id":1001,"geometry":{"type":"Polygon","coordinates":[[[41.998966587566208,34.358147708832675],[41.999150253975756,34.357821081608265],[41.999765645812452,34.358059076526303],[41.99958198141605,34.358385704566373],[41.998966587566208,34.358147708832675]]]},"properties":{"OBJECTID":1001,"Name":null,"اسم_المؤسس":null,"Shape_Length":204.99992959575769,"Shape_Area":2499.9976944797645}},{"type":"Feature","id":1002,"geometry":{"type":"Polygon","coordinates":[[[42.000210613261324,34.35902647181463],[42.000394276352147,34.358699842914],[42.001009707629322,34.358937842902172],[42.00082604655195,34.359264472618491],[42.000210613261324,34.35902647181463]]]},"properties":{"OBJECTID":1002,"Name":null,"اسم_المؤسس":null,"Shape_Length":205.00601188538892,"Shape_Area":2500.1193401280157}},{"type":"Feature","id":1004,"geometry":{"type":"Polygon","coordinates":[[[41.999595243898483,34.358788491471529],[41.999778909002472,34.358461863386509],[42.000394276352147,34.358699842914],[42.000210613261324,34.35902647181463],[41.999595243898483,34.358788491471529]]]},"properties":{"OBJECTID":1004,"Name":null,"اسم_المؤسس":null,"Shape_Length":204.99366862214936,"Shape_Area":2499.8724751325972}},{"type":"Feature","id":1006,"geometry":{"type":"Polygon","coordinates":[[[41.998167527242281,34.358236336000893],[41.998351197016731,34.357909709808318],[41.998966587566208,34.358147708832675],[41.998782919804839,34.358474335840967],[41.998167527242281,34.358236336000893]]]},"properties":{"OBJECTID":1006,"Name":null,"اسم_المؤسس":null,"Shape_Length":204.9999295940936,"Shape_Area":2499.9976944183472}},{"type":"Feature","id":1007,"geometry":{"type":"Polygon","coordinates":[[[41.998782919804839,34.358474335840967],[41.998966587566208,34.358147708832675],[41.99958198141605,34.358385704566373],[41.999398315667825,34.358712332390361],[41.998782919804839,34.358474335840967]]]},"properties":{"OBJECTID":1007,"Name":null,"اسم_المؤسس":null,"Shape_Length":204.99992959450725,"Shape_Area":2499.9976944500486}},{"type":"Feature","id":1008,"geometry":{"type":"Polygon","coordinates":[[[42.000026948818672,34.359353100499213],[42.000210613261324,34.35902647181463],[42.00082604655195,34.359264472618491],[42.000642384122756,34.35959110211877],[42.000026948818672,34.359353100499213]]]},"properties":{"OBJECTID":1008,"Name":null,"اسم_المؤسس":null,"Shape_Length":205.00601188996754,"Shape_Area":2500.1193402617437}},{"type":"Feature","id":1010,"geometry":{"type":"Polygon","coordinates":[[[41.999411577442665,34.359115119340458],[41.999595243898483,34.358788491471529],[42.000210613261324,34.35902647181463],[42.000026948818672,34.359353100499213],[41.999411577442665,34.359115119340458]]]},"properties":{"OBJECTID":1010,"Name":null,"اسم_المؤسس":null,"Shape_Length":204.99366862172621,"Shape_Area":2499.8724751381469}},{"type":"Feature","id":1012,"geometry":{"type":"Polygon","coordinates":[[[41.997983856115944,34.358562961977348],[41.998167527242281,34.358236336000893],[41.998782919804839,34.358474335840967],[41.998599250691605,34.358800962633154],[41.997983856115944,34.358562961977348]]]},"properties":{"OBJECTID":1012,"Name":null,"اسم_المؤسس":null,"Shape_Length":204.99992959825857,"Shape_Area":2499.9976945485032}},{"type":"Feature","id":1013,"geometry":{"type":"Polygon","coordinates":[[[41.998599250691605,34.358800962633154],[41.998782919804839,34.358474335840967],[41.999398315667825,34.358712332390361],[41.999214648567779,34.359038959998266],[41.998599250691605,34.358800962633154]]]},"properties":{"OBJECTID":1013,"Name":null,"اسم_المؤسس":null,"Shape_Length":204.99992959450725,"Shape_Area":2499.9976944500486}},{"type":"Feature","id":1014,"geometry":{"type":"Polygon","coordinates":[[[41.999843283024177,34.359679728967713],[42.000026948818672,34.359353100499213],[42.000642384122756,34.35959110211877],[42.000458720341733,34.359917731402994],[41.999843283024177,34.359679728967713]]]},"properties":{"OBJECTID":1014,"Name":null,"اسم_المؤسس":null,"Shape_Length":205.00601188913078,"Shape_Area":2500.1193402355934}},{"type":"Feature","id":1016,"geometry":{"type":"Polygon","coordinates":[[[41.999227909634975,34.359441746993284],[41.999411577442665,34.359115119340458],[42.000026948818672,34.359353100499213],[41.999843283024177,34.359679728967713],[41.999227909634975,34.359441746993284]]]},"properties":{"OBJECTID":1016,"Name":null,"اسم_المؤسس":null,"Shape_Length":204.99366862089892,"Shape_Area":2499.8724751028822}},{"type":"Feature","id":1018,"geometry":{"type":"Polygon","coordinates":[[[41.997800183637715,34.358889587737671],[41.997983856115944,34.358562961977348],[41.998599250691605,34.358800962633154],[41.998415580226471,34.359127589209216],[41.997800183637715,34.358889587737671]]]},"properties":{"OBJECTID":1018,"Name":null,"اسم_المؤسس":null,"Shape_Length":204.99992959450725,"Shape_Area":2499.9976944500486}},{"type":"Feature","id":1019,"geometry":{"type":"Polygon","coordinates":[[[41.998415580226471,34.359127589209216],[41.998599250691605,34.358800962633154],[41.999214648567779,34.359038959998266],[41.99903098011584,34.359365587390073],[41.998415580226471,34.359127589209216]]]},"properties":{"OBJECTID":1019,"Name":null,"اسم_المؤسس":null,"Shape_Length":204.99992959575772,"Shape_Area":2499.9976944797645}},{"type":"Feature","id":1026,"geometry":{"type":"Polygon","coordinates":[[[41.999705532791118,34.359924700177267],[41.999843283024177,34.359679728967713],[42.000458720341733,34.359917731402994],[42.000320971618784,34.360162703224354],[41.999705532791118,34.359924700177267]]]},"properties":{"OBJECTID":1026,"Name":null,"اسم_المؤسس":null,"Shape_Length":185.00603182942893,"Shape_Area":1875.0895050988338}},{"type":"Feature","id":1028,"geometry":{"type":"Polygon","coordinates":[[[41.99909015789202,34.359686717591096],[41.999227909634975,34.359441746993284],[41.999843283024177,34.359679728967713],[41.999705532791118,34.359924700177267],[41.99909015789202,34.359686717591096]]]},"properties":{"OBJECTID":1028,"Name":null,"اسم_المؤسس":null,"Shape_Length":184.99368856368849,"Shape_Area":1874.9043563174296}},{"type":"Feature","id":1030,"geometry":{"type":"Polygon","coordinates":[[[41.997662429477785,34.35913455688943],[41.997800183637715,34.358889587737671],[41.998415580226471,34.359127589209216],[41.998277826490437,34.359372558999432],[41.997662429477785,34.35913455688943]]]},"properties":{"OBJECTID":1030,"Name":null,"اسم_المؤسس":null,"Shape_Length":184.999815272516,"Shape_Area":1874.9955268424656}},{"type":"Feature","id":1031,"geometry":{"type":"Polygon","coordinates":[[[41.998277826490437,34.359372558999432],[41.998415580226471,34.359127589209216],[41.99903098011584,34.359365587390073],[41.99889322788971,34.359610557792102],[41.998277826490437,34.359372558999432]]]},"properties":{"OBJECTID":1031,"Name":null,"اسم_المؤسس":null,"Shape_Length":184.99994954021142,"Shape_Area":1874.9982708917655}},{"type":"Feature","id":1033,"geometry":{"type":"Polygon","coordinates":[[[41.997465503043976,34.359058395521373],[41.997327745532679,34.359303366210199],[41.996636983838293,34.359036536068501],[41.996774929630476,34.358791311810052],[41.997465503043976,34.359058395521373]]]},"properties":{"OBJECTID":1033,"Name":null,"اسم_المؤسس":null,"Shape_Length":200.30764983218984,"Shape_Area":2105.2813025083697}},{"type":"Feature","id":1034,"geometry":{"type":"Polygon","coordinates":[[[41.996750383920975,34.357290582453231],[41.99695476210394,34.35697321286802],[41.997647318159963,34.357240443930664],[41.997463886643153,34.357566539579111],[41.996750383920975,34.357290582453231]]]},"properties":{"OBJECTID":1034,"Name":null,"اسم_المؤسس":null,"Shape_Length":222.64483585720512,"Shape_Area":2848.7395815671489}},{"type":"Feature","id":1035,"geometry":{"type":"Polygon","coordinates":[[[41.997463886643153,34.357566539579111],[41.997647318159963,34.357240443930664],[41.998337942065355,34.357506923271487],[41.998154272998583,34.357833549419176],[41.997463886643153,34.357566539579111]]]},"properties":{"OBJECTID":1035,"Name":null,"اسم_المؤسس":null,"Shape_Length":220.16689117426466,"Shape_Area":2802.3934013658909}},{"type":"Feature","id":1036,"geometry":{"type":"Polygon","coordinates":[[[41.996545361596915,34.357608950022424],[41.996750383920975,34.357290582453231],[41.997463886643153,34.357566539579111],[41.997280166564302,34.357893145926624],[41.996545361596915,34.357608950022424]]]},"properties":{"OBJECTID":1036,"Name":null,"اسم_المؤسس":null,"Shape_Length":227.15271559631765,"Shape_Area":2941.8780263988301}},{"type":"Feature","id":1037,"geometry":{"type":"Polygon","coordinates":[[[41.997280166564302,34.357893145926624],[41.997463886643153,34.357566539579111],[41.998154272998583,34.357833549419176],[41.997970602579947,34.358160175350712],[41.997280166564302,34.357893145926624]]]},"properties":{"OBJECTID":1037,"Name":null,"اسم_المؤسس":null,"Shape_Length":220.23909616171926,"Shape_Area":2804.780207305861}},{"type":"Feature","id":1038,"geometry":{"type":"Polygon","coordinates":[[[41.996340337785263,34.357927317314875],[41.996545361596915,34.357608950022424],[41.997280166564302,34.357893145926624],[41.997096445133231,34.358219752057835],[41.996340337785263,34.357927317314875]]]},"properties":{"OBJECTID":1038,"Name":null,"اسم_المؤسس":null,"Shape_Length":231.47924978809201,"Shape_Area":3028.4085507279228}},{"type":"Feature","id":1039,"geometry":{"type":"Polygon","coordinates":[[[41.997096445133231,34.358219752057835],[41.997280166564302,34.357893145926624],[41.997970602579947,34.358160175350712],[41.997786930809447,34.358486801066128],[41.997096445133231,34.358219752057835]]]},"properties":{"OBJECTID":1039,"Name":null,"اسم_المؤسس":null,"Shape_Length":220.24875615355089,"Shape_Area":2804.9734069508645}},{"type":"Feature","id":1040,"geometry":{"type":"Polygon","coordinates":[[[41.996135313571955,34.358245684303995],[41.996340337785263,34.357927317314875],[41.997096445133231,34.358219752057835],[41.99691272234994,34.358546357972763],[41.996135313571955,34.358245684303995]]]},"properties":{"OBJECTID":1040,"Name":null,"اسم_المؤسس":null,"Shape_Length":235.8056449474567,"Shape_Area":3114.9355635617458}},{"type":"Feature","id":1041,"geometry":{"type":"Polygon","coordinates":[[[41.99691272234994,34.358546357972763],[41.997096445133231,34.358219752057835],[41.997786930809447,34.358486801066128],[41.997603257687025,34.358813426565405],[41.99691272234994,34.358546357972763]]]},"properties":{"OBJECTID":1041,"Name":null,"اسم_المؤسس":null,"Shape_Length":220.25841614791551,"Shape_Area":2805.1666066709572}},{"type":"Feature","id":1042,"geometry":{"type":"Polygon","coordinates":[[[41.995981544132135,34.35848445847023],[41.996135313571955,34.358245684303995],[41.99691272234994,34.358546357972763],[41.996774929630476,34.358791311810052],[41.995981544132135,34.35848445847023]]]},"properties":{"OBJECTID":1042,"Name":null,"اسم_المؤسس":null,"Shape_Length":219.57650573424306,"Shape_Area":2392.9806553680323}},{"type":"Feature","id":1043,"geometry":{"type":"Polygon","coordinates":[[[41.996774929630476,34.358791311810052],[41.99691272234994,34.358546357972763],[41.997603257687025,34.358813426565405],[41.997465503043976,34.359058395521373],[41.996774929630476,34.358791311810052]]]},"properties":{"OBJECTID":1043,"Name":null,"اسم_المؤسس":null,"Shape_Length":200.26688559269692,"Shape_Area":2103.9995485800891}},{"type":"Feature","id":1045,"geometry":{"type":"Polygon","coordinates":[[[41.997116278881073,34.362597424627246],[41.996657393481023,34.363413406126831],[41.996656220551962,34.363413098649879],[41.997116278881073,34.362597424627246]]]},"properties":{"OBJECTID":1045,"Name":null,"اسم_المؤسس":null,"Shape_Length":199.98565908460097,"Shape_Area":5.6091200398516321}},{"type":"Feature","id":1047,"geometry":{"type":"Polygon","coordinates":[[[41.994764105790239,34.362387928870803],[41.994504912194294,34.362848798962915],[41.994295966718113,34.362793989712642],[41.994087022543958,34.362739179163121],[41.994370239929943,34.362235597102739],[41.994567172691049,34.362311763155247],[41.994764105790239,34.362387928870803]]]},"properties":{"OBJECTID":1047,"Name":null,"اسم_المؤسس":null,"Shape_Length":198.45317191738678,"Shape_Area":2362.2558193776949}},{"type":"Feature","id":1050,"geometry":{"type":"Polygon","coordinates":[[[41.994534074181018,34.361304792290632],[41.994763686576498,34.360896514252858],[41.995256009059041,34.361086926733769],[41.995026398676607,34.361495205587531],[41.994534074181018,34.361304792290632]]]},"properties":{"OBJECTID":1050,"Name":null,"اسم_المؤسس":null,"Shape_Length":199.99988940458701,"Shape_Area":2499.9972351099468}},{"type":"Feature","id":1051,"geometry":{"type":"Polygon","coordinates":[[[41.995026398708681,34.361495206488136],[41.995256009059041,34.361086926733769],[41.995748334772493,34.361277337982649],[41.995518726435243,34.361685618553018],[41.995026398708681,34.361495206488136]]]},"properties":{"OBJECTID":1051,"Name":null,"اسم_المؤسس":null,"Shape_Length":200.00033661627509,"Shape_Area":2500.0084154109545}},{"type":"Feature","id":1052,"geometry":{"type":"Polygon","coordinates":[[[41.994304459672605,34.361713069990437],[41.994399710792727,34.361543704241306],[41.994534074181018,34.361304792290632],[41.995026398676607,34.361495205587531],[41.994796786181269,34.361903484103372],[41.994304459672605,34.361713069990437]]]},"properties":{"OBJECTID":1052,"Name":null,"اسم_المؤسس":null,"Shape_Length":199.99988940458965,"Shape_Area":2499.9974349446397}},{"type":"Feature","id":1053,"geometry":{"type":"Polygon","coordinates":[[[41.99479678729935,34.361903484977383],[41.995026398708681,34.361495206488136],[41.995518726435243,34.361685618553018],[41.995289117006976,34.362093896957639],[41.99479678729935,34.361903484977383]]]},"properties":{"OBJECTID":1053,"Name":null,"اسم_المؤسس":null,"Shape_Length":199.99993382097963,"Shape_Area":2499.9983455221409}},{"type":"Feature","id":1054,"geometry":{"type":"Polygon","coordinates":[[[41.994074843051223,34.362121347352279],[41.994304459672605,34.361713069990437],[41.994796786181269,34.361903484103372],[41.994567171572974,34.362311762281237],[41.994074843051223,34.362121347352279]]]},"properties":{"OBJECTID":1054,"Name":null,"اسم_المؤسس":null,"Shape_Length":199.99988940375025,"Shape_Area":2499.9972350890275}},{"type":"Feature","id":1055,"geometry":{"type":"Polygon","coordinates":[[[41.994567172691049,34.362311763155247],[41.99479678729935,34.361903484977383],[41.995289117006976,34.362093896957639],[41.995059504443901,34.362502176852161],[41.994567172691049,34.362311763155247]]]},"properties":{"OBJECTID":1055,"Name":null,"اسم_المؤسس":null,"Shape_Length":200.00020235146883,"Shape_Area":2500.0050587866563}},{"type":"Feature","id":1056,"geometry":{"type":"Polygon","coordinates":[[[41.994370239929943,34.362235597102739],[41.994087022543958,34.362739179163121],[41.993773606779918,34.362656963541831],[41.994074843051223,34.362121347352279],[41.994370239929943,34.362235597102739]]]},"properties":{"OBJECTID":1056,"Name":null,"اسم_المؤسس":null,"Shape_Length":187.52178476828925,"Shape_Area":1908.9951504442479}},{"type":"Feature","id":1057,"geometry":{"type":"Polygon","coordinates":[[[41.994764105790239,34.362387928870803],[41.995059504443901,34.362502176852161],[41.994818328174681,34.362931012657512],[41.994504912194294,34.362848798962915],[41.994764105790239,34.362387928870803]]]},"properties":{"OBJECTID":1057,"Name":null,"اسم_المؤسس":null,"Shape_Length":169.21365786471128,"Shape_Area":1634.3722697831188}},{"type":"Feature","id":1058,"geometry":{"type":"Polygon","coordinates":[[[41.990581979591603,34.357124305956695],[41.99088951301534,34.357255521581919],[41.99037233235056,34.358088783473576],[41.990066148910913,34.357957789610992],[41.990581979591603,34.357124305956695]]]},"properties":{"OBJECTID":1058,"Name":null,"اسم_المؤسس":null,"Shape_Length":271.53960217769315,"Shape_Area":3304.2593609960331}},{"type":"Feature","id":1059,"geometry":{"type":"Polygon","coordinates":[[[41.976163258102169,34.346535732218904],[41.975787957307958,34.346978724331748],[41.975752518301135,34.346957869121731],[41.976127148587331,34.34651548925001],[41.976163258102169,34.346535732218904]]]},"properties":{"OBJECTID":1059,"Name":null,"اسم_المؤسس":null,"Shape_Length":128.10318808758058,"Shape_Area":240.52797685085955}},{"type":"Feature","id":1060,"geometry":{"type":"Polygon","coordinates":[[[41.975663076724643,34.347126181175881],[41.975413317690389,34.34742109896451],[41.975377878605308,34.347400244552659],[41.975627637681129,34.347105325931715],[41.975663076724643,34.347126181175881]]]},"properties":{"OBJECTID":1060,"Name":null,"اسم_المؤسس":null,"Shape_Length":88.000107724295361,"Shape_Area":160.0001137527417}},{"type":"Feature","id":1061,"geometry":{"type":"Polygon","coordinates":[[[41.975288930482158,34.347567976475489],[41.974914286881585,34.348010351590389],[41.974878359691296,34.347990081295599],[41.975253001235338,34.347547706337231],[41.975288930482158,34.347567976475489]]]},"properties":{"OBJECTID":1061,"Name":"صناعي","اسم_المؤسس":null,"Shape_Length":127.99973864540257,"Shape_Area":239.9717358669966}},{"type":"Feature","id":1062,"geometry":{"type":"Polygon","coordinates":[]},"properties":{"OBJECTID":1062,"Name":"صناعي","اسم_المؤسس":null,"Shape_Length":0,"Shape_Area":0}}]}